id,imdb_id,title,tagline,overview,poster_path,backdrop_path,release_date,vote_average,vote_count,genres,budget,revenue,runtime,rating_band
121856,tt2094766,Assassin's Creed,Your destiny is in your blood.,"Through a technology that unlocks the genetic memories of his ancestor in 15th century Spain, Callum Lynch discovers he is a descendant of an ancient line of Assassins and amasses lethal skills to take on the oppressive Templar Order.",/kDXewoEcvbn0pUvJ8W3vfkuWgHw.jpg,/e29oMyfzzlWbhRlCBrzmZhlsw2m.jpg,2016-12-21,5.433,8075,"['Action', 'Adventure', 'Science Fiction']",125000000,240700000,116,low
44912,tt1133985,Green Lantern,In brightest day. In blackest night.,"For centuries, a small but powerful force of warriors called the Green Lantern Corps has sworn to keep intergalactic order. Each Green Lantern wears a ring that grants him superpowers. But when a new enemy called Parallax threatens to destroy the balance of power in the Universe, their fate and the fate of Earth lie in the hands of the first human ever recruited.",/fj21HwUprqjjwTdkKC1XZurRSpV.jpg,/tS3ByIQR6V61DaWhEIFbLSuLK5Q.jpg,2011-06-14,5.181,7603,"['Adventure', 'Action', 'Thriller', 'Science Fiction']",200000000,219851172,114,low
76757,tt1617661,Jupiter Ascending,Expand your universe.,"In a universe where human genetic material is the most precious commodity, an impoverished young Earth woman becomes the key to strategic maneuvers and internal strife within a powerful dynasty…",/2NCcAZ3M3F0FxENYmammBknwpVn.jpg,/w4hk4QG05nDuSgimpa7XAM6OyPX.jpg,2015-02-04,5.46,7057,"['Science Fiction', 'Fantasy', 'Action']",176000000,184000000,127,low
82700,tt1815862,After Earth,"Danger is real, fear is a choice.","One thousand years after cataclysmic events forced humanity's escape from Earth, Nova Prime has become mankind's new home. Legendary General Cypher Raige returns from an extended tour of duty to his estranged family, ready to be a father to his 13-year-old son, Kitai. When an asteroid storm damages Cypher and Kitai's craft, they crash-land on a now unfamiliar and dangerous Earth. As his father lies dying in the cockpit, Kitai must trek across the hostile terrain to recover their rescue beacon. His whole life, Kitai has wanted nothing more than to be a soldier like his father. Today, he gets his chance.",/iXMvYIlzzJBs352CfeiQcBvovZt.jpg,/pfCp6OmgJW9YzqPRhCD7ItFSicb.jpg,2013-05-30,5.176,6827,"['Science Fiction', 'Action', 'Adventure']",130000000,243843127,100,low
43074,tt1289401,Ghostbusters,Answer the call.,"Following a ghost invasion of Manhattan, paranormal enthusiasts Erin Gilbert and Abby Yates, nuclear engineer Jillian Holtzmann, and subway worker Patty Tolan band together to stop the otherworldly threat.",/wJmWliwXIgZOCCVOcGRBhce7xPS.jpg,/3RWsSQlqzRjsuqSRmoyggy74UA7.jpg,2016-07-14,5.346,6748,"['Action', 'Fantasy', 'Comedy']",144000000,229147509,117,low
47964,tt1606378,A Good Day to Die Hard,Yippee Ki-Yay Mother Russia.,"Iconoclastic, take-no-prisoners cop John McClane, finds himself for the first time on foreign soil after traveling to Moscow to help his wayward son Jack - unaware that Jack is really a highly-trained CIA operative out to stop a nuclear weapons heist. With the Russian underworld in pursuit, and battling a countdown to war, the two McClanes discover that their opposing methods make them unstoppable heroes.",/qJ0csDXAVFMsNn0cRcjy6W6PxAK.jpg,/wFUkS5cnMf3I8ysIPWzIXpTsuR7.jpg,2013-02-06,5.334,6712,"['Action', 'Thriller']",92000000,304654182,98,low
47933,tt1628841,Independence Day: Resurgence,We had twenty years to prepare. So did they.,"We always knew they were coming back. Using recovered alien technology, the nations of Earth have collaborated on an immense defense program to protect the planet. But nothing can prepare us for the aliens’ advanced and unprecedented force. Only the ingenuity of a few brave men and women can bring our world back from the brink of extinction.",/9S50foUIYGwiNPWOxi1WJF6IPwI.jpg,/auT0H5fFUnPKjHNj0OkQMkxdbl2.jpg,2016-06-22,5.355,6404,"['Action', 'Adventure', 'Science Fiction']",165000000,389681935,120,low
9480,tt0287978,Daredevil,"When the streets have gone to Hell, have faith in the devil.",A man blinded in a childhood accident fights crime using his superhumanly-elevated remaining senses.,/oCDBwSkntYamuw8VJIxMRCtDBmi.jpg,/e7jIX02GiSwsgkU5lMpeKjwq2Zc.jpg,2003-02-14,5.291,5419,"['Fantasy', 'Action']",78000000,179179718,103,low
10196,tt0938283,The Last Airbender,"Four nations, one destiny.","A century has passed since the Fire Nation declared war on the other three nations of air, water, and earth in its attempt for global domination. Aang, the long-lost Avatar, is found by Water Tribe siblings Katara and Sokka and must learn to master water, earth, and fire bending to defeat the Fire Nation and restore balance to the world.",/kl9JJ8288bNsY8oqT1SpQh1w2mb.jpg,/gU5cR9LKtDD8YvzE7T7GvmzCEAA.jpg,2010-06-30,4.646,4230,"['Action', 'Adventure', 'Fantasy']",150000000,319713881,103,low
225886,tt1956620,Sex Tape,A movie about a movie they don't want you to see.,"When Jay and Annie first got together, their romantic connection was intense – but ten years and two kids later, the flame of their love needs a spark.  To kick things up a notch, they decide – why not? – to make a video of themselves trying out every position in The Joy of Sex in one marathon three-hour session.  It seems like a great idea – until they discover that their most private video is no longer private.  With their reputations on the line, they know they’re just one click away from being laid bare to the world... but as their race to reclaim their video leads to a night they'll never forget, they'll find that their video will expose even more than they bargained for.",/pFdS7SIdjcrYXtf141dabWVly9B.jpg,/nFCUBRDF4C6RWopNo0nAfvMA6mm.jpg,2014-07-17,5.408,4201,['Comedy'],40000000,126069509,94,low
301337,tt1389072,Downsizing,We are meant for something bigger.,A kindly occupational therapist undergoes a new procedure to be shrunken to four inches tall so that he and his wife can help save the planet and afford a nice lifestyle at the same time.,/5bNzInSSAXfr0MFlHfb4IoQePVx.jpg,/rtr0l61RxLPkmZHbZj0WFlGx5G5.jpg,2017-12-22,5.399,4074,"['Drama', 'Science Fiction', 'Comedy']",68000000,55003890,135,low
71676,tt1071875,Ghost Rider: Spirit of Vengeance,He rides again.,"When the devil resurfaces with aims to take over the world in human form, Johnny Blaze reluctantly comes out of hiding to transform into the flame-spewing supernatural hero Ghost Rider -- and rescue a 10-year-old boy from an unsavory end.",/fDtIZXLNreDHk3mOskJYABrQNOQ.jpg,/z7qtrSn5iZrwKFE1sYPr597HweG.jpg,2011-12-10,5.01,4027,"['Action', 'Fantasy', 'Thriller']",57000000,132563930,95,low
122081,tt2101441,Spring Breakers,A little sun can bring out your dark side.,"After four college girls rob a restaurant to fund their spring break in Florida, they get entangled with a weird dude with his own criminal agenda.",/9tyPnyEkL44qbAliM9jMRWc6bjg.jpg,/4jOyGoVluNVNRxDDcxsF5IPGgYl.jpg,2013-03-06,5.254,4007,"['Drama', 'Crime']",5000000,32016127,94,low
8645,tt0949731,The Happening,We've sensed it. We've seen the signs. Now...it's happening.,"When a deadly airborne virus threatens to wipe out the northeastern United States, teacher Elliot Moore and his wife Alma flee from contaminated cities into the countryside in a fight to discover the truth. Is it terrorism, the accidental release of some toxic military bio weapon -- or something even more sinister?",/fP4nBrtmc0teSDDHzYmDE7TLQBT.jpg,/6moXpp6y1EZ6pfnSxnKFMrbFnWv.jpg,2008-06-11,5.395,3910,"['Thriller', 'Science Fiction']",60000000,163403799,90,low
314,tt0327554,Catwoman,You can’t CATch her.,"Liquidated after discovering a corporate conspiracy, mild-mannered graphic artist Patience Phillips washes up on an island, where she's resurrected and endowed with the prowess of a cat — and she's eager to use her new skills... as a vigilante. Before you can say ""cat and mouse"", handsome gumshoe Tom Lone is on her tail, fascinated by both of her personas.",/pvnPgukFyEKgCzyOxyLiwyZ8T1C.jpg,/wbwHIbOAAYHqhsaFFsFQV62Wr6.jpg,2004-07-22,4.617,3552,"['Action', 'Fantasy', 'Crime']",100000000,82102379,104,low
4257,tt0362120,Scary Movie 4,Bury the grudge. Burn the village. See the saw.,"Cindy finds out the house she lives in is haunted by a little boy and goes on a quest to find out who killed him and why. Also, Alien ""Tr-iPods"" are invading the world and she has to uncover the secret in order to stop them.",/sEqFdw1wLtY94RKCSPolsHWzn6r.jpg,/uFcFomOJbRHGsPId6U4Xcdacvt1.jpg,2006-04-12,5.486,3540,['Comedy'],40000000,178710620,83,low
263472,tt3605418,Knock Knock,One night can cost you everything.,"When a devoted husband and father is left home alone for the weekend, two stranded young women unexpectedly knock on his door for help. What starts out as a kind gesture results in a dangerous seduction and a deadly game of cat and mouse.",/cUC4rUb1Cs2KMaZ6RD4uYUEEwls.jpg,/9DclZBBDxMrbcqNS81Pjz8opZTW.jpg,2015-06-26,5.385,3455,"['Horror', 'Thriller']",10000000,6341684,99,low
2486,tt0449010,Eragon,"As darkness falls, the last dragon will choose its rider.","In his homeland of Alagaesia, a farm boy happens upon a dragon's egg -- a discovery that leads him on a predestined journey where he realized he's the one person who can defend his home against an evil king.",/mNu6QLUnKqPIjRA3pgEb5dkJye6.jpg,/2GB3sdsWn3drlkwGMMNQ3KFNbIV.jpg,2006-12-14,5.124,3425,"['Fantasy', 'Action', 'Adventure', 'Family']",100000000,250425512,104,low
378236,tt4877122,The Emoji Movie,An adventure beyond words.,"Gene, a multi-expressional emoji, sets out on a journey to become a normal emoji.",/60bTx5z9zL1AqCjZ0gmWoRMJ6Bb.jpg,/kTrgxhRSj2sun89bDbnGCPBiey6.jpg,2017-07-23,5.4,3297,"['Animation', 'Family', 'Comedy']",50000000,216909830,86,low
440,tt0758730,Aliens vs Predator: Requiem,On Earth everyone can hear you scream.,"After a horrifying PredAlien crash-lands near a small Colorado town, killing everyone it encounters and producing countless Alien offspring, a lone Predator arrives to ""clean up"" the infestation.",/5iTwPDNtvK6ZZF607BHBbU3HO0B.jpg,/jXntuh47VtKLeoyBQ268rv24Igw.jpg,2007-12-25,5.181,3277,"['Action', 'Science Fiction', 'Thriller', 'Horror']",40000000,130290885,94,low
9471,tt0305357,Charlie's Angels: Full Throttle,This summer the Angels are back.,"The Angels are charged with finding a pair of missing rings that are encoded with the personal information of members of the Witness Protection Program. As informants are killed, the ladies target a rogue agent who might be responsible.",/n4cdJ0Wqxb7C0HmZbcaC4eYnkIf.jpg,/rS3QJdsCPyhhQ0mJEr8VirNmOMm.jpg,2003-06-25,5.484,3263,"['Action', 'Adventure', 'Comedy']",120000000,259175788,106,low
7840,tt0443649,"10,000 BC",The legend. The battle. The first hero.,A prehistoric epic that follows a young mammoth hunter's journey through uncharted territory to secure the future of his tribe.,/9I7gV6wRbGnbfI3XOKjHeLMjYEo.jpg,/jdmRey22HOSyfL44PbYYImZUk3L.jpg,2008-03-04,5.498,3142,"['Adventure', 'Action', 'Drama', 'Fantasy']",105000000,269784201,109,low
96936,tt2132285,The Bling Ring,"Living the dream, one heist at a time.","Inspired by actual events, a group of fame-obsessed teenagers use the Internet to track celebrities' whereabouts in order to rob their homes.",/6yh55qCcdgPRJweDWM2CiEubJCL.jpg,/ouN0GyE7mtIT6wyJeilaggyvgNj.jpg,2013-06-12,5.4,3132,"['Drama', 'Crime']",15000000,19145732,90,low
4258,tt0795461,Scary Movie 5,Evil is coming. Bring protection.,"Home with their newly-formed family, happy parents Dan and Jody are haunted by sinister, paranormal activities. Determined to expel the insidious force, they install security cameras and discover their family is being stalked by an evil dead demon.",/vBqLLxE6GaAPhO6v9EFvFbLZ7Ap.jpg,/2eW8VlLXjUq4OKk8SYf5KTr91Kv.jpg,2013-04-11,4.791,2993,['Comedy'],20000000,78613981,88,low
889737,tt11315808,Joker: Folie à Deux,The world is a stage.,"While struggling with his dual identity, Arthur Fleck not only stumbles upon true love, but also finds the music that's always been inside him.",/aciP8Km0waTLXEYf5ybFK5CSUxl.jpg,/AVWlQpVhpudyFsSh3OQIieHHYf.jpg,2024-10-01,5.4,2867,"['Drama', 'Crime', 'Thriller']",190000000,207500287,138,low
535581,tt8695030,The Dead Don't Die,The greatest zombie cast ever disassembled.,"In the sleepy town of Centerville, the lives of a number of interconnected characters are disrupted by the undead.",/ndvOjo7Nfk8ULnFLMXthPzhI62L.jpg,/cXyfAViYly0Lk2CVpEKgYbt9wKQ.jpg,2019-05-15,5.43,2825,"['Comedy', 'Horror']",11000000,15325468,104,low
242512,tt1204977,Ouija,Keep telling yourself it's just a game.,A group of friends must confront their most terrifying fears when they awaken the dark powers of an ancient spirit board.,/gwjHlGjK2xXKpjd65BWyAMwzTWC.jpg,/fsuA3wUYixjLeE97CyyPGdPoQF3.jpg,2014-10-24,5.134,2764,['Horror'],5000000,103600000,89,low
14560,tt1114740,Paul Blart: Mall Cop,Safety Never Takes A Holiday.,"When a shopping mall is taken over by a gang of organized crooks, it's up to a mild-mannered security guard to save the day.",/A4zZv0Q1VKURFZFEl2vwjaE2q0g.jpg,/quShFVPwIOYKTEdQh8VB1xwSdTe.jpg,2009-01-15,5.446,2701,"['Action', 'Adventure', 'Comedy', 'Family']",26000000,183293131,91,low
9947,tt0357277,Elektra,Looks CAN kill.,"Elektra the warrior survives a near-death experience, becomes an assassin-for-hire, and tries to protect her two latest targets, a single father and his young daughter, from a group of supernatural assassins.",/gC6s6NKHneSrOKyQZnUMb443RKU.jpg,/rLMQvYhl6DU6QZVNcJTbs87gVPs.jpg,2005-01-13,5.047,2634,"['Action', 'Fantasy', 'Adventure']",43000000,56681566,97,low
14564,tt0498381,Rings,First you watch it. Then you die.,"Julia becomes worried about her boyfriend Holt when he explores the dark urban legend of a mysterious videotape said to kill the watcher seven days after viewing. She sacrifices herself to save her boyfriend and in doing so makes a horrifying discovery: there is a ""movie within the movie"" that no one has ever seen before.",/yp4CDOVpVmNwiPoZKQeFCpW8CFo.jpg,/a4r8xcRwTgKIUKdWtxFXyxTZLeN.jpg,2017-02-01,5.015,2595,['Horror'],25000000,83080890,102,low
634492,tt11057302,Madame Web,Her web connects them all.,"Forced to confront revelations about her past, paramedic Cassandra Webb forges a relationship with three young women destined for powerful futures...if they can all survive a deadly present.",/rULWuutDcN5NvtiZi4FRPzRYWSh.jpg,/pwGmXVKUgKN13psUjlhC9zBcq1o.jpg,2024-02-14,5.301,2527,"['Action', 'Fantasy']",80000000,100498764,117,low
38745,tt1320261,Gulliver's Travels,Black is the new big.,"Travel writer Lemuel Gulliver takes an assignment in Bermuda, but ends up on the island of Liliput, where he towers over its tiny citizens.",/6NoEtuTwZ04luk5H2DpT5ivW7Mg.jpg,/1EnX8qIJUYv6mG0Asub6Om8158z.jpg,2010-12-23,5.215,2526,"['Family', 'Comedy', 'Adventure', 'Fantasy']",112000000,237382724,85,low
87818,tt1333125,Movie 43,The biggest cast ever assembled for the most outrageous comedy ever made.,"A series of interconnected short films are the backdrop for a maniac screenwriter who pitches insane storylines featuring some of Hollywood's biggest and brightest.  In some countries, like the United Kingdom and the Netherlands, the structure differs. Instead of a pitch, the films are connected by a group of three teenagers searching for the most banned film in the world, Movie 43, which will ultimately lead to the destruction of civilization.",/uYa06GxHsCsELx9vOQ11vsT0Aa6.jpg,/9bOjEovR9cdiFUYwZY7fyfNGWyL.jpg,2013-01-24,4.648,2482,['Comedy'],6000000,32443111,98,low
8814,tt0419706,Doom,No one gets out alive.,"A team of space marines known as the Rapid Response Tactical Squad, led by Sarge, is sent to a science facility on Mars after somebody reports a security breach. There, they learn that the alert came after a test subject, a mass murderer purposefully injected with alien DNA, broke free and began killing people. Dr. Grimm, who is related to team member Reaper, informs them all that the chromosome can mutate humans into monsters -- and is highly infectious.",/y50lH061yWOvEstoZRn7lYs0huk.jpg,/9EpgaLS44zlXoTSAOhGiJmkIA4B.jpg,2005-10-20,5.187,2409,"['Action', 'Horror', 'Science Fiction']",60000000,58100000,105,low
243688,tt1029360,Poltergeist,They know what scares you.,"A family's suburban home is invaded by angry spirits. When the terrifying apparitions escalate their attacks and take the youngest daughter, the family must come together to rescue her.",/jBXupXZ7WEPUpkYFpkQsdipwBQn.jpg,/cuih9Rn2y72KhGkJYSmmkw1Y597.jpg,2015-05-20,5.223,2377,['Horror'],35000000,95682614,93,low
43593,tt0464154,Piranha 3D,There's something in the water.,"Each year the population of sleepy Lake Victoria, Arizona explodes from 5,000 to 50,000 residents for the annual Spring Break celebration. But then, an earthquake opens an underwater chasm, releasing an enormous swarm of ancient Piranha that have been dormant for thousands of years, now with a taste for human flesh. This year, there's something more to worry about than the usual hangovers and complaints from locals, a new type of terror is about to be cut loose on Lake Victoria.",/lMLS2OFBbNYMSB1ZbVp4q2S4zTU.jpg,/AF0PiDItegyUtlBGDMGlSQbtro.jpg,2010-08-20,5.42,2373,"['Comedy', 'Horror']",24000000,83188165,88,low
329833,tt1608290,Zoolander 2,Long time no Z.,Derek and Hansel are modelling again when an opposing company attempts to take them out from the business.,/n8AJzALlTPBwe9Tkv3tdxbiAr9i.jpg,/4ANhwN1jr5EGwHS0M13AH5Fs3NH.jpg,2016-02-06,4.925,2366,"['Comedy', 'Adventure', 'Action']",50000000,56722693,100,low
372343,tt1758810,The Snowman,"Soon the first snow will fall, and the hunt for a killer begins.",Detective Harry Hole investigates the disappearance of a woman whose pink scarf is found wrapped around an ominous looking snowman.,/mKsQ8KMOk0VBX26Ev0Lj6EmfGJu.jpg,/rfBUlspOpxPavxrhkhvzlBlwfD8.jpg,2017-08-24,5.221,2359,"['Crime', 'Thriller', 'Mystery', 'Horror']",35000000,43203413,119,low
37169,tt1467304,The Human Centipede (First Sequence),Their flesh is his fantasy.,"During a stopover in Germany in the middle of a carefree road trip through Europe, two American girls find themselves alone at night when their car breaks down in the woods. Searching for help at a nearby villa, they are wooed into the clutches of a deranged retired surgeon, who has a very disturbed vision.",/gMtjxIkEi0hnTV5lPHbgeZ4ZpUZ.jpg,/wubUakLEAAnKeXmuTks5insTKQx.jpg,2009-10-31,5.184,2359,['Horror'],2000000,252207,91,low
12279,tt0338459,Spy Kids 3-D: Game Over,3rd Mission. 3rd Dimension.,"Carmen's caught in a virtual reality game designed by the Kids' new nemesis, the Toymaker. It's up to Juni to save his sister, and ultimately the world.",/buA8dN4zLNr0dYBeKfHfMnEfdLE.jpg,/bmuTrxbPcr1nKCsV5YWWJi73PGR.jpg,2003-07-25,5.143,2352,"['Family', 'Action', 'Comedy', 'Adventure', 'Science Fiction']",38000000,197101678,84,low
13051,tt0467197,Max Payne,"When a man has lost everything, he only has revenge.","A DEA agent whose family was slain as part of a conspiracy, and an assassin out to avenge her sister's death, join forces to solve a series of murders in New York City.",/3cWnCG5NyXJYARO2hmNqfbbgrMA.jpg,/8tXo6o4cYzFxKYZPEKamWhkvN7x.jpg,2008-10-15,5.406,2242,"['Crime', 'Action', 'Drama']",35000000,85416905,100,low
8274,tt0436058,American Pie Presents: Band Camp,This one time at band camp...,"Everyone has 'moved on', except for Sherman and Jim Levenstein's still understanding father. Little Matt Stiffler wants to join his older brother Steve's business and, after everything Matt has heard from Jim's band-geek wife, he plans to go back to band camp and make a video of his own.",/6BgKeWEGROpWwEWvpw7vwfTCr9C.jpg,/TWchvpMO36QZTIiNjFBm4MYsmQ.jpg,2005-11-23,5.462,2213,['Comedy'],7000000,0,94,low
8275,tt0808146,American Pie Presents: The Naked Mile,The most outrageous slice of pie!,"When Erik Stifler realizes that he's the only Stifler family member who might graduate high school a virgin, he decides to live up to his legacy. After some well-meaning advice from Jim's dad, Erik's ready to take his chances at the annual and infamous Naked Mile race, where his devoted friends and some uninhibited sorority girls will create the most outrageous weekend ever.",/6CPJVJrqVjibP5Uub8yCg4FKtJi.jpg,/9IUZw1blAscYnyFi5vEFlHVXAWr.jpg,2006-12-13,5.492,2172,['Comedy'],0,0,97,low
241251,tt3181822,The Boy Next Door,A Moment She Couldn't Resist. An Obsession He Can't Control.,"A recently cheated on married woman falls for a younger man who has moved in next door, but their torrid affair soon takes a dangerous turn.",/gicmSeLG6Uh7BF1r1mxZHUQ8r26.jpg,/96iXwJibeNW9RGEa58zYa0SQV6m.jpg,2015-01-23,4.925,2107,['Thriller'],4000000,52425855,91,low
23023,tt0808510,Tooth Fairy,You can't handle the tooth.,"When minor-league hockey player Derek Thompson -- who has a penchant for knocking out his opponents' teeth every time he plays -- disillusions a fan, he is sentenced to a stint for one week as a bona fide, tutu-clad, real-life tooth fairy. Soon, Derek is inspired to rekindle his youthful dreams.",/cRZvw3bPomtucIUtMHZ3qPIYtYs.jpg,/dfeCwxegv4rting4xftkHxmIdyu.jpg,2010-01-14,5.477,2090,"['Comedy', 'Family', 'Fantasy']",48000000,112462508,101,low
100241,tt1418377,"I, Frankenstein","In the battle between good and evil, an immortal holds the key","200 years after his shocking creation, Dr. Frankenstein's creature, Adam, still walks the earth. But when he finds himself in the middle of a war over the fate of humanity, Adam discovers he holds the key that could destroy humankind.",/a53tIl4k20zCZCNyq73kiXkwWkl.jpg,/9ywnF6JCB7RqmZ5OPzoe67LfTv2.jpg,2014-01-22,5.376,2042,"['Horror', 'Thriller']",65000000,76801179,92,low
475210,tt5246700,How It Ends,No one survives alone,A desperate father tries to return home to his pregnant wife after a mysterious apocalyptic event turns everything to chaos.,/prdFM08mGvVDA6uQxKJh8n8Vek1.jpg,/27RtdnNXPVC5SKDLVjmpijFgyx3.jpg,2018-07-13,5.28,2029,"['Science Fiction', 'Thriller', 'Mystery', 'Action', 'Adventure']",20000000,0,113,low
351211,tt1540011,Blair Witch,There's something evil hiding in the woods.,Students on a camping trip discover something sinister is lurking beyond the trees.,/Ai73frMEz68bibFGRlPKdWBaIaq.jpg,/vFktlnv1cEKeyCuSLd02DVNUoRC.jpg,2016-09-15,5.2,2028,"['Thriller', 'Horror']",5000000,45172994,89,low
82990,tt2109184,Paranormal Activity 4,All the activity has led to this...,"It has been five years since the disappearance of Katie and Hunter, and a suburban family witness strange events in their neighborhood when a woman and a mysterious child move in.",/na5tAslm1kGNcft083AIXMTOsYR.jpg,/iIXEKq51MS8SfVLUX1p6ofwFFQU.jpg,2012-10-17,5.407,2017,['Horror'],5000000,142802657,87,low
17610,tt1045778,Year One,Meet your ancestors.,"When a couple of lazy hunter-gatherers are banished from their primitive village, they set off on an epic journey through the ancient world.",/qF573jdJYwtCbXVXPDn4xu8nW2a.jpg,/21RU5YYiLk3UVF9lRhf2fs1tRUK.jpg,2009-06-18,4.986,2008,"['Comedy', 'Adventure']",60000000,62357900,97,low
11679,tt0329774,xXx: State of the Union,Prepare for the next level.,Darius Stone's criminal record and extreme sports obsession make him the perfect candidate to be the newest XXX agent. He must save the U.S. government from a deadly conspiracy led by five-star general and Secretary of Defense George Deckert.,/nL9J0N3HJSdZTKRsd5xcE6IzL5s.jpg,/tQIYqsulr3GwgsFbQ3jKKW8SX4V.jpg,2005-04-27,5.089,2009,"['Action', 'Adventure', 'Crime', 'Thriller']",60000000,71410636,101,low
19585,tt0436339,G-Force,The world needs bigger heroes,"A team of trained secret agent animals, guinea pigs Darwin, Hurley, Juarez, Blaster, mole Speckles, and fly Mooch takes on a mission for the US government to stop evil Leonard Saber, who plans to destroy the world with household appliances. But the government shuts them down and they are sentenced to a pet shop. Can they escape to defeat the villain and save the world?",/9Tly3ZXTTsQKM26fis8v9LR4GxG.jpg,/xgic8uEqzzhc0YimHGsWSQWMduE.jpg,2009-07-24,5.485,1992,"['Family', 'Fantasy', 'Action', 'Adventure', 'Comedy']",150000000,292817841,88,low
11918,tt0426592,Superhero Movie,The greatest Superhero movie of all time! (not counting all the others),"Rick Riker is a nerdy teen imbued with superpowers by a radioactive dragonfly. And because every hero needs a nemesis, enter Lou Landers, aka the villainously goofy Hourglass.",/4MtvQdh5VP7jMSydhggp1P80FMj.jpg,/iA5yYNAclwXWGe46T7gatzGYcRu.jpg,2008-03-28,5.282,1991,"['Comedy', 'Action', 'Science Fiction']",35000000,71571300,82,low
463684,tt7043012,Velvet Buzzsaw,All Art Is Dangerous,"Big money artists and mega-collectors pay a high price when art collides with commerce. After a series of paintings by an unknown artist are discovered, a supernatural force enacts revenge on those who have allowed their greed to get in the way of art.",/3rViQPcrWthMNecp5XnkKev6BzW.jpg,/u0jOKULZyFhnN47jAhclmPw5MGl.jpg,2019-02-01,5.4,1990,"['Thriller', 'Mystery', 'Horror']",21000000,0,112,low
37430,tt0816462,Conan the Barbarian,Enter an age undreamed of,"A quest that begins as a personal vendetta for the fierce Cimmerian warrior soon turns into an epic battle against hulking rivals, horrific monsters, and impossible odds, as Conan realizes he is the only hope of saving the great nations of Hyboria from an encroaching reign of supernatural evil.",/sSMjZmOtqzlRTYSUFPmIXTV4rhh.jpg,/6B5bTuZEyLrAYNG1IX1GeBQZP11.jpg,2011-08-17,5.3,1988,"['Adventure', 'Fantasy', 'Action']",90000000,63523283,113,low
109091,tt2193215,The Counselor,Sin is a choice.,A lawyer finds himself in far over his head when he attempts to get involved in drug trafficking.,/aNiLkGnzVb5CorZHKk16w9S4COt.jpg,/mJaIjahqXpWtDVMMLQr81yRNniG.jpg,2013-10-25,5.29,1975,"['Thriller', 'Crime', 'Drama']",25000000,71009334,117,low
326,tt0417148,Snakes on a Plane,Sit back. Relax. Enjoy the fright.,"FBI agent Neville Flynn boards a flight from Honolulu, Hawaii to Los Angeles, escorting a key witness to testify against a mob boss at an upcoming trial. An on-board assassin releases a crate full of hundreds of deadly venomous snakes in an attempt to eliminate the witness. Flynn and a host of frightened passengers and crew must band together to survive the slithery threat.",/i0ynvZ89tV1t8MAL9FmeQELfXH0.jpg,/wxGhAD63EM7N2YIQw9bktgQR8QM.jpg,2006-08-17,5.483,1947,"['Action', 'Thriller', 'Adventure', 'Crime', 'Horror']",33000000,62022014,105,low
407451,tt1620680,A Wrinkle in Time,Be a warrior,"After the disappearance of her scientist father, three peculiar beings send Meg, her brother, and her friend to space in order to find him.",/yAcb58vipewa1BfNit2RjE6boXA.jpg,/mx6zzr2H34fXMsBmL2it8NsmKF1.jpg,2018-03-08,5.1,1851,"['Adventure', 'Science Fiction', 'Family', 'Fantasy']",103000000,132675864,109,low
329440,tt3387542,The Forest,Everyone comes here looking for a way out,"Set in the Aokigahara Forest, a real-life place in Japan where people go to end their lives. Against this backdrop, a young American woman comes in search of her twin sister, who has mysteriously disappeared.",/1TohqCqMbaiuRLJPrPW0vnQP3lE.jpg,/c6GGumaw3bvhX15NXK30heuCnaC.jpg,2016-01-07,5.226,1839,"['Horror', 'Thriller', 'Mystery']",10000000,37608299,93,low
26123,tt1407050,American Pie Presents: The Book of Love,It's the hottest slice yet!,"Ten years after the first American Pie movie, three new hapless virgins discover the Bible hidden in the school library at East Great Falls High. Unfortunately for them, the book is ruined, and with incomplete advice, the Bible leads them on a hilarious journey to lose their virginity.",/hwP0GEP0zy8ar965Xaht19SmMd3.jpg,/vVpPX97LFI19u56tgEP5eObqgBx.jpg,2009-12-02,5.251,1823,['Comedy'],8000000,5021219,93,low
76617,tt1572315,Texas Chainsaw 3D,Resurrecting The Saw.,"A young woman learns that she has inherited a Texas estate from her deceased grandmother. After embarking on a road trip with friends to uncover her roots, she finds she is the sole owner of a lavish, isolated Victorian mansion. But her newfound wealth comes at a price as she stumbles upon a horror that awaits her in the mansion’s dank cellars.",/qaPvvHP1kKlQaUAXQZQAWitqBOT.jpg,/w5T2Avx3FCyqhzHxzQPeIli91BJ.jpg,2013-01-03,5.481,1801,"['Horror', 'Thriller']",20000000,47340586,92,low
10588,tt0312528,The Cat in the Hat,Don't mess with the hat.,"During a rainy day, and while their mother is out, Conrad and Sally, and their pet fish, are visited by the mischievous Cat in the Hat. Fun soon turns to mayhem, and the siblings must figure out how to rid themselves of the maniacal Cat.",/uYYLz67e5xEQMsY858VSSCDsLU6.jpg,/ihOd5W6qOgrBSLj0uDTnGs8k1aa.jpg,2003-11-21,5.293,1768,"['Family', 'Comedy', 'Adventure', 'Fantasy']",109000000,133800000,82,low
38317,tt1222817,Zookeeper,Don't talk to the animals...unless they talk to you first.,"Kindhearted Griffin Keyes is one of the best-loved caretakers at the Franklin Park Zoo, but he's more comfortable with the animals than with females of his own species as proven by his failed marriage proposal to the self-absorbed Stephanie several years ago. The animals have listened to Griffin pine over her for years and, after she reappears in his life, they decide to help Griffin rekindle the relationship and become the alpha male she wants him to be. They inadvertently reveal their secret ability to talk and, after Griffin's initial shock, teach him the rules of courtship, animal-style. Surprisingly, the animals' advice really works and Griffin is about to get everything he's ever dreamed of--or is he?",/y3b4AYw8dr4hIKTfEAjxUxx0z8G.jpg,/rzTw6K1TbmF8qCUHWFrGhgXkBp5.jpg,2011-07-06,5.437,1763,"['Comedy', 'Romance', 'Family']",80000000,169900000,102,low
10808,tt0240462,Dr. Dolittle 2,The doctor is in again.,"A group of beavers ask Dr. Dolittle to save their habitat from loggers. The only hope is to get the forest preserved because it's the home of a protected bear, but there's a problem: the bear's the only bear in the forest, so she can't reproduce. Undaunted, Dolittle persuades a circus bear to help out, but he has to teach him not just the ways of the wild, but the wiles of lady bears too.",/asYjHXBoD44B6mLOcZtMfMV3hm1.jpg,/VtFa6Ph0xCO6QJ86ihCrpsDBIO.jpg,2001-06-22,5.313,1751,"['Comedy', 'Family', 'Romance', 'Fantasy']",70000000,176100000,87,low
42684,tt1564585,Skyline,Don't look up,"When strange lights descend on the city of Los Angeles, people are drawn outside like moths to a flame where an extraterrestrial force threatens to swallow the entire human population off the face of the Earth. Now the band of survivors must fight for their lives as the world unravels around them.",/7pdUFPw76zGwDKbNpXxJknh0YWB.jpg,/22RHzAdZDXukBBFewCOT099jZWL.jpg,2010-11-11,5.011,1738,"['Science Fiction', 'Action', 'Thriller']",10500000,66984887,93,low
10992,tt0239395,Cats & Dogs,Things Are Gonna Get Hairy!,"When a professor develops a vaccine that eliminates human allergies to dogs, he unwittingly upsets the fragile balance of power between cats and dogs and touches off an epic battle for pet supremacy. The fur flies as the feline faction, led by Mr. Tinkles, squares off against wide-eyed puppy Lou and his canine cohorts.",/wUWoat7L4vvQburQ8pVEJhRG9L5.jpg,/3ipuPBeBfsxcsry7Gh5m9J1rwJ1.jpg,2001-06-23,5.4,1728,"['Family', 'Comedy', 'Action', 'Adventure', 'Fantasy']",60000000,200687492,87,low
9920,tt0370032,Ultraviolet,The blood war is on.,"In the late 21st century, a subculture of humans have emerged who have been modified genetically by a vampire-like disease, giving them enhanced speed, incredible stamina and acute intelligence. As they are set apart from ""normal"" and ""healthy"" humans, the world is pushed to the brink of worldwide civil war  aimed at the destruction of the ""diseased"" population. In the middle of this crossed-fire is - an infected woman - Ultraviolet, who finds herself protecting a nine-year-old boy who has been marked for death by the human government as he is believed to be a threat to humans.",/27OzQ2BBahQHYPiPEAXRXMbhnPQ.jpg,/dSMWw6rNIKqtHyWEIkDa8u7Mboa.jpg,2006-03-03,5.22,1706,"['Science Fiction', 'Action', 'Thriller']",30000000,31070211,87,low
256961,tt3450650,Paul Blart: Mall Cop 2,Vegas has a new high roller.,"Security guard Paul Blart is headed to Las Vegas to attend a Security Guard Expo with his teenage daughter Maya before she departs for college. While at the convention, he inadvertently discovers a heist - and it's up to Blart to apprehend the criminals.",/qML63w7vgspicwLK6xXGLK17cM0.jpg,/cVsmfmsuUWjM9EKhtmqxtPmQjQG.jpg,2015-04-16,5.181,1677,"['Action', 'Comedy', 'Family']",38000000,107597242,94,low
453201,tt6802308,The 15:17 to Paris,In the face of fear ordinary people can do the extraordinary,"On Aug. 21, 2015, the world watches in stunned silence as the media reports a thwarted terrorist attack on a train that's bound for Paris -- an attempt prevented by three young Americans traveling together through Europe. The heroic and courageous actions of Anthony Sadler, Alek Skarlatos and Spencer Stone help to save the lives of more than 500 passengers on board.",/3NtkRNmvMrQIOtyWTaOKVNJyP1W.jpg,/gkkBhctHPGg8hrmtWbO3ySZoj4z.jpg,2018-02-07,5.418,1676,"['Drama', 'Thriller']",30000000,57076286,94,low
93856,tt1991245,Chernobyl Diaries,"Ten years ago, the Ukrainian government let tourists visit the area around Chernobyl. They said it was safe...it wasn't.","A group of six tourists looking to go off the beaten path, hire an 'extreme tour guide' who, ignoring warnings, takes them into the city of Pripyat, the former home to the workers of the Chernobyl nuclear reactor, but now a deserted town since the disaster more than 25 years earlier. After a brief exploration of the abandoned city, the group members find themselves stranded, only to discover that they are not alone.",/9AKhThGA8IATBy3gR7I4dw9SEc4.jpg,/1BgWRWjZtD6zyJfzlfDx3NHaECQ.jpg,2012-05-24,5.307,1676,"['Horror', 'Thriller']",1000000,38390020,88,low
287424,tt1881002,Maggie,Don't Get Bitten.,"There's a deadly zombie epidemic threatening humanity, but Wade, a small-town farmer and family man, refuses to accept defeat even when his daughter Maggie becomes infected. As Maggie's condition worsens and the authorities seek to eradicate those with the virus, Wade is pushed to the limits in an effort to protect her. Joely Richardson co-stars in this post-apocalyptic thriller.",/twa9gXjocLM629sJrQYVtmF306R.jpg,/8LYxSH8ZJzKbS3kNIELsVc05RNH.jpg,2015-05-08,5.401,1670,"['Horror', 'Drama', 'Science Fiction']",4000000,187112,95,low
9722,tt0374536,Bewitched,Be warned. Be ready.,"Thinking he can overshadow an unknown actress in the part, an egocentric actor unknowingly gets a witch cast in an upcoming television remake of the classic show ""Bewitched"".",/8lx4EXmAZo8ogh4128UBZRQfCjI.jpg,/vBVRgryngFoqHazyLqFca6xNTeB.jpg,2005-06-21,5.084,1636,"['Comedy', 'Fantasy', 'Romance']",85000000,131426169,102,low
632727,tt11755740,Texas Chainsaw Massacre,The face of madness returns.,"After nearly 50 years of hiding, Leatherface returns to terrorize a group of idealistic influencers who accidentally disrupt his carefully shielded world in a remote Texas town.",/7sKiGNWFM15WNyY7LYd5vmb3brO.jpg,/aTSA5zMWlVFTYBIZxTCMbLkfOtb.jpg,2022-02-18,5.195,1622,"['Horror', 'Crime', 'Drama']",20000000,0,83,low
452832,tt6476140,Serenity,"On Plymouth Island, no one ever dies… unless you break the rules","The quiet life of Baker Dill, a fishing boat captain who lives on the isolated Plymouth Island, where he spends his days obsessed with capturing an elusive tuna while fighting his personal demons, is interrupted when someone from his past comes to him searching for help.",/hgWAcic93phg4DOuQ8NrsgQWiqu.jpg,/ridcUDnFumpMB5AAsIvFafTSx5i.jpg,2019-01-24,5.453,1618,"['Thriller', 'Mystery', 'Drama']",25000000,14500000,102,low
14199,tt0424774,The Adventures of Sharkboy and Lavagirl,Smaller heroes. Just as super.,"Everyone always knew that Max had a wild imagination, but no one believed that his wildest creations -- a boy raised by watchful great white sharks and a girl with the force of a volcano -- were real. Now, these two pint-sized action masters will show Max that even an ordinary kid has what it takes to be extraordinary.",/xpFbHSkRgOxOoutKqXob9T8iBPA.jpg,/qQNGhBijPIBlFkGwjtQk6sflml9.jpg,2005-06-10,5.2,1599,"['Adventure', 'Family', 'Science Fiction']",50000000,72000000,92,low
437,tt0285492,Cube 2: Hypercube,There is more to fear than you can see.,"Eight strangers awaken with no memory, in a puzzling cube-shaped room where the laws of physics do not always apply.",/bEqqwtwUP7lm56VyeVONhv9JtYu.jpg,/zJqv6s4XCdHWrnoqfLqlGzzxSjH.jpg,2002-04-15,5.492,1592,"['Thriller', 'Science Fiction', 'Mystery']",0,3563603,94,low
71469,tt1093357,The Darkest Hour,Survive the holidays,"In Moscow, five young people lead the charge against an alien race which has attacked Earth via our power supply.",/5Ao4qAFbjP7fcFOOdMNvQEnl0Yr.jpg,/ogRXgYKABTqiqmBen9hkbo3Fvz1.jpg,2011-12-22,5.308,1571,"['Horror', 'Action', 'Thriller', 'Science Fiction']",30000000,64626786,89,low
980078,tt19623240,Winnie the Pooh: Blood and Honey,This ain't no bedtime story.,"After Christopher Robin abandons them for college, Pooh and Piglet embark on a bloody rampage as they search for a new source of food.",/y3iPrVHicDBcx2N6eamv0jbHH6H.jpg,/jEybIB7yl3zgEdTHukaiR8b9yJp.jpg,2023-01-26,5.0,1551,['Horror'],100000,7717044,84,low
440471,tt6513656,Escape Plan 2: Hades,This isn't a prison. It's a machine.,"Ray Breslin manages an elite team of security specialists trained in the art of breaking people out of the world's most impenetrable prisons. When his most trusted operative, Shu Ren, is kidnapped and disappears inside the most elaborate prison ever built, Ray must track him down with the help of some of his former friends.",/A6tb8JNrie2qT8JC2tGqshayuck.jpg,/xIAaN3AQqaJiN5RJ0WsmBady8Hq.jpg,2018-06-05,5.2,1539,"['Action', 'Thriller', 'Crime', 'Mystery', 'Science Fiction']",20000000,17592626,93,low
227348,tt2473682,Paranormal Activity: The Marked Ones,You're one of us now.,"Seventeen-year-old Jesse has been hearing terrifying sounds coming from his neighbor’s apartment, but when he turns on his camera and sets out to uncover their source, he encounters an ancient evil that won’t rest until it’s claimed his very soul.",/2o4vBAnORr9UnLMvWHhULGDHfzH.jpg,/eAISoFMi29BVBKH1VRpne4mJ26K.jpg,2014-01-01,5.4,1530,"['Horror', 'Thriller']",5000000,90894962,84,low
20533,tt1075747,Jonah Hex,Revenge gets ugly.,"Gunslinger Jonah Hex is appointed by President Ulysses Grant to track down terrorist Quentin Turnbull, a former Confederate officer determined on unleashing hell on earth. Jonah not only secures freedom by accepting this task, he also gets revenge on the man who slew his wife and child.",/xwAdu0lOO2Y5sXjK87glhJg3c6r.jpg,/eY9Xp7OMrBKKJHT0mxaWbSyJHmj.jpg,2010-06-18,4.956,1530,"['Western', 'Fantasy', 'Thriller']",47000000,10539000,81,low
24150,tt1311067,Halloween II,Family is forever.,"Laurie Strode struggles to come to terms with her brother Michael's deadly return to Haddonfield, Illinois. Meanwhile, Michael prepares for another reunion with his sister.",/vSHPM4LQDpWdQrD5KZWK6wNqSOD.jpg,/mGHfOrb2MDOvgeFb4pQVeWH6adg.jpg,2009-08-28,5.326,1525,['Horror'],10000000,39421467,105,low
11260,tt0765476,Meet Dave,There's a whole other world going on inside of him.,"A crew of miniature aliens operate a spaceship that has a human form. While trying to save their planet, the aliens encounter a new problem, as their ship becomes smitten with an Earth woman.",/3Qfav5aVRcZmq854olMjJ795JJ2.jpg,/azheZwmLAiWZyDuL416NL0IxvFp.jpg,2008-07-08,5.298,1525,"['Comedy', 'Science Fiction', 'Adventure', 'Family']",60000000,50650079,90,low
4474,tt0465624,My Super Ex-Girlfriend,He broke her heart. She broke his everything.,"When New York architect Matt Saunders dumps his new girlfriend Jenny Johnson—a smart, sexy, and reluctant superhero known as G-Girl—she uses her powers to make his life a living hell.",/j4NCuEfLHzIjaWDns5fz6nGH2FD.jpg,/lJkE6khRc6QRl54kem7VbsRkL05.jpg,2006-07-20,5.146,1522,"['Comedy', 'Science Fiction', 'Romance']",0,61108981,95,low
347969,tt2479478,The Ridiculous 6,,"When his long-lost outlaw father returns, Tommy ""White Knife"" Stockburn goes on an adventure-filled journey across the Old West with his five brothers.",/kPc80jywR5Nm2KIQjkY5i4VXSx4.jpg,/cB9XLza46oXuBtfuEUktThmQf6F.jpg,2015-12-11,5.228,1512,"['Western', 'Comedy', 'Action', 'Adventure']",60000000,0,119,low
243940,tt2918436,The Lazarus Effect,Evil will rise.,"Medical researcher Frank, his fiancee Zoe and their team have achieved the impossible: they have found a way to revive the dead. After a successful, but unsanctioned, experiment on a lifeless animal, they are ready to make their work public. However, when their dean learns what they've done, he shuts them down. Zoe is killed during an attempt to recreate the experiment, leading Frank to test the process on her. Zoe is revived -- but something evil is within her.",/4aq0TOLvITU3iWRUfxlRc83lMz1.jpg,/zFhsM6HJ9abLZZlkz9mOY5uGE1M.jpg,2015-01-29,5.307,1510,"['Horror', 'Science Fiction', 'Thriller']",3300000,64110728,83,low
11470,tt0211443,Jason X,Evil gets an upgrade.,"In the year 2455, Old Earth is now a contaminated planet abandoned for centuries -- a brown world of violent storms, toxic landmasses and poisonous seas. Yet humans have returned to the deadly place that they once fled, not to live, but to research the ancient, rusting artifacts of the long-gone civilizations. But it's not the harmful environment that could prove fatal to the intrepid, young explorers who have just landed on Old Earth. For them, it's Friday the 13th, and Jason lives!",/ggOND0hfoE0f3K857joSzEeIchb.jpg,/fR5Hkf4OH6aLExl2qP2ucMV2Xdt.jpg,2001-11-09,4.847,1492,"['Horror', 'Science Fiction']",11000000,17077882,91,low
433249,tt3256226,IO,In the near future we must save Earth or leave it,"As a young scientist searches for a way to save a dying Earth, she finds a connection with a man who's racing to catch the last shuttle off the planet.",/utH781EwjzzXQC6fZUO3cw8L5Ht.jpg,/2jgyHDRPErYBf1D7bCs7YOi8xIX.jpg,2019-01-18,5.0,1459,['Science Fiction'],0,0,96,low
146301,tt2473510,Paranormal Activity: The Ghost Dimension,For the first time you will see the activity.,"Using a special camera that can see spirits, a family must protect their daughter from an evil entity with a sinister plan.",/1YpFQ2MQKzlDoa8diLWkapdRI8t.jpg,/fk362aOdhEC6rGAQW082GIbavhO.jpg,2015-10-21,5.301,1458,"['Horror', 'Thriller']",10000000,78903124,87,low
74997,tt1530509,The Human Centipede 2 (Full Sequence),100% medically INaccurate.,"Inspired by the fictional Dr. Heiter, disturbed loner Martin dreams of creating a 12-person centipede and sets out to realize his sick fantasy.",/9YEUMnMhIjD5ek4zIqOhLSnTnJS.jpg,/3avI4nJ3WNweQFHa2UwRMOO8cbL.jpg,2011-10-06,4.755,1433,"['Drama', 'Horror', 'Crime']",0,170323,91,low
38319,tt1240982,Your Highness,Get your quest on.,"A fantasy movie about an arrogant, lazy prince and his more heroic brother who must complete a quest in order to save their father's kingdom.",/zw1tEKhR1ncGGtuYkkf30GYlvYQ.jpg,/7P7aZ9ozRWlsruPVaTB2dLXI7aF.jpg,2011-04-08,5.3,1430,"['Comedy', 'Fantasy', 'Adventure', 'Action', 'Romance']",49900000,28013733,102,low
13788,tt1139668,The Unborn,Evil will do anything to live.,A young woman fights the spirit that is slowly taking possession of her.,/42H2aaD5UubsHyWt6zfrFMRP8y1.jpg,/b7QjZbmKj2wLnKlqwHTXP0GKjzB.jpg,2009-01-09,5.2,1422,"['Horror', 'Thriller', 'Mystery']",16000000,76514050,87,low
18162,tt0457400,Land of the Lost,Right place. Wrong time.,"On his latest expedition, has-been scientist Dr. Rick Marshall is sucked into a space-time vortex alongside his crack-smart research assistant Holly and redneck survivalist Will into a world populated by marauding dinosaurs and painfully slow creatures called Sleestaks. With no weapons, few skills and questionable smarts, the trio must rely on their only ally, a primate named Chaka, to try to survive long enough to figure out a way back home.",/hVCJzmK9l5FD01LFYAB1zcmmw7s.jpg,/6FTIgtJk1mqmBTg9AEBrRKhLG1c.jpg,2009-06-05,5.442,1417,"['Adventure', 'Science Fiction', 'Comedy', 'Action']",100000000,68688831,102,low
351819,tt4667094,Fifty Shades of Black,Way shadier than gray.,An inexperienced college student meets a wealthy businessman whose sexual practices put a strain on their relationship.,/nkGhv7WMbyX7tL8CJkvMY3S2lW.jpg,/y6VYJEvzWhTCXrrv0ubiczOpVND.jpg,2016-01-28,4.9,1398,"['Romance', 'Comedy']",20000000,21164799,92,low
188207,tt1043726,The Legend of Hercules,Every man has a destiny.,"In Ancient Greece 1200 B.C., a queen succumbs to the lust of Zeus to bear a son promised to overthrow the tyrannical rule of the king and restore peace to a land in hardship. But this prince, Hercules, knows nothing of his real identity or his destiny. He desires only one thing: the love of Hebe, Princess of Crete, who has been promised to his own brother. When Hercules learns of his greater purpose, he must choose: to flee with his true love or to fulfill his destiny and become the true hero of his time. The story behind one of the greatest myths is revealed in this action-packed epic - a tale of love, sacrifice and the strength of the human spirit.",/aAnRHLq50AbGWEibXHjmLbp2Tze.jpg,/1OlinE4r38dgYbGSvkTVgY6iNDk.jpg,2014-01-10,4.801,1397,"['Action', 'Adventure']",70000000,61279452,99,low
11442,tt0220506,Halloween: Resurrection,Evil finds its way home.,Reality programmers at DangerTainment select a group of thrill-seeking teenagers to spend one night in the childhood home of serial killer Michael Myers. Their planned live broadcast turns deadly when Michael decides to crash the party.,/1mlKwbNzJCGzqe4i0ZEJtUUL290.jpg,/jnSB3v76tGte9lzHS1XLGu75oaT.jpg,2002-07-01,4.613,1389,"['Horror', 'Thriller']",13000000,37664958,89,low
12107,tt0144528,Nutty Professor II: The Klumps,The Klumps are back!,"The hilarity begins when professor Sherman Klump finds romance with fellow DNA specialist, Denise Gaines, and discovers a brilliant formula that reverses aging. But Sherman's thin and obnoxious alter ego, Buddy Love, wants out...and a big piece of the action. And when Buddy gets loose, things get seriously nutty.",/v8gI95Eio7kAjixyqYHxNKmJTmm.jpg,/i3oT0v1KVDZEq8oOZdAAqy78Vub.jpg,2000-07-27,5.013,1384,"['Fantasy', 'Comedy', 'Romance', 'Science Fiction']",84000000,123307945,107,low
11090,tt0255798,The Animal,He wasn't much of a man... Now he's not much of an animal!,"When loser Marvin Mange is involved in a horrible car accident, he's brought back to life by a deranged scientist as half man and half animal. His newfound powers are awesome -- but their adverse side effects could take over his life. Now, Marvin must fight to control his crazy primal urges around his new squeeze, Rianna, and his rival, Sgt. Sisk, who both think he's one cool cat.",/oNxEXmKTZtECHs0bQbI6dQoXYMV.jpg,/nLWvnjWgm8CoVPaoaY2pNnVCwoz.jpg,2001-06-01,5.1,1351,"['Comedy', 'Science Fiction']",22000000,84772742,83,low
615678,tt10121392,Thunder Force,Newly super. Almost heroes.,"In a world where supervillains are commonplace, two estranged childhood best friends reunite after one devises a treatment that gives them powers to protect their city.",/3mKMWP5OokB7QpcOMA1yl8BXFAF.jpg,/z7HLq35df6ZpRxdMAE0qE3Ge4SJ.jpg,2021-04-09,5.478,1322,"['Comedy', 'Action', 'Science Fiction']",0,0,107,low
50647,tt1655460,Wanderlust,Leave your baggage behind,"Rattled by sudden unemployment, a Manhattan couple surveys alternative living options, ultimately deciding to experiment with living on a rural commune where free love rules.",/hH1Bla0W4YIn9sdd9NwODzDCcE4.jpg,/t4ykoxb5Ofmvbnnbv2u2r7HkjCS.jpg,2012-02-23,5.489,1321,"['Comedy', 'Romance']",35000000,24200000,98,low
476926,tt4986098,The Titan,Evolve or die,"On a bleak future Earth, a soldier endures a radical genetic transformation to save humanity. But his wife fears he's becoming more creature than man.",/qRmQazyIBZR4pQIk9VruiZul0Au.jpg,/tNkpV19YzF5jmZVG7hmKKk0Xb9H.jpg,2018-03-30,5.319,1318,"['Science Fiction', 'Thriller']",0,2635408,97,low
465086,tt3612126,The Grudge,It'll never let you go.,"After a young mother murders her family in her own house, a detective attempts to investigate the mysterious case, only to discover that the house is cursed by a vengeful ghost. Now targeted by the demonic spirits, the detective must do anything to protect herself and her family from harm.",/vN7JHlHOT9rHNDU27tfYqhABBj5.jpg,/nr5smF4avc77lhWHNcGLF7guXv1.jpg,2019-12-31,5.418,1303,"['Horror', 'Mystery']",10000000,49511319,94,low
292280,tt4030600,The Bye Bye Man,Don't think it. Don't say it.,"When three college students move into an old house off campus, they unwittingly unleash a supernatural entity known as The Bye Bye Man, who comes to prey upon them once they discover his name. The friends must try to save each other, all the while keeping The Bye Bye Man's existence a secret to save others from the same deadly fate.",/bape74Eeli5NJ6x4UKuUr604xXh.jpg,/9NHAlsuQkMv4IyAR1gLkGrE7XoU.jpg,2017-01-12,5.194,1298,"['Horror', 'Thriller']",7400000,26700000,96,low
51481,tt1679235,Mean Girls 2,Mean has met its match.,"Confident senior Jo begins the new school year by breaking her own cardinal rule: don't get involved in girl drama. but when she sees timid Abby preyed upon by Queen Bee Mandi and her minions, she takes sides in a viciously funny girl-world-war that turns North Shore High School upside down.",/34zKHT98ZgSCz6ag1ZNBul7f1Wu.jpg,/9A4LywU6zVpkVwjk4EjNwUH3RGs.jpg,2011-01-23,5.3,1291,['Comedy'],0,0,96,low
71670,tt1255916,Hostel: Part III,Do you feel lucky?,"Set in Las Vegas, the film centers on a man who attends his best friend's bachelor party, unaware of an insidious agenda that plays into hunting humans.",/ieO49ludO6DxRVV8u1LKMjtrDLN.jpg,/AcHNwiSHv6YpSVRyGWZaWtfgmTN.jpg,2011-12-22,5.096,1289,['Horror'],6000000,0,88,low
226486,tt2103254,Tammy,She hit the road. The road hit back.,"For burger-joint employee Tammy, a bad day keeps getting worse. She wrecks her car, loses her job, and finds that her husband has been unfaithful. It's time to hit the road, but without money or transportation, Tammy's options are limited. Her only choice is a road trip with her hard-drinking grandmother Pearl, who has a car, cash, and an itch to see Niagara Falls. It's not the escape Tammy had in mind, but it may be what she needs.",/efsVMziwE9BNTDX5fNmYVA5oAzJ.jpg,/bZ6rSw3rUGPvBkmIQMUG6tJJpkt.jpg,2014-07-02,5.339,1271,['Comedy'],20000000,100375432,97,low
84174,tt1920849,Bachelorette,Old habits party hard.,Three friends are asked to be bridesmaids at a wedding of a woman they used to ridicule back in high school.,/yAr4LLjZnoIvrfb1VrV3mh38rTK.jpg,/nyBEd8rmU8IjxG0Ia5BcJyK7jiJ.jpg,2012-01-23,5.397,1242,"['Comedy', 'Romance']",3000000,11947954,87,low
178809,tt1160996,The Colony,"One day, it started to snow .. and it never stopped","Forced underground by the next ice age, a struggling outpost of survivors must fight to preserve humanity against a threat even more savage than nature.",/ppTqHex38Jkpg9fhPzDcYJuxqhR.jpg,/uFjqB95kxb3iAK1cohxNx8MbPzZ.jpg,2013-04-12,5.451,1236,"['Action', 'Science Fiction', 'Thriller']",16000000,0,95,low
230179,tt2088003,Big Game,,"Air Force One is shot down by terrorists, leaving the President of the United States stranded in the wilderness of Finland. 13-year-old Oskari is on a hunting mission to prove his maturity to his kinsfolk by tracking down a deer, but instead discovers the President in an escape pod. With the terrorists closing in to capture their prize, the unlikely duo team up to escape their hunters.",/iZZ5IikYOp3VlyrzyJs4hxSHHXi.jpg,/2gccYK4lqVeRzrXYZmiZhL0P7Ft.jpg,2014-09-05,5.5,1219,"['Action', 'Adventure', 'Thriller']",8500000,7500000,90,low
10016,tt0228333,Ghosts of Mars,Terror is the same on any planet.,"In 2176, a Martian police unit is sent to pick up a highly dangerous criminal at a remote mining post. Upon arrival, the cops find the post deserted and something far more dangerous than any criminal — the original inhabitants of Mars, hellbent on getting their planet back.",/i2zztssCIbahGES1fdfWFmDXian.jpg,/1loG5dSesKgwakjOET0Ll27jKgI.jpg,2001-08-14,5.1,1210,"['Action', 'Horror', 'Science Fiction']",28000000,14010832,98,low
2752,tt0243736,40 Days and 40 Nights,Easier said than done.,"Matt Sullivan's last big relationship ended in disaster and ever since his heart's been aching and his commitment's been lacking. Then came Lent, that time of year when everybody gives something up. That's when Matt decides to go where no man's gone before and make a vow: No sex. Whatsoever. For 40 straight days. At first he has everything under control. That is until the woman of his dreams, Erica, walks into his life.",/5a60NuJToRAc0gijjI5IRSVGKL3.jpg,/cNKwwzI0KkeBgeDmGELkO14ovle.jpg,2002-03-01,5.5,1208,"['Comedy', 'Romance']",17000000,95146283,94,low
11469,tt0265087,Black Knight,A comedy about a man out of his time and out of his mind.,"Martin Lawrence plays Jamal, an employee in Medieval World amusement park. After nearly drowning in the moat, he awakens to find himself in 14th century England.",/JC7c2Y70R5oBNa8v4pnHfzYvFK.jpg,/udgq4FDqsRgJIACUrWlk1BRtUhf.jpg,2001-11-21,5.354,1176,"['Comedy', 'Fantasy', 'Adventure']",50000000,33422806,95,low
316154,tt4334266,The Bad Batch,Don’t play with your food.,"After being exiled to a fenced-off wasteland, Arlen is kidnapped by a group of cannibals and goes on a journey to reunite a missing girl with her father.",/7o14VaMphEIzPwzeW6FP3A6zb4W.jpg,/aQ06MnEDLh9X3ZOtY21UD2XB197.jpg,2017-06-23,5.267,1155,"['Action', 'Horror', 'Mystery', 'Science Fiction', 'Thriller']",6000000,180851,119,low
282813,tt2799166,The Pyramid,You Only Enter Once.,An archaeological team attempt to unlock the secrets of a lost pyramid only to find themselves hunted by an insidious creature.,/joPb4PUPP7xClD6XPiQ7laBEtZf.jpg,/9wmzKxkmnsoW5gdvW7Iq1mBcKNJ.jpg,2014-12-04,5.3,1149,['Horror'],6500000,16861137,89,low
10048,tt0382992,Stealth,Fear the sky,"Deeply ensconced in a top-secret military program, three pilots struggle to bring an artificial intelligence program under control ... before it initiates the next world war.",/cVtQHyTwaDhYFVRFXSuDthC2bXH.jpg,/qpHQMt7zzlEkN3R4zMsYkqhgpeK.jpg,2005-07-27,5.5,1146,['Science Fiction'],135000000,76932943,121,low
168098,tt0775440,Cell,When everyone is connected no one is safe.,"When a strange signal pulsates through all cell phone networks worldwide, it starts a murderous epidemic of epic proportions when users become bloodthirsty creatures, and a group of people in New England are among the survivors to deal with the ensuing chaos after.",/c5N6Pw3P6TqQnGcqiVkhO9u85KB.jpg,/pprNvcLi63ATKIGMipUwH0xQIJg.jpg,2016-07-06,4.706,1127,"['Horror', 'Science Fiction', 'Thriller']",0,1133031,98,low
127493,tt1656186,Stolen,Never steal from the world's greatest thief.,"Master thief Will Montgomery is just released from the State penitentiary after serving a 10 year sentence, is contacted by Vincent, his ex comrade in crime, who is holding Will’s teenage daughter ransom in a hijacked taxi cab. Vincent will only surrender her when Will reveals the whereabouts of the 20 million dollars he contrived to conceal from their last robbery.",/8rTcpPiet2Lt2uZXBFIH5U7ylBY.jpg,/qIDcLqORBAEtKZfo1Ql8wcMNKP0.jpg,2012-09-06,5.485,1103,"['Action', 'Crime', 'Thriller']",35000000,2106557,96,low
14405,tt1014775,Beverly Hills Chihuahua,50% Warrior. 50% Lover. 100% Chihuahua.,"A pampered Beverly Hills chihuahua named Chloe who, while on vacation in Mexico with her owner Viv's niece, Rachel, gets lost and must rely on her friends to help her get back home before she is caught by a dognapper who wants to ransom her.",/2aRvqtLoE06hTjG93lASvO7r1as.jpg,/vKCiYKgTYVlsDaecEKFOYG7ZM15.jpg,2008-10-03,5.376,1099,"['Comedy', 'Family', 'Adventure', 'Romance']",20000000,149281606,91,low
13184,tt0814022,Bangkok Dangerous,It's all in the execution.,"When carrying out a hit, assassin Joe always makes use of the knowledge of the local population. On arriving in Bangkok, Joe meets street kid Kong and he becomes his primary aide. But when Kong is nearly killed, he asks Joe to train him up in the deadly arts and unwittingly becomes a target of a band of killers.",/iTRftxHW8i4H7ONaOiCIwEXjNDJ.jpg,/ueXbXSehnVK62UqfLrdJdWZ7gla.jpg,2008-08-21,5.209,1092,"['Action', 'Crime', 'Thriller']",45000000,42487390,99,low
203835,tt1935897,Amityville: The Awakening,Every house has a history. This one has a legend.,"Belle, her little sister, and her comatose twin brother move into a new house with their single mother in order to save money to help pay for her brother's expensive healthcare. But when strange phenomena begin to occur including the miraculous recovery of her brother, Belle begins to suspect her mother isn't telling her everything and soon learns they moved into the infamous Amityville house.",/c9Nyu8YZfLsWWbze4DEGPbnwCcT.jpg,/gIICNFRwak4EJjPpCnbxXHQH5Ag.jpg,2017-06-30,5.4,1091,['Horror'],0,8481997,87,low
11237,tt0366174,Anacondas: The Hunt for the Blood Orchid,The hunters will become the hunted.,"A scientific expedition sets out for Borneo to seek a flower called the Blood Orchid, which could grant extended life. Meanwhile, they run afoul of snakes and each other.",/apAZ6o1SyYgcC8R2LqTCYnBe1lK.jpg,/bMNHiwzjlg9FJNyxZ1zNFKZ9MTT.jpg,2004-08-25,5.493,1088,"['Adventure', 'Horror', 'Thriller']",20000000,70992898,96,low
271404,tt1724970,Beyond Skyline,,"Detective Mark Corley storms his way onto an alien spaceship to rescue his estranged son. When the ship crashes in Southeast Asia, he forges an alliance with a band of survivors to take back the planet once and for all.",/ctViyxTFf7r89sUg7jWNqk7cbbT.jpg,/o54tlFA5j7iYTItIY5UNx6WNxAD.jpg,2017-10-26,5.3,1086,"['Action', 'Science Fiction', 'Adventure']",14000000,992181,105,low
50357,tt1772240,Apollo 18,There's a reason we've never gone back to the moon.,"Officially, Apollo 17 was the last manned mission to the moon. But a year later in 1973, three American astronauts were sent on a secret mission to the moon funded by the US Department of Defense. What you are about to see is the actual footage which the astronauts captured on that mission. While NASA denies its authenticity, others say it's the real reason we've never gone back to the moon.",/4bLqU6YncqvKETzvPZPPoVrLUYM.jpg,/4HAF3vOCHnCwLD2jLS6MN57HQ2n.jpg,2011-07-20,5.311,1083,"['Horror', 'Science Fiction', 'Thriller']",5000000,25562924,86,low
401561,tt5462326,Mom and Dad,Sometimes they just want to kill you,"In a suburban community, moms and dads, one after the other, mysteriously feel the irresistible impulse to attack and kill their own offspring.",/vjjFEFMhENFQUmUn15zGaCJBD0A.jpg,/ozc8RAW9Bwt3T99iUjCrUvL7j1c.jpg,2018-01-19,5.4,1067,"['Comedy', 'Horror', 'Thriller']",0,169209,86,low
717728,tt14121726,Jeepers Creepers: Reborn,Evil's Back. For More.,"Forced to travel to a horror festival with her boyfriend, a young woman begins experiencing premonitions associated with the urban myth of The Creeper. She believes that something supernatural has been summoned — and that she is at the center of it all.",/aGBuiirBIQ7o64FmJxO53eYDuro.jpg,/jpipejVjqn7ifln05xeq9zpvprf.jpg,2022-09-15,5.315,1062,['Horror'],5000000,6175213,88,low
288158,tt2339741,The Woman in Black 2: Angel of Death,She Never Left...,"40 years after the first haunting at Eel Marsh House, a group of children evacuated from WWII London arrive, awakening the house's darkest inhabitant.",/9NcUFNCSzw4IFci3OhbX8ZyzoFn.jpg,/4qd3DjdLHetJMR7wKA9ufK6eG9j.jpg,2014-12-30,5.2,1056,"['Thriller', 'Horror', 'Drama']",15000000,48854305,98,low
8285,tt0831887,The Spirit,"Down these mean streets a man must come. A hero born, murdered, and born again.","A Rookie cop named Denny Colt returns from the beyond as The Spirit, a hero whose mission is to fight against the bad forces from the shadows of Central City.  The Octopus, who kills anyone unfortunate enough to see his face, has other plans; he is going to wipe out the entire city.",/g9qawfzR3LWRC8r8YZ9w2yaQi5W.jpg,/xqgSXgSIkTvyU9vfUcBOd6GYflJ.jpg,2008-12-25,4.767,1056,"['Crime', 'Thriller', 'Fantasy', 'Action']",60000000,39164441,103,low
56288,tt1517489,Spy Kids: All the Time in the World,,"Eight years after the third film, the OSS has become the world's top spy agency, while the Spy Kids department has since become defunct. Retired spy Marissa is called back into action, and to bond with her new stepchildren Rebecca and Cecil, she invites them along to stop the evil Timekeeper from taking over the world.",/9pUVarhiXfCu8amjmyadzJJJITi.jpg,/3COCz2DMRNefY4a3lfUHrNj4tl0.jpg,2011-08-18,4.691,1052,"['Family', 'Comedy', 'Action', 'Adventure', 'Drama', 'Fantasy', 'Science Fiction']",27000000,85564310,89,low
23706,tt0881891,All About Steve,A comedy that clings.,"After one short blind date, Mary Horowitz, a brilliant and eccentric crossword constructor, is convinced that Steve, a CCN cameraman, is her soul mate. Because his job takes him hither and yon, she crisscrosses the country following Steve, with the encouragement of a reporter, turning up at media events he's at to convince him they are perfect for each other. Along the way, she befriends an assortment of misfits who accept her for who she is, leading her to reassess her reasons for this strange journey.",/k7lmf0OeOpQLUoTRLG7e5JZ7H4B.jpg,/7qdeWU6XNrMFuemM2TAHD6Rc6NS.jpg,2009-08-06,4.961,1049,['Comedy'],15000000,40105542,99,low
42888,tt1341188,How Do You Know,How do you know it's love?,"After being cut from the USA softball team and feeling a bit past her prime, Lisa finds herself evaluating her life and in the middle of a love triangle, as a corporate guy in crisis competes with her current, baseball-playing beau.",/jbOnp79eUZxQHgcdnTIRlxel1dE.jpg,/y874crIlrWV1QFSSQ8m9kSceARX.jpg,2010-12-17,5.325,1048,"['Comedy', 'Drama', 'Romance']",120000000,48668907,121,low
395841,tt5057140,Hold the Dark,,"In the grim Alaskan winter, a naturalist hunts for wolves blamed for killing a local boy, but he soon finds himself swept into a chilling mystery.",/1etEySwZQnBJpzgplgadPi5y4PL.jpg,/k4IAtXpwuqo46Bh6HxcPA16Bqsj.jpg,2018-09-22,5.452,1036,"['Thriller', 'Mystery', 'Crime']",0,0,125,low
125509,tt2375779,Wrong Turn 5: Bloodlines,The inbred hillbillies are back!,"A small West Virginia town is hosting the legendary Mountain Man Festival on Halloween, where throngs of costumed party goers gather for a wild night of music and mischief. But an inbred family of hillbilly cannibals kill the fun when they trick and treat themselves to a group of visiting college students.",/8fABep8FSRpeo8Ea4j3rfnoVgkg.jpg,/3GTGFqZU2pXWg5fZPxDLNDdao28.jpg,2012-10-18,5.478,1031,"['Horror', 'Thriller']",3000000,0,91,low
24438,tt1314228,Did You Hear About the Morgans?,We're not in Manhattan anymore.,"New Yorkers Paul and Meryl Morgan seem to have it all -- except that their marriage is crumbling around them. But their romantic woes are small compared to the trouble they find themselves in after witnessing a murder. To protect them from an assassin, federal agents whisk away Paul and Meryl to a small town in Wyoming, where their marriage will crash and burn, or their passion will reignite.",/zNRLfwUGKaSQEDvOKlIOLGn8qRk.jpg,/4ctxEEXIDLRawB4To5ntzhbVqln.jpg,2009-12-17,5.376,1024,"['Comedy', 'Drama', 'Romance']",58000000,85280250,103,low
8427,tt0297181,I Spy,Attitude meets espionage.,"When the Switchblade, the most sophisticated prototype stealth fighter created yet, is stolen from the U.S. government, one of the United States' top spies, Alex Scott, is called to action. What he doesn't expect is to get teamed up with a cocky civilian, World Class Boxing Champion Kelly Robinson, on a dangerous top secret espionage mission. Their assignment: using equal parts skill and humor, catch Arnold Gundars, one of the world's most successful arms dealers.",/hmjCMtkeqxruMVocq7iwMx899xi.jpg,/qwGkQpQbDXuHDOq909RQmJPENwN.jpg,2002-10-31,5.413,1019,"['Action', 'Adventure', 'Comedy', 'Thriller']",70000000,51386477,97,low
9042,tt0402901,The Cave,There are places man was never meant to go.,"After a group of biologists discovers a huge network of unexplored caves in Romania and, believing it to be an undisturbed eco-system that has produced a new species, they hire the best American team of underwater cave explorers in the world. While exploring deeper into the underwater caves, a rockslide blocks their exit, and they soon discover a larger carnivorous creature has added them to its food chain.",/q7eyZY2Akj68ivnRZ86OduCUexy.jpg,/hHhZBHknSjrtSnIEVqQtAjMBNu9.jpg,2005-08-26,5.447,1011,"['Action', 'Adventure', 'Horror', 'Thriller']",30000000,33296457,97,low
243938,tt2637294,Hot Tub Time Machine 2,The laws of space and time are about to be violated.,"After their first adventure with the Hot Tub Time Machine, Lou and Nick are living very well off their ill-gotten gains, while Jacob still cannot rely on Lou to be a positive role model. When an unknown assailant breaks into Lou's mansion and shoots him, Nick and Jacob take him for another trip in the hot tub. They emerge in the year 2025, where they must figure out who shot Lou and prevent it from happening again.",/lBroHetSm8RMI8zp7ThpFJsw9E1.jpg,/iz0gx0msnS2G2vUcmigSE7aN4CL.jpg,2015-02-20,5.187,1002,['Comedy'],36000000,64800000,93,low
11453,tt0367652,Deuce Bigalow: European Gigolo,For the women of Europe... The price of love just got a lot cheaper.,Deuce Bigalow goes to Amsterdam after a little accident including two irritating kids and a bunch of aggressive dolphins. There he meets up with his old friend T.J. Hicks. But a mysterious killer starts killing some of Amsterdam's finest gigolos and T.J. is mistaken for the extremely gay murderer. Deuce must enter the gigolo industry again to find the real murderer and clear T.J.'s name.,/yXdQ4UGDFCsPrynJOdIk20AYLus.jpg,/lQFFYowxGHXCDTbHHeIeqBoJoYL.jpg,2005-08-12,5.289,1002,['Comedy'],22000000,45109561,83,low
49950,tt1265990,The Roommate,"2,000 colleges. 8 million roommates. Which one will you get?","When Sara, a young design student from Iowa, arrives for college in Los Angeles, she is eager to fit in and get to know the big city. Her wealthy roommate, Rebecca, is more than eager to take Sara under her wing and show her the ropes. The two become close, but when Sara begins to branch out and make more friends on campus, Rebecca becomes resentful. Alarmed, Sara moves in with her new boyfriend, causing Rebecca's behavior to take a violent turn.",/kQZcOn5rDuwpbQTluC4Wm0amYmR.jpg,/501U1FiY8ylubAlDbz6UcTHxvfA.jpg,2011-02-04,5.381,986,"['Thriller', 'Drama', 'Horror']",16000000,52545707,91,low
14620,tt0457297,The Butterfly Effect 2,Can you change your past without destroying your future?,"After his girlfriend, Julie, and two best friends are killed in a tragic auto accident, Nick struggles to cope with his loss and grief. Suffering from migraine-like seizures, Nick soon discovers that he has the power to change the past via his memories. However, his time-traveling attempts to alter the past and save his one true love have unexpected and dire consequences.",/g87nPhHf2xfENBV6PCbkO88sthd.jpg,/woUBg7Se10brZajZjg2uBklwXlM.jpg,2006-08-17,4.961,987,"['Drama', 'Science Fiction', 'Thriller']",6000000,0,92,low
299245,tt2309260,The Gallows,Every School Has Its Spirit.,"20 years after a horrific accident during a small town school play, students at the school resurrect the failed show in a misguided attempt to honor the anniversary of the tragedy - but soon discover that some things are better left alone.",/4oBk2DsYRO0VuloOX52ROmz2QhU.jpg,/x736Ayub2V1pSldtzigS35owWNN.jpg,2015-07-09,4.9,985,['Horror'],100000,42964410,81,low
10628,tt0257568,Kangaroo Jack,He stole the money... and he's not giving it back.,"Two childhood friends — a New York hairstylist and a wanna-be musician — get mixed-up with the mob and are forced to deliver $50,000 to Australia, but things go all wrong when the money is lost to a wild kangaroo.",/nflh9On0de4l7ItCl3n4NVXjmnm.jpg,/eSvRVTDjGJCbyc9Z51tvwMcs9B3.jpg,2003-01-17,5.3,981,"['Action', 'Adventure', 'Comedy', 'Family', 'Crime']",60000000,88900000,89,low
77948,tt1366365,The Cold Light of Day,Instinct is his greatest weapon.,"After his family is kidnapped during their sailing trip in Spain, a young Wall Street trader is confronted by the people responsible: intelligence agents looking to recover a mysterious briefcase.",/jLmKMhibZjHUYtsHQLIa5UBwqcc.jpg,/tkj4i4TQP6TijYxqUq6duPZUW2R.jpg,2012-04-04,5.378,979,"['Action', 'Thriller', 'Mystery']",20000000,16863583,93,low
592831,tt10128846,Megalopolis,"If you can't see a better future, build one.","In a futuristic New York known as New Rome, visionary architect Cesar Catilina dreams of building ""Megalopolis,"" a utopian city that redefines society’s limits. Opposing him is the corrupt Mayor Franklyn Cicero, who clings to power and profit. Between them stands Julia, the mayor’s daughter, whose love for Cesar forces her to choose between loyalty, ambition, and the fate of humanity.",/8Sok3HNA3r1GHnK2lCytHyBz1A.jpg,/1DHbZ1XRvdeXbD2P7W1OJbxqN9b.jpg,2024-09-25,5.194,978,"['Science Fiction', 'Drama', 'Fantasy']",120000000,14387154,138,low
55341,tt1139592,Jeepers Creepers 3,Third Time's the Charm,"Taking place on the last day of the Creeper’s twenty-three-day feeding frenzy, as the skeptical Sergeant Tubbs teams up with a task force hellbent on destroying the Creeper for good. The Creeper fights back in gory glory as its enemies grow closer than ever before to learning the secret of its dark origins.",/pK7ge28ubs45av9aGEbVWW7ZbA8.jpg,/l49X7KxytkRCdXrpAu92QqxVrN5.jpg,2017-09-26,4.9,974,['Horror'],6200000,4017852,100,low
259072,tt3612032,Wrong Turn 6: Last Resort,Checking into your worst nightmare!,"A sudden and mysterious inheritance brings Danny and his friends to Hobb Springs, a forgotten resort deep in the West Virginia hills. Hobb Springs is being looked after under the watchful care of Jackson and Sally, a socially awkward couple who introduce Danny to the long lost family he's never known. A clan by the name of Hillicker. But soon Danny learns his relatives have a different way of living, that for generations, the Hillickers have observed ancient traditions rooted in cannibalism and other taboo rituals.",/cV1biK7jlHVXlQ7ErYe5MUSBGcx.jpg,/iS3cMqqWQBehsm0b9Zb5ND4m2pf.jpg,2014-08-22,5.409,972,['Horror'],1200000,0,91,low
4551,tt0377471,Be Cool,Everyone is looking for the next big hit.,"Disenchanted with the movie industry, Chili Palmer tries the music industry, meeting and romancing a widow of a music executive along the way.",/ekKCH7Zkb5ZTr1f1AczZY23FH.jpg,/rAx0aCQ6luULuUb8tW6CD1365Mh.jpg,2005-03-04,5.5,967,"['Comedy', 'Crime']",53000000,95200000,119,low
456750,tt3317234,"Game Over, Man!",,Three friends are on the verge of getting their video game financed when their benefactor is taken hostage by terrorists.,/58BnnYeQOTzdMBghZIH1tSH0REx.jpg,/inhn4rTCAhvnu9yR5Kl1ZCRjBki.jpg,2018-03-23,5.457,962,"['Action', 'Comedy']",0,0,100,low
401905,tt0360556,Fahrenheit 451,Knowledge is a dangerous thing,"In an oppressive future, a 'fireman' whose duty is to destroy all books begins to question his task.",/urH9H50gKbUK8U6qTVd89SLQPjx.jpg,/7oy4miyq4WYYy0xtX6lbNVPrEsr.jpg,2018-05-12,5.445,932,"['Drama', 'Science Fiction', 'Thriller']",0,0,100,low
480042,tt6772804,Escape Plan: The Extractors,This time it’s personal.,"After security expert Ray Breslin is hired to rescue the kidnapped daughter of a Hong Kong tech mogul from a formidable Latvian prison, Breslin's girlfriend is also captured. Now he and his team must pull off a deadly rescue mission to confront their sadistic foe and save the hostages before time runs out.",/9qVzb6qDdh5ni76bLAPHAZDNHv4.jpg,/yxmfjj4YiFcJipn9nYVBRxeCvo9.jpg,2019-06-20,5.4,930,"['Action', 'Thriller', 'Crime']",3600000,1766092,97,low
528085,tt1918734,2067,The fight for the future has begun.,"A lowly utility worker is called to the future by a mysterious radio signal, he must leave his dying wife to embark on a journey that will force him to face his deepest fears in an attempt to change the fabric of reality and save humankind from its greatest environmental crisis yet.",/7D430eqZj8y3oVkLFfsWXGRcpEG.jpg,/5UkzNSOK561c2QRy2Zr4AkADzLT.jpg,2020-10-01,5.42,922,['Science Fiction'],0,0,114,low
104755,tt1731697,The Lords of Salem,We've been waiting...we've always been waiting.,"Heidi, a radio DJ, is sent a box containing a record - a ""gift from the Lords"". The sounds within the grooves trigger flashbacks of her town's violent past. Is Heidi going mad, or are the Lords back to take revenge on Salem, Massachusetts?",/nqZ6CGGZpQWt139YioekSYHvvkU.jpg,/qdrmWfJPewIeZE9gU9ihr9diPbm.jpg,2013-04-18,5.442,920,"['Horror', 'Thriller']",1500000,1165882,101,low
330947,tt2062700,Song to Song,Love. Obsession. Betrayal.,"In this modern love story set against the Austin, Texas music scene, two entangled couples — struggling songwriters Faye and BV, and music mogul Cook and the waitress whom he ensnares — chase success through a rock ‘n’ roll landscape of seduction and betrayal.",/itmaNi14GyWguTOywZ0mMzyScW9.jpg,/4fj9pWyIA3I2TxXXfXFRfIPbX0a.jpg,2017-03-17,5.482,913,"['Romance', 'Drama']",10000000,1710528,129,low
2312,tt0460780,In the Name of the King: A Dungeon Siege Tale,Rise and Fight,"A man named Farmer sets out to rescue his kidnapped wife and avenge the death of his son – two acts committed by the Krugs, a race of animal-warriors who are controlled by the evil Gallian.",/bbN1lmDk1PT0GsTFCy179sk5nIF.jpg,/5M187YumwzNjEdc4AH14dl9yAeB.jpg,2007-11-29,4.762,910,"['Adventure', 'Fantasy', 'Action', 'Drama']",60000000,13097915,127,low
44564,tt1578275,The Dilemma,Two best friends. Nothing could come between them... or could it?,"Longtime friends Ronny and Nick are partners in an auto-design firm. They are hard at work on a presentation for a dream project that would really launch their company. Then Ronny spots Nick's wife out with another man, and in the process of investigating the possible affair, he learns that Nick has a few secrets of his own. As the presentation nears, Ronny agonizes over what might happen if the truth gets out.",/a7EVBTqeh6NoCFDW24qIp11kyi9.jpg,/fgA9yAUvGBiuCQDOvGUbhMIofad.jpg,2011-01-13,5.3,909,"['Comedy', 'Drama']",70000000,67112664,111,low
9053,tt0398913,DOA: Dead or Alive,"They're the ultimate fighters. They've got the looks. They've got the moves, and the men fall at their feet.",Four beautiful rivals at an invitation-only martial-arts tournament join forces against a sinister threat. Princess Kasumi is an aristocratic warrior trained by martial-arts masters. Tina Armstrong is a wrestling superstar. Helena Douglas is an athlete with a tragic past. Christie Allen earns her keep as a thief and an assassin-for-hire.,/hRcYqTWgbPF3TtpSDfwqRDAJjlv.jpg,/dhRcHRpnKZR4k7lPu7MB5q5FOgb.jpg,2006-09-07,5.3,901,"['Adventure', 'Action', 'Thriller']",21000000,7600000,87,low
9796,tt0454970,Turistas,There are some places tourists should never go,A group of young backpackers' vacation turns sour when a bus accident leaves them marooned in a remote Brazilian rural area that holds an ominous secret.,/nvQqTMPVL8NDeHKEkzAL0ADIECS.jpg,/kN1YmRDoCoxauUoj0CCcYDzpQ9h.jpg,2006-12-01,5.474,881,"['Horror', 'Thriller']",10000000,14652825,93,low
11026,tt0204313,Exorcist: The Beginning,Go back to where the horror began.,"Years before Father Merrin helped save Regan MacNeil’s soul, he first encounters the demon Pazuzu in East Africa.",/4b7Mhc4HZN7XzMMLukaQ9C0x1Dx.jpg,/A2kXYkGGdeLU20YHPM9qs6GX9nN.jpg,2004-08-20,5.4,878,"['Horror', 'Mystery']",80000000,78000586,114,low
338964,tt1798603,Bad Santa 2,Giving the holidays another shot.,"Fueled by cheap whiskey, greed and hatred, Willie Soke teams up with his angry little sidekick, Marcus, to knock off a Chicago charity on Christmas Eve. Along for the ride is chubby and cheery Thurman Merman, a 250-pound ray of sunshine who brings out Willie's sliver of humanity. Issues arise when the pair are joined by Willie's horror story of a mother, who raises the bar for the gang's ambitions, while somehow lowering the standards of criminal behavior.",/xmsEwpA2fSq6IO3sfKrLuIPLHSc.jpg,/lj7enxOyRXazcCIFJyCn9dLuF2V.jpg,2016-11-23,5.419,866,"['Comedy', 'Crime', 'Mystery']",26000000,24100000,92,low
239573,tt2358925,Unfinished Business,Best business trip ever.,"A hard-working small business owner and his two associates travel to Europe to close the most important deal of their lives.  But what began as a routine business trip goes off the rails in every imaginable – and unimaginable – way, including unplanned stops at a massive sex fetish event and a global economic summit.",/eVWVZf3fkx9eNqbHyn9xNlmC2h4.jpg,/fPIuhCBHyAqZp93spcTTcABz13g.jpg,2015-03-05,5.459,865,['Comedy'],35000000,14431253,91,low
838484,tt11514780,Choose or Die,Sometimes a curse can be a gift.,"In pursuit of an unclaimed $125,000 prize, a broke college dropout decides to play an obscure, 1980s survival computer game. But the game curses her, and she’s faced with dangerous choices and reality-warping challenges. After a series of unexpectedly terrifying moments, she realizes she’s no longer playing for the money but for her life.",/jEYE5BPFd5FuPa1judcjpW6xqKp.jpg,/isxWigGBWpXtc2xOxybiYWxHzWm.jpg,2022-04-15,5.258,862,"['Horror', 'Thriller', 'Science Fiction']",0,0,85,low
385448,tt5493944,The Little Mermaid,A new twist on the classic tail,A young reporter and his niece discover a beautiful and enchanting creature they believe to be the real little mermaid.,/qEM80vqREgfjk7YhIbl4AgfZ47S.jpg,/9GHUJHFFOjJZUhE2jldhiWnoBye.jpg,2018-08-02,5.0,861,"['Family', 'Adventure', 'Fantasy', 'Romance', 'Drama']",0,2614006,98,low
284564,tt3835080,31,Welcome to hell.,"Five carnival workers are kidnapped and held hostage in an abandoned, Hell-like compound where they are forced to participate in a violent game, the goal of which is to survive twelve hours against a gang of sadistic clowns.",/jHkIIkP4O0vUkSACcizOPZQIiF7.jpg,/fJ53qYWJTLOfI2x0csL1vVYfUpa.jpg,2016-09-15,5.444,855,"['Horror', 'Thriller']",1500000,850419,102,low
203834,tt2300975,Jessabelle,The dead are back for life.,A young woman recuperating at her father's run-down home after a tragic accident soon encounters a terrifying presence with a connection to her long-deceased mother.,/9WP1ADKCeDG0avA0WSo4mUemTqW.jpg,/o2iN9n2ShVqobqnYR0odM6yIlgW.jpg,2014-11-07,5.426,848,"['Thriller', 'Horror']",1000000,23456897,90,low
465109,tt6821012,The Week Of,7 days. 2 families. No backing out.,The parents of a soon-to-be married couple make the final preparations for the wedding ceremony.,/60FYEhsnY1gHsqhMbfsC1uOP8cT.jpg,/9VMG7cqK895IZ02RfgpJ3JIK71Y.jpg,2018-04-27,5.472,844,['Comedy'],0,0,116,low
12448,tt0257778,The Hunchback of Notre Dame II,The Secret of the Bell,"Now that Frollo is gone, Quasimodo rings the bell with the help of his new friend and Esmeralda's and Phoebus' little son, Zephyr. But when Quasi stops by a traveling circus owned by evil magician Sarousch, he falls for Madellaine, Sarouch's assistant.",/14PSM6n9VSsiUwJhT0WZbgOuNvP.jpg,/bCvvGF2QljUG5MpSaTCAC1VMbvy.jpg,2002-02-06,5.4,843,"['Animation', 'Family', 'Comedy', 'Romance']",0,0,68,low
76487,tt1560985,The Devil Inside,No soul is safe.,"In Italy, a woman becomes involved in a series of unauthorized exorcisms during her mission to discover what happened to her mother, who allegedly murdered three people during her own exorcism.",/mtyFRIRBmrCE2XKU5EnEK8dtu2X.jpg,/5Ao48b5Fo3yBj5jHuQlpsLaC9JR.jpg,2012-01-06,4.684,838,"['Horror', 'Thriller']",1000000,101800000,83,low
3093,tt0430912,Basic Instinct 2,Everything interesting begins in the mind,"Novelist Catherine Tramell is once again in trouble with the law, and Scotland Yard appoints psychiatrist Dr. Michael Glass to evaluate her. Though, like Detective Nick Curran before him, Glass is entranced by Tramell and lured into a seductive game.",/yNRSbx6AhOlW673t2073Wr2iH4U.jpg,/g03rOxKeJJbgR3Lvzrcdii55dm8.jpg,2006-03-29,4.984,831,"['Crime', 'Mystery', 'Thriller']",70000000,38629478,114,low
373569,tt2334871,Snatched,"Mess with me, mess with my mother.","When her boyfriend dumps Emily, a spontaneous woman in her 30s, she persuades her ultra-cautious mom to accompany her on a vacation to Ecuador. When these two very different women are trapped on this wild journey, their bond as mother and daughter is tested and strengthened while they attempt to navigate the jungle and escape.",/gsleO1KultziWltEAngAEZkxQhf.jpg,/6JsYyN0qmV6fD6wfXFH0VSb3hSB.jpg,2017-05-03,5.345,825,"['Action', 'Comedy']",42000000,60800000,90,low
791,tt0432291,The Fog,There's more to fear than you can see.,"Trapped within an eerie mist, the residents of Antonio Bay have become the unwitting victims of a horrifying vengeance. One hundred years earlier, a ship carrying lepers was purposely lured onto the rocky coastline and sank, drowning all aboard. Now they're back – long-dead mariners who've waited a century for their revenge.",/v9vt49PUDJGkrMVjhb3yiYo7H4Y.jpg,/8nHYzBDeEPS0hbWYphQplhbTjQ3.jpg,2005-10-14,4.553,818,"['Horror', 'Mystery']",18000000,46201432,100,low
157544,tt1524575,The Vatican Tapes,"For 2,000 years the Vatican has recorded evidence of evil. May God have mercy on their souls.","In a highly secured vault deep within the walls of Vatican City, the Catholic Church holds thousands of old films and video footage documenting exorcisms/supposed exorcisms and other unexplained religious phenomena they feel the world is not ready to see. This is the first tape - Case 83-G - stolen from these archives and exposed to the public by an anonymous source.",/eXN0zdTpm772ZCfnCeLAONguqxe.jpg,/vxcUvt5V3qsDddh0ivgdeSLUMyG.jpg,2015-07-23,5.354,817,"['Thriller', 'Horror']",13000000,1784763,91,low
13121,tt0780622,Teeth,Every rose has its thorns.,"Dawn is an active member of her high-school chastity club but, when she meets Tobey, nature takes its course, and the pair answer the call. They suddenly learn she is a living example of the vagina dentata myth, when the encounter takes a grisly turn.",/p7OIPkN2LOBprQxQx7EZBa6m6W4.jpg,/3ScUr2Ng8uvuEw7TWi2XwnIy2o4.jpg,2008-01-18,5.397,804,"['Comedy', 'Horror']",2000000,2340110,94,low
290637,tt3733778,Pay the Ghost,Evil walks among us.,"One year after his young son disappeared during a Halloween carnival, Mike Cole is haunted by eerie images and terrifying messages he can’t explain. Together with his estranged wife, he will stop at nothing to unravel the mystery and find their son—and, in doing so, he unearths a legend that refuses to remain buried in the past.",/iHG1QcxaRCiFIdSK1HZA6zOEFsl.jpg,/hHwuzYiWtwxUw5Jf1Ue3ZPn04Vt.jpg,2015-09-16,5.384,803,['Horror'],0,2160298,94,low
10477,tt0132245,Driven,Get ready for the race of your life.,"Talented rookie race-car driver Jimmy Bly has started losing his focus and begins to slip in the race rankings. It's no wonder, with the immense pressure being shoveled on him by his overly ambitious promoter brother as well as Bly's romance with his arch rival's girlfriend Sophia. With much riding on Bly, car owner Carl Henry brings former racing star Joe Tanto on board to help Bly. To drive Bly back to the top of the rankings, Tanto must first deal with the emotional scars left over from a tragic racing accident which nearly took his life.",/8tJ4Ya8yEyxCMihDumEyvwvUuLB.jpg,/rODTjAT8q1u4ZXIVTCwsBbZo3EE.jpg,2001-04-27,5.1,803,"['Action', 'Drama']",94000000,54744738,116,low
38579,tt1392197,Marmaduke,Live large,"When Phil and Debbie Winslow relocate from their native Kansas to the sunny climes of Orange County, their big-hearted, havoc-wreaking Great Dane gets a taste of the dog's life, California-style.",/wNNqAqvOn717AWBhBQskH2Lnzmz.jpg,/cWsoE3pcNDDq7o6nEwBUMEFf8HL.jpg,2010-06-03,5.2,802,"['Family', 'Comedy']",50000000,83761844,88,low
242310,tt2401807,Rage,The past never stays dead,"When the Russian mob kidnaps the daughter of a reformed criminal, he rounds up his old crew and seeks his own brand of justice.",/1pC6xTd15iLIs5De7JKQfrDmKyd.jpg,/sg2ABfteLaTvYKe3LPPmQlZMrvN.jpg,2014-05-09,5.269,800,"['Action', 'Crime', 'Thriller']",15000000,2424381,98,low
6933,tt0479968,One Missed Call,What will it sound like when you die?,"Several people start receiving voice-mails from their future selves -- messages which include the date, time, and some of the details of their deaths.",/9pIvQaQV0sMHx7d3Ys9qTK9YqTZ.jpg,/s4hyfEJIFsOVnaEuoa3qoaVMV0u.jpg,2008-01-04,5.381,800,"['Horror', 'Mystery', 'Thriller']",20000000,45847751,87,low
532710,tt1798632,Firestarter,Never play with fire.,"For more than a decade, parents Andy and Vicky have been on the run, desperate to hide their daughter Charlie from a shadowy federal agency that wants to harness her unprecedented gift for creating fire into a weapon of mass destruction. Andy has taught Charlie how to defuse her power, which is triggered by anger or pain. But as Charlie turns 11, the fire becomes harder and harder to control. After an incident reveals the family's location, a mysterious operative is deployed to hunt down the family and seize Charlie once and for all. Charlie has other plans.",/jjBdPcQ0bplBnv2XgElKLoeFDuM.jpg,/bIFrsAcqkLUUxaaiqqpFexYPeCh.jpg,2022-05-12,5.484,799,"['Horror', 'Science Fiction', 'Thriller']",12000000,15039250,94,low
889,tt0158622,The Flintstones in Viva Rock Vegas,Get ready to rock!,"The Flintstones are at it again. The Flintstones and the Rubbles head for Rock Vegas with Fred hoping to court the lovely Wilma. Nothing will stand in the way of love, except for the conniving Chip Rockefeller who is the playboy born in Baysville but who has made it in the cutthroat town of Rock Vegas. Will Fred win Wilma's love?",/qTcf60dqziF7xU2amxIIsvrnkTl.jpg,/ykE7sbGKNkOfzKqVYIWUvo40hFD.jpg,2000-04-28,4.8,799,"['Comedy', 'Family', 'Romance']",83000000,59468275,91,low
8968,tt0357507,Boogeyman,You thought it was just a story.,"Every culture has one – the horrible monster fueling young children's nightmares. But for Tim, the Boogeyman still lives in his memories as a creature that devoured his father 16 years ago. Is the Boogeyman real, or did Tim make it up to explain why his father abandoned his family?",/5KffN0UcuAKJdUAcOvZ21OrqXc8.jpg,/sJEcInnWer58nvYEbZmrx5eAQ7R.jpg,2005-02-04,5.0,795,"['Thriller', 'Horror', 'Drama', 'Mystery']",20000000,67192859,89,low
8617,tt0926129,Prom Night,A Night To Die For.,"Donna's senior prom is supposed to be the best night of her life, though a sadistic killer from her past has different plans for her and her friends.",/pKSeyN02R5khphImEIpAdBjQgEP.jpg,/3jjOF43iyBeauKuPivyA1WDZbII.jpg,2008-04-10,5.065,786,"['Horror', 'Drama', 'Mystery']",20000000,14800000,89,low
449664,tt5159414,Escape Room,,Six friends test their intelligence when an escape room they participate in takes a dark and twisted turn.,/bq3wmW5ZJsnOHM6NLGsjDvX7CxB.jpg,/eNR9jpotNE7T0Ij1a1iz9zJERf1.jpg,2017-06-19,4.551,773,"['Horror', 'Thriller']",0,1870824,90,low
254474,tt2784512,Zombeavers,You'll all be dammed!,College friends find their weekend of sex and debauchery ruined when deadly zombie beavers swarm their riverside cabin.,/gdb7v5GCfijrCjOjzbziGMGs6JA.jpg,/bQ9WteldDPFAGCOzOvdfiMxZSpP.jpg,2014-10-20,4.942,765,"['Horror', 'Action', 'Comedy']",0,14947,77,low
10012,tt0257516,Cursed,Beware the full moon,"A werewolf loose in Los Angeles changes the lives of three young adults who, after being mauled by the beast, learn that the only way to break the curse put upon them is to kill the one who started it all.",/em45jL4CfTMyj5V83kj7rhdorJu.jpg,/mT26Lktm0paarsL2Au2VlOLJICh.jpg,2005-02-25,5.4,765,"['Horror', 'Comedy']",35000000,19300000,97,low
94348,tt1712170,Alex Cross,Don't Ever Cross Alex Cross,"Alex Cross, a genius homicide detective/psychologist is trying to clean up the mean streets of Detroit while keeping his family out of the line of fire. As he mulls over accepting a job with the FBI, he is told that a friend has been murdered and he vows to track down the killer. Soon, he and his team are forced to match wits with a psychotic contract killer, who displays a disturbing commitment towards seeing his job through.",/bQYXid9o6nunJBgmmjo6JFIQe1p.jpg,/rjQPQx8FvdYxPHMBBsQ8J4eD51N.jpg,2012-10-18,5.1,762,"['Action', 'Thriller', 'Crime', 'Mystery']",45000000,30353232,101,low
512025,tt8150814,There's Someone Inside Your House,Everyone has a secret to die for.,"As the countdown to graduation begins, students at Osborne High are being stalked by a maniac intent on exposing their darkest secrets to the entire town, terrorizing victims while wearing a life-like mask of their own face. With a mysterious past of her own, Makani and her friends must discover the killer's identity before they become victims themselves.",/GaPJQscaH4MtYQTbJyWjCUIho8.jpg,/rCzYrGstiybMwDPcZlePAN7IWBh.jpg,2021-09-24,5.344,758,"['Horror', 'Mystery']",0,0,96,low
420808,tt5635026,Peter Pan & Wendy,Escape to Neverland.,"Wendy Darling, a young girl afraid to leave her childhood home behind, meets Peter Pan, a boy who refuses to grow up. Alongside her brothers and a tiny fairy, Tinker Bell, she travels with Peter to the magical world of Neverland. There, she encounters an evil pirate captain, Captain Hook, and embarks on a thrilling adventure that will change her life forever.",/9NXAlFEE7WDssbXSMgdacsUD58Y.jpg,/8HfjrSxfTVKmjNh8cJjbu5eXzcX.jpg,2023-04-20,5.428,758,"['Family', 'Fantasy', 'Action', 'Adventure']",0,0,106,low
16991,tt1197628,Observe and Report,"Right now, the world needs a hero.","Mall security guard Ronnie Barnhardt is called into action to stop a flasher from turning shopper's paradise into his personal peep show. But when Barnhardt can't bring the culprit to justice, a surly police detective is recruited to close the case.",/zHuouWUKlRK0SeIjzTlmtoPLrFA.jpg,/aMUBgI9LyeX4QJ5Y1cizPFPpAYD.jpg,2009-04-10,5.41,741,"['Comedy', 'Crime', 'Drama']",18000000,24007324,86,low
10577,tt0219653,Dracula 2000,The Most Seductive Evil of All Time Has Now Been Unleashed in Ours.,"When a team of techno-savvy thieves break into a high-security vault, they don't discover priceless works of art... they find a crypt unopened for 100 years.",/jnAfl6GSZbBMigL98RJGbOSk4V1.jpg,/bYaSV1JD9f1FBPrCDTQvFl0wcgb.jpg,2000-12-22,5.2,738,['Horror'],28000000,47053625,99,low
329981,tt2582500,Shut In,Some fears can't be shut out.,"A widowed child psychologist lives in an isolated existence in rural New England. When caught in a deadly winter storm, she must find a way to rescue a young boy before he disappears forever.",/qXIGq6ddQhIYe4Z7A86nZ1qjUME.jpg,/4CmF4usDkX8EvJWbmMnKIS8o4qA.jpg,2016-11-11,5.283,734,"['Drama', 'Thriller']",10000000,13082071,91,low
277558,tt2124787,Final Girl,"She didn't start it, but she'll finish it.","Veronica, the new girl in town, is lured into the woods by a group of senior boys looking to make her a victim. But the boys don't know that Veronica's been trained to handle herself in surprisingly lethal ways.",/7liOzGi6DNESPv5gFC7g6mpqBSK.jpg,/9gCbfeAs2TbAlEnfSxJrJrZoCj9.jpg,2015-04-14,5.3,734,"['Action', 'Drama', 'Thriller']",0,0,90,low
42194,tt0411951,Tekken,Survival is no game,"In the year of 2039, after World Wars destroy much of the civilization as we know it, territories are no longer run by governments, but by corporations; the mightiest of which is the Mishima Zaibatsu. In order to placate the seething masses of this dystopia, Mishima sponsors Tekken, a tournament in which fighters battle until only one is left standing.",/1xO2LirDZstkqZic1FwfK6GJIHH.jpg,/sHm4T1o2lMYJHfch7aNxaiJPjsO.jpg,2010-03-20,5.337,733,"['Crime', 'Drama', 'Action', 'Thriller', 'Science Fiction']",30000000,1697207,92,low
169209,tt2171867,Empire State,Based on a true story.,"After failing to get into the police academy, Chris Potamitis settles for a security guard job with an armoured truck company. After he makes the mistake of mentioning the company's lax security to his best friend, He's unwittingly drawn into an elaborate scheme to rob the abundant amounts of cash being stored on their premises—resulting in the largest cash heist in U.S.history.",/uU4zhkZYVfo7MGKPVIYONseusoL.jpg,/mESAhF5QvbtPxEAiqlwP3qwKV3Z.jpg,2013-09-03,5.4,732,"['Action', 'Drama']",11000000,3639345,94,low
44113,tt1423995,Stone,Some People Tell Lies. Others Live Them.,"Parole officer Jack Mabry has only a few weeks left before retirement and wishes to finish out the cases he's been assigned. One such case is that of Gerald 'Stone' Creeson, a convicted arsonist who is up for parole. Jack is initially reluctant to indulge Stone in the coarse banter he wishes to pursue and feels little sympathy for the prisoner's pleads for an early release. Seeing little hope in convincing Jack himself, Stone arranges for his wife to seduce the officer, but motives and intentions steadily blur amidst the passions and buried secrets of the corrupted players in this deadly game of deception.",/mcdN6DntOAOtKNQKcRKnfFayFis.jpg,/vJFZLY3v9Ol8BGzVLNTZy2z3jvK.jpg,2010-10-07,5.294,727,"['Drama', 'Thriller', 'Action', 'Mystery']",22000000,9479718,105,low
2830,tt0270980,My Boss's Daughter,There are some things you just don't do.,"When a young man agrees to housesit for his boss, he thinks it'll be the perfect opportunity to get close to the woman he desperately has a crush on – his boss's daughter. But he doesn't plan on the long line of other houseguests that try to keep him from his mission. And he also has to deal with the daughter's older brother, who's on the run from local drug dealers.",/6z6ehjP1GyMLFeja9pHGGZb9B2.jpg,/f1RpiMkkJeMBxdz1IX7SpKwS5Tj.jpg,2003-08-21,5.048,722,"['Comedy', 'Romance']",14000000,0,83,low
323674,tt3799372,6 Years,,"A young couple bound by a seemingly ideal love, begins to unravel as unexpected opportunities spin them down a volatile and violent path and threaten the future they had always imagined.",/dE9kVpWI2F5jI8LGWby5t7iFwXe.jpg,/v5C8SDi6nGYI0dLbegvTyrU581p.jpg,2015-03-14,5.4,721,"['Romance', 'Drama']",0,0,80,low
97434,tt0404978,Gambit,A fake masterpiece. The perfect plan.,"An art curator decides to seek revenge on his abusive boss by conning him into buying a fake Monet, but his plan requires the help of an eccentric and unpredictable Texas rodeo queen.",/j8euGCM4GkRdPiPcelsLVVn0Bx1.jpg,/jBxQjghhOR3yyhf95cZtwqJ3Van.jpg,2012-04-25,5.496,719,"['Comedy', 'Crime']",0,1203942,89,low
339404,tt4565520,The Layover,The flight is off. The fight is on.,"When their plane is rerouted due to a hurricane warning, two single female best friends find themselves competing for the same guy during an extended layover in St. Louis.",/kb9osnqanXRpkpm1bnSqAhKoq5T.jpg,/ab9RFSA8ZBFl2MWe3g0YFkqgeNe.jpg,2017-09-01,5.372,718,"['Comedy', 'Romance']",0,0,88,low
58428,tt1594562,The Innkeepers,Some guests never checked out.,"During the final days at the Yankee Pedlar Inn, two employees determined to reveal the hotel's haunted past begin to experience disturbing events as old guests check in for a stay.",/aC9XHtf0Opw2IJDVjSkL8eO71An.jpg,/hgP1lEgyxFFhU607nqn0FHmG859.jpg,2011-08-18,5.4,713,"['Horror', 'Thriller']",750000,1200000,101,low
56715,tt0189192,Just Visiting,"They're not just from another time, they're from France.","A knight and his valet are plagued by a witch, and to repair the damage they make use of the services of a wizard. However, something goes wrong and they are transported from the 12th century to the year 2000. There the knight meets some of his family and slowly learns what this new century is like. However, he still needs to get back to the 12th century to deal with the witch, so he starts looking for a wizard. Remake of  1993 French film Les Visiteurs (The Visitors).",/7KqzbefXjADSUE8j2ZsrudvAArY.jpg,/iRYEGEbpjbPQrxAXcIg9wlaO2xm.jpg,2001-04-06,4.756,711,"['Comedy', 'Fantasy', 'Science Fiction']",35000000,16200000,88,low
9592,tt0470055,Open Water 2: Adrift,Fatigue. Hypothermia. Death.,A weekend cruise on a luxurious party yacht goes horribly wrong for a group of old high-school friends when they get stuck in the water many miles from shore and a happy reunion turns into a fight for survival.,/6bbQxUlPTBGYSWHMshG6K2MxtSl.jpg,/ApgpEdgtU9Y55mehnR9TV9wPyHd.jpg,2006-07-10,5.47,711,"['Drama', 'Horror', 'Thriller']",1200000,6816129,94,low
1792,tt0338466,Stuck on You,Brothers that are stuck together...stick together.,"In Martha's Vineyard, Mass., conjoined twins Walt and Bob Tenor make the best of their handicap by being the fastest grill cooks in town. While outgoing Walt hopes to one day become a famous actor, shy Bob prefers to stay out of the spotlight. When a fading Hollywood actress, Cher, decides to get her show ""Honey and the Beaze"" cancelled, she hires Walt -- and his brotherly appendage -- as her costars. But their addition surprisingly achieves the opposite.",/5TmPGPsOP4EgMo8X14pyywxB1j2.jpg,/bj4VHJFQOWXKgnvFrlHoBeOLU3M.jpg,2003-12-10,5.4,711,['Comedy'],55000000,65784503,119,low
345915,tt4694544,Once Upon a Time in Venice,Never mess with a man's dog.,"Steve Ford is a private detective in Venice Beach, Calif., who's good with the ladies, bad with the punches and wild about his dog Buddy. When local thugs steal Buddy, Ford turns to Spyder, their devious leader, and forges an unlikely alliance. With help from his best friend, Steve pulls out the big guns to retrieve Spyder's stolen cash and cocaine and save Buddy.",/5rr7tQfzS0ARqEea3W9SNSFGRzb.jpg,/wJQowXYcpcujDJA2NAM1GSCZtM2.jpg,2017-06-08,5.2,702,"['Action', 'Comedy', 'Thriller', 'Mystery']",0,855888,94,low
248504,tt3062074,Sharknado 2: The Second One,Shark happens!,"A freak weather system turns its deadly fury on New York City, unleashing a Sharknado on the population and its most cherished, iconic sites - and only Fin and April can save the Big Apple.",/GgZOBSNIkxz3qA66Jauv6VvIc.jpg,/xmBJ9nezUteqowdYfrW8383LHd9.jpg,2014-07-31,4.548,701,"['Thriller', 'Science Fiction', 'TV Movie']",0,0,95,low
186759,tt1468846,Get a Job,Graduating was the easy part.,"Life after college graduation is not exactly going as planned for Will and Jillian who find themselves lost in a sea of increasingly strange jobs. But with help from their family, friends and coworkers they soon discover that the most important (and hilarious) adventures are the ones that we don't see coming.",/eElBXTTBBy9xgnJh6rMQcXm17En.jpg,/simmMpmHLWsDYRRzQbCWcqMHrxw.jpg,2016-03-17,5.3,697,"['Drama', 'Comedy']",8000000,0,83,low
10007,tt0437179,See No Evil,Evil Gets Raw,"A group of delinquents are sent to clean the Blackwell Hotel but little do they know reclusive psychopath Jacob Goodnight has holed away in the rotting hotel. When one of the teens is captured, those who remain band together to survive against the brutal killer.",/6a0vqkB4SVIkl2JlHlUOcY9qmS.jpg,/hKog4zTxmcmEENHep6Yls3jufYM.jpg,2006-05-19,5.45,696,"['Horror', 'Thriller']",8000000,18700000,84,low
267806,tt3704538,V/H/S: Viral,Mayhem goes viral.,"As the streets of Los Angeles overflow with camera-wielding gawkers seeking to capture images of a bizarre police pursuit, the same people who sought to exploit the suffering of others for amusement on the Internet become the stars of a gruesome viral video from which no one gets out alive.",/aiowPXtxPMTG1RBL03CX38cafrQ.jpg,/mfP8XBN3qyXVmqH4YfDnUBA1y1j.jpg,2014-11-21,4.8,693,"['Horror', 'Thriller']",0,2756,81,low
11375,tt0329717,Hollywood Homicide,They're two cops with one shot at solving a murder... and surviving each other.,"Joe Gavilan and his new partner K. C. Calden, are detectives on the beat in Tinseltown. Neither one of them really wants to be a cop, Gavilan moonlights as a real estate broker, and Calden is an aspiring actor moonlighting as a yoga instructor. When the two are assigned a big case they must work out whether they want to solve the case or follow their hearts.",/Am7AhZYG7HLksY5E35oaEJ3Desz.jpg,/fQnbVD4wXaKeTHEYk6y2pn0GVAM.jpg,2003-06-09,5.2,689,"['Action', 'Adventure', 'Comedy', 'Thriller']",75000000,51142659,116,low
9557,tt0285462,Boat Trip,Singles Cruise. Double Trouble.,"Two guys whose love lives are a wreck look forward to finding ladies on the high seas. Unfortunately, they've mistakenly been booked on a gay cruise.",/xHFJt9nEfVIUItBfKZr7qhbgveL.jpg,/pVangQxphypCeoH84BY2yq8svMZ.jpg,2002-10-01,5.255,689,['Comedy'],20000000,8586376,94,low
654974,tt11012066,Home Sweet Home Alone,No parents. No problem.,"After being left at home by himself for the holidays, 10-year-old Max Mercer must work to defend his home from a married couple who tries to steal back a valuable heirloom.",/fP3VvqUjEBjawxZHL4sYCq2ZdJD.jpg,/a8tH0jl37366bLVyPB08dncgqqd.jpg,2021-11-11,4.9,686,"['Family', 'Comedy']",15000000,0,93,low
317091,tt3266284,November Criminals,,"When Addison investigates the murder of his friend Kevin with the help of Phoebe, they discover that the truth is darker than they had ever imagined.",/j22QBwmEClhpGiRrELXiEBOw81D.jpg,/2v6hzV33XZn1S4U40E4ZTYwP1eZ.jpg,2017-11-07,5.304,683,"['Crime', 'Drama', 'Mystery', 'Thriller']",0,0,86,low
193612,tt2235779,The Quiet Ones,A shocking experiment. An unspeakable evil.,A professor and his students perform a dangerous experiment that causes a young woman to lose her sanity.,/wLULlJrFzhWhJhmjgBTUw0OYv3P.jpg,/fme0BJIU46w1aGfOYXcUTDnLTQF.jpg,2014-04-25,5.102,681,['Horror'],200000,17834867,98,low
39691,tt1287468,Cats & Dogs: The Revenge of Kitty Galore,Just like real spies... only furrier.,The ongoing war between the canine and feline species is put on hold when they join forces to thwart a rogue cat spy with her own sinister plans for conquest.,/syV2naEnz7wbakOOk7XanPX8MjL.jpg,/uR8JBSxkctCr4LofMGoeri4oljj.jpg,2010-07-29,5.2,679,"['Family', 'Adventure', 'Comedy', 'Fantasy', 'Action']",85000000,112483764,82,low
340677,tt2679552,I.T.,Your life is not secure.,"Mike Regan is a successful, self-made man who has it all: a gorgeous wife, a beautiful teenage daughter and a sleek, state-of-the-art “smart home”. But he soon finds himself in a deadly, high-stakes game of cat-and-mouse when his I.T. consultant, Ed, starts using his skills to stalk Mike’s daughter and endanger his family, his business, and his life. In a world where there is no privacy, and personal secrets can go viral by the click of a mouse, Mike needs to rely on his old connections to defeat a new kind of nemesis.",/A5VrX0pzM2pnPNXwKO3jKTt35ux.jpg,/7ANVSRoyytu28zGOSXafMk0WbZM.jpg,2016-09-09,5.4,677,"['Thriller', 'Crime']",13000000,0,96,low
17130,tt0275022,Crossroads,Dreams change. Friends are forever.,"After eight years apart, three childhood friends - Lucy, Kit, and Mimi - rediscover their friendship on a cross-country trip. With barely a plan, practically no money but plenty of dreams, the girls catch a lift with Mimi's handsome friend Ben in his convertible. Along the way they not only gather experiences that will change their lives, but they also discover how important it is to hold onto their hearts' desires.",/prdFY9Bc28frBhhWl7mPSr7JmFp.jpg,/igpUTEhu5zEtGt19iPuDgfuxoyL.jpg,2002-02-15,5.195,676,"['Drama', 'Romance', 'Comedy']",12000000,61141030,93,low
329010,tt4503598,Emelie,I'm your new babysitter,"After their regular babysitter cancels, the Thompson family turns to her friend, Anna to supervise their children while the parents go out to celebrate their anniversary. At first Anna seems like a dream come true to the kids, allowing them to eat extra cookies and play with things that are usually off-limits, but as her behaviour becomes increasingly odd, the kids soon find out that her intentions are dark and twisted—and she is not who she seems to be.",/cfb1kzY0V4j0KKPLYMfXEo3t3op.jpg,/5QQ4nNfs1ANq12mvRldIzqdhiY9.jpg,2016-03-04,5.271,675,"['Horror', 'Thriller']",0,0,82,low
64586,tt1588398,Sleeping Beauty,What happens while she sleeps...,"A haunting erotic fairytale about Lucy, a young University student drawn into a mysterious hidden world of beauty and desire.",/l1Lx8iRsml1JnPBY0qgn6IN5FQg.jpg,/gLczEytN9xaib7BiagqQqxlZ6Hg.jpg,2011-06-10,5.4,675,"['Drama', 'Romance']",10000000,408680,102,low
9978,tt0457495,Stormbreaker,Rule the school. Save the world.,"Alex Rider thinks he is a normal school boy, until his uncle is killed. He discovers that his uncle was actually spy on a mission, when he was killed. Alex is recruited by Alan Blunt to continue the mission. He is sent to Cornwall to investigate a new computer system, which Darrius Sayle has created. He plans to give the new computer systems to every school in the country, but Mr. Blunt has other ideas and Alex must find out what it is.",/7uYi3be7gwoPMoIAi76vSd4Ci1i.jpg,/sWO8C8QlyodOZU6eOdVxsGfSQvv.jpg,2006-07-21,5.2,667,"['Adventure', 'Action', 'Family']",40000000,23900000,93,low
89691,tt1603257,ATM,No warning. No control. No escape.,"After leaving their company Christmas Party together, David Hargrove and Emily Brandt’s impromptu first date takes an unexpected turn when their coworker, Corey, asks them to make a late-night stop at an ATM.  What should be a routine transaction turns into a desperate struggle for survival when an unknown man appears outside the vestibule.",/kTfxloA4zUrL2jCII0IEGaivIwh.jpg,/9xZyePVQLrg1wRjXx7dmqCAAFpK.jpg,2012-02-17,5.085,666,"['Horror', 'Thriller']",3000000,921752,91,low
485415,tt3053228,Day of the Dead: Bloodline,Join the undying war.,"In a world overrun by zombies, military personnel and survivalists live in an underground bunker while they seek a cure.",/3jM4C1wJxHLWlF4tcSyyv6fnJPR.jpg,/cRu4ISJZWOSmg9zKE4CXHWk3aiG.jpg,2017-12-29,4.679,662,"['Action', 'Horror']",8000000,0,90,low
523638,tt6372694,Prisoners of the Ghostland,The granddaughter of the world's greatest leader is a hostage in the most dangerous place on Earth. Now only the deadliest man alive can save her.,"In the treacherous frontier city of Samurai Town, a ruthless bank robber is sprung from jail by wealthy warlord The Governor, whose adopted granddaughter Bernice has gone missing. The Governor offers the prisoner his freedom in exchange for retrieving the runaway. Strapped into a leather suit that will self-destruct within five days, the bandit sets off on a journey to find the young woman—and his own path to redemption.",/j5HRzcvN1QXZLvwfc3NLxX8XQJY.jpg,/pXn6x9SILzNT0ECPz87iEwyybA9.jpg,2021-08-31,5.001,659,"['Fantasy', 'Horror', 'Thriller', 'Action', 'Western']",0,0,103,low
146227,tt2167202,Getaway,Get in. Get out. Getaway.,"Former race car driver Brent Magna is pitted against the clock. Desperately trying to save the life of his kidnapped wife, Brent commandeers a custom Ford Shelby GT500 Super Snake, taking it and its unwitting owner on a high-speed race against time, at the command of the mysterious villain holding his wife hostage.",/z4sEWm1ykf9WX5WJU4XMD4oI5sI.jpg,/7FmaBXCV2CS6pQn6g6irigk5c6J.jpg,2013-08-29,5.033,659,"['Action', 'Crime']",18000000,10501938,90,low
9290,tt0231402,Crocodile Dundee in Los Angeles,He heard there was wildlife in L.A. He didn't know how wild.,"After settling in the tiny Australian town of Walkabout Creek with his significant other and his young son, Mick ""Crocodile"" Dundee is thrown for a loop when a prestigious Los Angeles newspaper offers his honey a job. The family migrates back to the United States, and Croc and son soon find themselves learning some lessons about American life -- many of them inadvertent",/hwt6iJjPuXRDKJON5s9G9pdfPbu.jpg,/t5OzCbZncDwYZAM7tFnDeOxWg1R.jpg,2001-04-12,5.2,659,"['Adventure', 'Comedy']",21150000,39438674,95,low
724989,tt11656172,Hard Kill,Take on a madman. Save the world.,"The work of billionaire tech CEO Donovan Chalmers is so valuable that he hires mercenaries to protect it, and a terrorist group kidnaps his daughter just to get it.",/ugZW8ocsrfgI95pnQ7wrmKDxIe.jpg,/86L8wqGMDbwURPni2t7FQ0nDjsH.jpg,2020-09-04,5.0,657,"['Action', 'Adventure', 'Thriller']",0,111523,98,low
1977,tt1053859,The Grudge 3,You can't escape the curse.,"Jake Kimble, the sole survivor of the Chicago massacre, is killed while in solitary confinement. His doctor begins investigating the claims he made about a long-haired woman in white, as a mysterious Japanese woman arrives at his old apartment building to help them get rid of the curse.",/uEOWWRr8BbgPM0BiJiSTwHGaRx4.jpg,/e3fp9XMQ13b0OCKw9gR3h7ZYoaw.jpg,2009-05-12,5.4,655,"['Mystery', 'Horror', 'Thriller']",5000000,38610009,90,low
590706,tt9624766,Jiu Jitsu,"From the darkness, the ultimate fighter rises.","Every six years, an ancient order of jiu-jitsu fighters joins forces to battle a vicious race of alien invaders. But when a celebrated war hero goes down in defeat, the fate of the planet and mankind hangs in the balance.",/eLT8Cu357VOwBVTitkmlDEg32Fs.jpg,/an4UrbuWK7TEOeur9TesuMzqSYC.jpg,2020-11-20,4.8,649,"['Action', 'Science Fiction', 'Fantasy']",23000000,99924,102,low
257345,tt1878841,The Darkness,Evil comes home,A family returns from a Grand Canyon vacation with a supernatural presence in tow.,/7i7yuJoXCv12rQwYdSWcImhryrL.jpg,/e7iYPtFq1qjNRdMd8gwl8w8xmPC.jpg,2016-05-13,4.777,643,"['Horror', 'Thriller']",4000000,10904495,92,low
35169,tt0492389,Furry Vengeance,He came. He saw. They conquered.,"When real estate developer Dan Sanders finalizes plans to level a swath of pristine Oregon forest to make way for a soulless housing subdivision, a band of woodland creatures rises up to throw a monkey wrench into the greedy scheme. Just how much mischief from the furry critters can the businessman take before he calls it quits?",/604qqquWBgFy34jLhHLtebFPQy6.jpg,/AwWMcB5lFPLe8nZVXrBqPdHQ26.jpg,2010-04-30,5.0,641,"['Family', 'Comedy']",35000000,36236710,92,low
10461,tt0208988,Get Carter,The Truth Hurts,"Jack Carter, a mob enforcer living in Las Vegas, travels back to his hometown of Seattle for his brother's funeral. During this visit, Carter realizes that the death of his brother was not accidental, but a murder. With this knowledge, Carter sets out to kill all those responsible.",/xGANaRWD6638ch1qQmqgRp395R6.jpg,/6TXJyG1MqcSZmcTjk1wrjsrhBWT.jpg,2000-10-06,5.2,641,"['Action', 'Drama', 'Thriller', 'Crime']",63600000,19412993,102,low
339103,tt1801552,Gotti,He showed the world who's boss.,"John Gotti rises to the top of the New York underworld to become the boss of the Gambino crime family. His life takes a tumultuous turn as he faces tragedy, multiple trials and a prison sentence.",/cUCX6B0FGTsHC5D8L2CF0gJrQCm.jpg,/2ONQC1jV5ucuNmbJjd4JtGx5NFp.jpg,2018-06-14,5.313,637,"['Crime', 'Drama', 'History', 'Thriller']",10000000,4343227,106,low
57876,tt1519461,Area 51,They're Here.,"Three young conspiracy theorists attempt to uncover the mysteries of Area 51, the government's secret location rumored to have hosted encounters with alien beings. What they find at this hidden facility exposes unimaginable secrets.",/ochcUJTPQSfU5fDMA21y4xoDzeX.jpg,/rQsEthDKRpADn8IK3BXX3FdcRf1.jpg,2015-05-15,4.9,633,"['Horror', 'Mystery', 'Science Fiction']",5000000,7556,91,low
14113,tt0383060,Zoom,They're going to save the world... as long as they're home for dinner.,"Jack Shepard is an out-of-shape auto shop owner, far removed from the man who once protected the world's freedom. Reluctantly called back into action by the government, Jack is tasked with turning a ragtag group of kids with special powers into a new generation of superheroes to save the world from certain destruction.",/v4rSFmiy0v9D7qmKkaUVJn5UhZ1.jpg,/n3PvPAdpnh1eaGXzfkXDBzm9GaJ.jpg,2006-08-11,5.31,633,"['Family', 'Comedy', 'Adventure', 'Action', 'Science Fiction']",75600000,12506188,88,low
87436,tt1935896,The ABCs of Death,"26 directors, 26 ways to die.","An ambitious anthology film featuring segments directed by over two dozen of the world's leading talents in contemporary genre film. Inspired by children's educational ABC books, the film comprises 26 individual chapters, each helmed by a different director assigned a letter of the alphabet. The directors were then given free reign in choosing a word to create a story involving death.",/k3TcTGCgvvvhAiW9pkyWNz9CoNN.jpg,/XhcwHFuSPj4TOvQgdARk4Fes2U.jpg,2013-03-08,4.955,630,['Horror'],0,23589,129,low
254191,tt3177316,Honeymoon,After the ceremony comes the ritual.,"On her honeymoon, a young bride sleepwalks into the woods surrounding a secluded cabin. When she returns, she looks the same—but something about her is terrifyingly different.",/8XPGgvhsJxFvmVH9xAm9q9J7Coy.jpg,/xuA7vrQJ6aorU0lpenN13Jk9eIz.jpg,2014-09-12,5.418,628,"['Horror', 'Science Fiction']",1000000,9318,88,low
10718,tt0329691,Torque,Circuit of Fire,"Biker Cary Ford is framed by an old rival and biker gang leader for the murder of another gang member who happens to be the brother of Trey, leader of the most feared biker gang in the country. Ford is now on the run trying to clear his name from the murder with Trey and his gang looking for his blood.",/pY35tW8BMAjZewl87OxjXK8ui02.jpg,/giQy3vmsOIbNCMZ9EAZScSQZ3jo.jpg,2004-01-16,5.292,626,"['Action', 'Comedy', 'Crime']",40000000,46546197,84,low
13486,tt1104123,The Scorpion King 2: Rise of a Warrior,See how the legend of The Scorpion King began!,"The heroic tale of young Mathayus and his relentless quest for justice against an evil and powerful villain, King Sargon. Mathayus faces heart-stopping tribulations during his adventurous, odds-defying trajectory toward his ultimate destiny: becoming the formidable warrior king of an ancient desert empire.",/osZ6HJJBPwptZLTXFYbGQ0Jc7WB.jpg,/mFhz8N5lyficOCh9tA7pSebOdMw.jpg,2008-07-19,4.77,622,"['Action', 'Adventure', 'Fantasy']",0,0,109,low
407559,tt5059406,I Am the Pretty Thing That Lives in the House,In the middle of life and death...,A young nurse takes care of an elderly author who lives in a haunted house.,/lq8ktDO2uqJFgV0jRlMQlPSmNm8.jpg,/vTfQfWUaj4QUJFvtCUHShIxrIuW.jpg,2016-09-10,4.6,615,"['Horror', 'Mystery']",0,0,89,low
438689,tt6494418,Siberia,This was not the plan.,"Lucas, a diamond trader who travels to Saint Petersburg to arrange a sale, discovers that his Russian business partner has left his hotel and gone to a small Siberian village, so Lucas also heads there to try find him.",/eGfIsvdrUhTlQOkxQIELU7obDYj.jpg,/rp6aXM2EWkaUdq6zbSlhUOY2869.jpg,2018-07-13,4.73,613,"['Crime', 'Romance', 'Thriller']",2000000,2006704,105,low
345923,tt4486986,All I See Is You,An obsessive love story.,"After a successful experimental surgery restores her eyesight, a young woman sees her marriage spiral in a disturbing direction.",/wc9MgFWuBl3VS72w6VtiZXTgN79.jpg,/azFMUsxP0Dy1ZbVLCsZNZ1IcKqO.jpg,2017-08-10,5.2,613,"['Mystery', 'Thriller', 'Drama']",30000000,646946,110,low
43552,tt1452628,Vanishing on 7th Street,Stay in the light.,"A mysterious global blackout yields countless populations to simply vanish, leaving only their clothes and possessions behind. A small handful of survivors band together in a dimly-lit tavern on 7th Street, struggling to combat the apocalyptic horror. Realizing they may in fact be the last people on earth, a dark shadow hones in on them alone.",/8LkZFmL2UHbmP7UnjlRP5gqvvqh.jpg,/aV5j1ksfJGf6idbY5O6i2IyefTI.jpg,2010-09-11,5.323,609,"['Mystery', 'Horror', 'Thriller']",10000000,1671196,92,low
259018,tt2314824,Behaving Badly,"One good girl, several very bad choices","Teenager Rick Stevens is willing to do whatever it takes to win the heart of Nina Pennington. He'll have to deal with his best friend's horny mom, a drug abusing boss and even the mob if he ever hopes to land the girl of his dreams. Love is never easy!",/vHPRAvYa4AT2KfORbpTlhNGtGEI.jpg,/odjVFoEy7Qyko2qooWDbT5OuLUx.jpg,2014-04-14,5.3,608,['Comedy'],0,422697,92,low
65055,tt1633356,Shark Night 3D,Terror runs deep.,A weekend at a lake house in the Louisiana Gulf turns into a nightmare for seven vacationers as they are subjected to fresh-water shark attacks.,/cjfRqUXtNc2iJHfP60HTq9nFs0.jpg,/6eyh5qNNfdEHyNIn3NKf5MzxV8R.jpg,2011-09-02,5.1,605,"['Thriller', 'Horror']",28000000,10126458,91,low
763164,tt13265876,Apex,The hunters will be hunted.,"Ex-cop Thomas Malone is serving a life sentence for a crime he didn’t commit. He is offered a chance at freedom if he can survive a deadly game of Apex, in which six hunters pay for the pleasure of hunting another human on a remote island. He accepts, and once he arrives, all hell breaks loose.",/chTkFGToW5bsyw3hgLAe4S5Gt3.jpg,/4gKxQIW91hOTELjY5lzjMbLoGxB.jpg,2021-11-12,5.139,603,"['Action', 'Thriller', 'Science Fiction']",0,0,93,low
505177,tt6210996,10 x 10,There are some secrets we cannot escape,"Lewis is an outwardly ordinary guy, but in reality he is hiding an obsession – revenge – against Cathy. Lewis kidnaps Cathy in broad daylight and takes her to his home, where he locks her in a soundproof cell and attempts to extract a dark secret from her past.",/egMETBYual2JtfFGigXTA0tGkME.jpg,/9QWBstBOwv36cuv0hK4esNyFnvo.jpg,2018-03-16,5.2,602,"['Thriller', 'Mystery']",0,68260,86,low
9656,tt0454082,Black Christmas,Let the slay ride begin.,"As the residents of sorority house Pi Kappa Sigma prepare for the festive season, a stranger begins a series of obscene phone calls with dubious intentions...",/ggxi18MGqi0lucWvfsdYkzSdGUJ.jpg,/zhRCgJJqNyMV3GZjk5YX61IV7SU.jpg,2006-12-15,5.2,601,"['Horror', 'Mystery']",9000000,21510851,92,low
8998,tt0436331,Friends with Money,,"As she reaches her mid-thirties and quits her lucrative job, singleton Olivia finds herself unsure about her future and her relationships with her successful and wealthy friends. She begins to envy the security of her richer friends and, although their lives may seem easier, Olivia's friends have their problems too: screenwriters Christine and Patrick are unable to collaborate on their latest project, Jane and Aaron have lost the romance in their relationship, and Franny and Matt have difficulties handling the demands of parenthood.",/hJmfZ1b6ZzT4bORo4f2FyWbkgAx.jpg,/6ReVMJu87CMRH9ev0Py82weI1ro.jpg,2006-04-07,5.142,601,"['Comedy', 'Drama', 'Romance']",6500000,13400000,88,low
551808,tt10481868,Black Christmas,"Slay, girls.",A group of sorority pledges are stalked by a stranger during their Christmas break. That is until the young women discover that the killer is part of an underground campus conspiracy.,/iMBlUzqwpz9ffbeLsYjyHPp8tn8.jpg,/q2HrQ4npegpNubovQqoIOR2JEoN.jpg,2019-12-11,4.6,600,"['Horror', 'Mystery']",5000000,18529730,92,low
146203,tt2034139,The Last Exorcism Part II,The second coming,"As Nell Sweetzer tries to build a new life, the evil force that once possessed her returns with an even more horrific plan.",/260ztSWhGIYSLAjDC6smFWcdUSp.jpg,/cQE2dSKpt31WNtiRipbYBlJz5YE.jpg,2013-02-28,4.682,600,"['Horror', 'Thriller']",5000000,15200000,88,low
37931,tt1470023,MacGruber,He's the ultimate tool.,"Ex-special operative MacGruber is called back into action to take down his archenemy, Dieter Von Cunth, who's in possession of a nuclear warhead and bent on destroying Washington, DC.",/1eZEk793evkaIOjBwNO2cFS6h5x.jpg,/q3ySVO0N9tHw00heI0Wd1B9Qwih.jpg,2010-05-21,5.419,600,"['Action', 'Comedy']",10000000,9322895,90,low
241258,tt3216348,Incarnate,Faith has failed us.,An exorcist comes up against an evil from his past when he uses his skills to enter the mind of a nine year old boy.,/8j8PLnghBHpDEGfANNh8wc5cT4F.jpg,/okVPfrSx6RopERpOqMnVzpD50ey.jpg,2016-12-01,5.5,596,"['Horror', 'Thriller']",5000000,9371036,87,low
82657,tt1975159,Flight 7500,"At 30,000 feet. There's Nowhere to Run.","Flight 7500 departs Los Angeles International Airport bound for Tokyo. As the overnight flight makes its way over the Pacific Ocean during its ten-hour course, the passengers encounter what appears to be a supernatural force in the cabin.",/mRO8pbC9W4Uf0FSe0H8stZl2agI.jpg,/uLTsMbyerQIBRAtP38JGg0PjA3C.jpg,2014-05-16,4.919,596,"['Thriller', 'Horror', 'Mystery']",0,0,79,low
4723,tt0405336,Southland Tales,Have a nice apocalypse.,"Set in the futuristic landscape of Los Angeles on July 4, 2008, as it stands on the brink of social, economic and environmental disaster. Boxer Santaros is an action star who's stricken with amnesia. His life intertwines with Krysta Now, an adult film star developing her own reality television project, and Ronald Taverner, a Hermosa Beach police officer who holds the key to a vast conspiracy.",/7dbIDQ80z4bxiDlAvxRwc5TI44C.jpg,/oaT5yMG61XetddVmymGrDVeoCg4.jpg,2007-11-14,5.2,596,"['Science Fiction', 'Thriller', 'Comedy']",17000000,374743,145,low
9750,tt0424823,Balls of Fury,A huge comedy with tiny balls.,Randy Daytona was a child ping pong prodigy who lost his chance at Olympic gold when his father is murdered by the mysterious Feng over a gambling debt. 15yrs later he's down on his luck and scraping a living doing seedy back room shows in Vegas; when the FBI turn up and ask for his help to take down Feng... who just happens to love Ping Pong.,/1Uc6lFCcNlaKP5uLJdQAhdDfihy.jpg,/cUDzGeQ5d4LVDu8ma1z9U02fo3k.jpg,2007-08-29,5.311,594,"['Comedy', 'Crime']",0,41098065,90,low
9682,tt0454919,Pulse,You are now infected.,"When the dead discover a means to contact the living through electronic devices, cellphones and computers become open gateways to monstrosities and destruction.",/9ePdNzKVvGHsMMphfS3HeoMvuEX.jpg,/dTDETgmTPeEbnI3cwfQhTETgygv.jpg,2006-08-11,5.063,589,"['Horror', 'Science Fiction', 'Mystery', 'Drama']",38000000,29907685,88,low
419700,tt5893332,Sandy Wexler,,"When a hapless but dedicated talent manager signs his first client who actually has talent, his career finally starts to take off.",/38SDqWOt4utiLOnWlas7BfrYQGS.jpg,/bwIOaSrHGnzNBxs9aM3yKBlNKpp.jpg,2017-04-14,5.5,586,"['Comedy', 'Drama', 'Romance']",0,0,130,low
11127,tt0844760,Starship Troopers 3: Marauder,Do you have what it takes to be a Citizen?,"The war against the Bugs continues! A Federation Starship crash-lands on the distant Alien planet OM-1, stranding beloved leader Sky Marshal Anoke and several others, including comely but tough pilot Lola Beck. It's up to Colonel/General Johnny Rico, reluctant hero of the original Bug Invasion on Planet P, to lead a team of Troopers on a daring rescue mission.",/vh5nospDpMOxZhyhRiXWWMmSFQe.jpg,/5BVdyO8B7v8yJhBlKuBDyxeS9Jz.jpg,2008-07-19,4.841,585,"['Adventure', 'Science Fiction', 'Action']",20000000,0,105,low
10067,tt0393735,The Shaggy Dog,It's going to be a ruff day.,The tale of a workaholic dad-turned-dog who finds that being man's best friend shows him the most important job - being a great dad.,/tGX3YyPaYMbjiRwR5PjRsJW7GtM.jpg,/veUujxONO3SyAvfZp5QndqPSzLg.jpg,2006-03-09,4.907,584,"['Comedy', 'Family']",50000000,87134280,98,low
331962,tt4019560,Exposed,Some secrets are better left buried,"After witnessing a miracle, a young Latina woman experiences strange things as a police detective searches for the truth behind his partner's death.",/nM26QosEfgjEegONCiNNrYMBTxD.jpg,/j7xtt1lTvqInvyAke7RfrhzTEQ6.jpg,2016-01-22,4.9,570,"['Drama', 'Crime', 'Thriller', 'Mystery']",0,269915,102,low
57089,tt0844993,Hoodwinked Too! Hood VS. Evil,Not All Fairy Tales Go By the Book.,"Red Riding Hood is training in the group of Sister Hoods, when she and the Wolf are called to examine the sudden mysterious disappearance of Hansel and Gretel.",/3ofAJDO8A7ulJwgMGKcwEOPNWV3.jpg,/75P2ocwRhLuxNDJ5HrNFjtiqEqq.jpg,2011-04-29,5.1,568,"['Comedy', 'Animation', 'Family']",30000000,13500000,86,low
42941,tt1320304,30 Days of Night: Dark Days,Don't walk into the dark.,"After surviving the incidents in Barrow, Alaska, Stella Olemaun relocates to Los Angeles, where she intentionally attracts the attention of the local vampire population in order to avenge the death of her husband, Eben.",/bXHaXVGncI2WKUrNRYDyTyj3ymR.jpg,/f0vr5jyM416F5utSXdrKL2g0h06.jpg,2010-10-04,5.028,568,"['Horror', 'Thriller']",0,0,92,low
79316,tt2752758,Devil's Due,The Devil Always Gets His Due.,An unexpected pregnancy takes a terrifying turn for newlyweds Zach and Samantha McCall.,/56zW5kl6b10UNIXpQZTUXV2iygC.jpg,/22qysYEwRuULLU9Ep8IkxPFOUnR.jpg,2014-01-08,4.667,566,['Horror'],7000000,36433975,89,low
492336,tt7086706,Deep Blue Sea 2,Stronger. Wiser. Deadlier.,"When shark conservationist Dr. Misty Calhoun is invited to consult on a top-secret project run by pharmaceutical billionaire Carl Durant, she is shocked to learn that the company is using unpredictable and highly aggressive bull sharks as its test subjects, which soon break loose and cause havoc.",/xqjAHXMJLORx9vVsCTJ6ZPJcr3D.jpg,/5UKLqsKJIhouJPVr8AQSTuh7S4n.jpg,2018-04-17,5.1,557,"['Action', 'Horror', 'Science Fiction']",0,0,94,low
265016,tt2960930,Extraterrestrial,They do not come in peace.,"Five friends set out to a cabin in the woods for a fun weekend getaway that is, until extraterrestrial visitors turn it into a fight for their lives. The group is pulled from their reverie when a flickering object crashes deep in the woods. As they investigate, the friends stumble across an alien spacecraft, and its inhabitants have not arrived in peace.",/mmiG916iIh6w378qBjRfTonqOWb.jpg,/bNgxtB19C56xd57uEmnXF66knD3.jpg,2014-10-17,5.5,552,"['Horror', 'Science Fiction']",0,0,101,low
619592,tt10308928,Force of Nature,When the perfect crime meets the perfect storm.,A gang of thieves plan a heist during a hurricane and encounter trouble when a disgraced cop tries to force everyone in the building to evacuate.,/ucktgbaMSaETUDLUBp1ubGD6aNj.jpg,/5pfk7bITD5nBqYGJE2slHn4nx3l.jpg,2020-07-02,5.166,551,"['Action', 'Adventure', 'Crime', 'Thriller']",15000000,638221,91,low
63207,tt1634121,Intruders,The Nightmare is Real.,"Though no one can see him, Hollow Face lurks in the corners, desperately desiring love but only knowing how to spread fear and hate. He creeps into the life of John Farrow after Farrow’s beloved 13-year-old daughter Mia is assaulted in their home. The line between the real and the imaginary blurs as fissures start to open within the family unit. It seems that no security measure can keep Hollow Face out.",/erGjRCwzKOGHxJ32fR5ObGYtBBK.jpg,/5xkUNp36OqJLm7ERfVIEinZrxQW.jpg,2011-09-12,5.5,551,"['Thriller', 'Horror', 'Fantasy']",13000000,3012210,100,low
1001414,tt31433402,Fear Street: Prom Queen,Winning just might be the death of you.,"Who will be voted queen at Shadyside High's 1988 prom? For underdog Lori, competition is cutthroat even before someone starts killing off the candidates.",/gevScWYkF8l5i9NjFSXo8HfPNyy.jpg,/qspghhpOyaBGgZDJoCbV2o9WNMU.jpg,2025-05-23,5.4,549,"['Horror', 'Mystery']",0,0,90,low
481375,tt2386237,Malevolent,,"A brother-sister team who fake paranormal encounters for cash get more than they bargained for when a job at a haunted estate turns very, very real.",/gbq5yQTQ1AfcBQb0y4ozUPTzd8Y.jpg,/i2PQLKOun5HzRMuGEG6tzeBIcbF.jpg,2018-12-13,5.024,548,['Horror'],0,0,89,low
480572,tt6204340,Bullet Head,,A group of career criminals finds itself trapped in a warehouse with the law – and an Attack Dog named DeNiro closing in.,/ySmKQPjWnNzuZ5YliQaOVEnWn2.jpg,/dghqiKjqZwFXTz5OCFYORflLAJO.jpg,2017-12-07,4.997,548,"['Crime', 'Drama', 'Thriller']",0,87465,93,low
43931,tt0872230,My Soul to Take,Only One Has The Power To Save Their Souls.,"On the day the Riverton Ripper vanished without a trace, seven children were born. Today, they're all turning 16... and turning up dead.",/3dOFUWCue0ovlGpUhuEDmOikTPk.jpg,/78cFqQ7E2p5a59Liuh0jpBDTcj2.jpg,2010-10-08,5.473,548,"['Horror', 'Mystery']",25000000,21500813,107,low
10710,tt0326856,Envy,"Success didn’t go to his head, it went to his neighbor.",A man becomes increasingly jealous of his friend's newfound success.,/RMaKg5mVnGVI0z3SvIgS7hYPUt.jpg,/rgImWBvvXCGTl4mNJ3L5960svfV.jpg,2004-04-30,4.9,547,['Comedy'],40000000,14494036,99,low
204349,tt2281159,Contracted,Not your average one night stand.,A young woman contracts what she believes to be an STD—but it ends up being a far worse disease.,/3Be1XlwkmJ9CLBND35ww2Pg3Qs.jpg,/9ZU024IGapsV7Rle7haBIZy6eBh.jpg,2013-07-07,5.379,540,"['Horror', 'Thriller']",0,58221,84,low
86467,tt1440732,Bel Ami,Temptation. Seduction. Obsession.,"Georges Duroy travels through 1890s Paris, from cockroach ridden garrets to opulent salons, using his wits and powers of seduction to rise from poverty to wealth, from a prostitute’s embrace to passionate trysts with wealthy beauties, in a world where politics and media jostle for influence, where sex is power and celebrity an obsession.",/59bgVtpX6MPy2d5zberJiRNkDDx.jpg,/uSqul7QkHCRvElhWtqO5ZkcnoqV.jpg,2012-03-09,5.3,539,"['Romance', 'Drama']",9000000,8303261,102,low
347882,tt4573516,Sleight,You can change the cards you're dealt,"A young street magician is left to take care of his little sister after his mother's passing and turns to drug dealing in the Los Angeles party scene to keep a roof over their heads. When he gets into trouble with his supplier, his sister is kidnapped and he is forced to rely on both his sleight of hand and brilliant mind to save her.",/eLk7yoWxK4S0xkV24YWoPKbIsbf.jpg,/zKZqtGKmysHNbmsJQWS51rywROw.jpg,2016-04-28,5.424,537,"['Drama', 'Thriller', 'Action', 'Science Fiction']",250000,3989705,89,low
10685,tt0204626,The Watcher,Don't go home alone.,"FBI agent Joel Campbell, burnt-out and shell-shocked after years spent chasing serial killers, flees L.A. to begin a new life for himself in Chicago. But five months later, Joel's best laid plans are abruptly cut short when his new hometown becomes the setting for some particularly gruesome murders--murders that could only have been committed by one man: David Allen Griffin. One of Joel's most elusive and cunning nemeses, Griffin has followed his former pursuer to Chicago in order to play a sadistic game of cat and mouse. Taunting Joel with photographs of his intended victims and leaving his crime scenes meticulously free of clues in order to keep the police at bay, Griffin derives as much pleasure out of watching Joel react to every movement as watching his victims die. But when Griffin moves into Joel's inner circle, Joel must quickly find some way to stop him before someone close to him becomes the next one to die.",/hsMvndtd3KPAvJ3q7zKZuNSB1R3.jpg,/dtFS7DS64umOHK6PcfabXtDaf2w.jpg,2000-09-08,5.12,536,"['Mystery', 'Thriller']",33000000,0,96,low
1087822,tt26757462,Hellboy: The Crooked Man,Something crooked this way comes.,"Hellboy and a rookie BPRD agent get stranded in 1950s rural Appalachia. There, they discover a small community haunted by witches, led by a local devil with a troubling connection to Hellboy's past: the Crooked Man.",/iz2GabtToVB05gLTVSH7ZvFtsMM.jpg,/78CquSA0GN0m7NIYnNECx91KFkJ.jpg,2024-08-29,5.2,533,"['Fantasy', 'Horror', 'Action']",20000000,2014050,100,low
505225,tt7456312,The Last Thing He Wanted,,"At the turning point of the Iran-Contra affair, Elena McMahon, a fearless investigative journalist covering the 1984 US presidential campaign, puts herself in danger when she abandons her assigned task in order to fulfill the last wish of her ailing father, a mysterious man whose past activities she barely knows.",/4mDbGqi8mloDdxkviq13SKCfuFH.jpg,/cGUxPXVZF5n5P09dnlhWC8bLVp7.jpg,2020-02-14,4.877,533,"['Drama', 'Thriller']",0,0,116,low
301608,tt3733774,The Trust,Bad cops make the best criminals,A pair of cops investigating a drug invasion stumble upon a mysterious bank vault.,/ps5FhW4WQuH1Ure2msdZkH7psqK.jpg,/yENf2DCrUS8c0EYp9GOgrK6bxV1.jpg,2016-04-29,5.178,533,"['Thriller', 'Drama', 'Crime', 'Action', 'Comedy', 'Mystery']",9000000,0,93,low
12767,tt0331468,Cold Creek Manor,The perfect house hides the perfect crime.,"A family moves from New York into an old mansion in the countryside, still filled with the previous owner's things. As they begin to make it their own, a series of events begin to occur that makes them believe that the former inhabitants are not yet gone.",/2AKitfwCoCmHU4PTtC5oF6LImlG.jpg,/aPWyBhUyZQaoaVe0WOQkT0ALjyw.jpg,2003-09-19,5.4,532,"['Mystery', 'Thriller']",45000000,29119434,118,low
513083,tt8169446,Wine Country,Friendship is a trip,"A group of friends head to the land of oaky Chardonnays and big, bold Cabernet Sauvignons for one member of the squad’s 50th birthday party.",/mi5l29DQFdwrTXxbqM2OLbs830H.jpg,/txfEqZ0eT5tcPcWnj1XJ6LLKoAZ.jpg,2019-05-08,5.487,531,['Comedy'],0,0,103,low
331446,tt3899796,Sharknado 3: Oh Hell No!,Three times the shark. Three times the nado. Three simple words.,"The sharks take bite out of the East Coast when the sharknado hits Washington, D.C. and Orlando, Florida.",/r8qy2CgaSjJYusWy3XkbZieK5aG.jpg,/wz9GW2xNzbpfjr3Tc5rKdGuPD49.jpg,2015-07-22,4.623,528,"['Action', 'Comedy', 'Horror', 'Science Fiction', 'TV Movie']",0,0,88,low
43935,tt1013860,Dylan Dog: Dead of Night,No pulse? No problem,"Supernatural private eye, Dylan Dog, seeks out the monsters of the Louisiana bayou in his signature red shirt, black jacket and blue jeans.",/nZdYn5IktnGVg7pRA2JHD1rdZDH.jpg,/mbxu6J4qZ69JWNKITrHiR60IXx8.jpg,2011-03-16,4.7,527,"['Action', 'Comedy', 'Fantasy', 'Horror', 'Mystery', 'Science Fiction', 'Thriller']",20000000,4634062,107,low
27902,tt0409011,Love Wrecked,He thinks they're marooned. She plans on keeping it that way.,"18-year-old Jenny Taylor is ecstatic when she finds out that her favorite rock star, Jason Masters, is a guest at the tropical resort where she is working for the summer. When they are both thrown overboard during a Caribbean cruise, she saves his life and they find themselves stranded on a remote beach. Deliriously in love with the idea of time alone with him, she manages to hide the fact that they're a stone's throw away from their resort.",/inCHWvO1EVXa2SYYaBLavL9KkjR.jpg,/5z6AT2NJVXuilL9oNx4FDfDJxSA.jpg,2005-11-01,5.151,527,"['Romance', 'Comedy']",0,0,87,low
234212,tt1841642,Demonic,Every House Has Its Secrets,A police officer and a psychologist investigate the deaths of five people who were killed while trying to summon ghosts.,/ne0wAvbmzk72svslxjuFySrXEKw.jpg,/t8K8TkiLrrFCBVCIHt8U6nYXwrg.jpg,2015-02-12,5.3,526,"['Thriller', 'Horror']",3000000,4668109,84,low
11058,tt0335121,Godsend,"When a miracle becomes a nightmare, evil is born.","A couple agree to have their deceased son cloned under the supervision of an enigmatic doctor, but bizarre things start to happen years after his rebirth.",/lLncs8FEzKupj19wCqZ3sPmg3eU.jpg,/eDcuAU8mpjRYXOMtDGUYx7Y0tVR.jpg,2004-04-30,4.865,526,"['Drama', 'Horror', 'Science Fiction', 'Thriller']",25000000,30120671,102,low
180948,tt1911662,Vehicle 19,Wrong place. Wrong time. Wrong car.,"A parolee becomes the target of a massive police manhunt after inadvertently picking up a rental car with a female whistleblower tied up in the trunk. Now, as the police attempt to silence the woman before she can testify about the city's rampant corruption, the ex-con who just regained his freedom must defend her life, and clear his own name.",/vRZobS1s3ojOpLFUbFVb2k1qDQI.jpg,/gwOSHewT0H41xdoNKBz7ot31KEV.jpg,2013-03-07,5.379,525,"['Thriller', 'Action']",0,0,85,low
417830,tt6003368,Diary of a Wimpy Kid: The Long Haul,Hitting the road in a whole new direction.,A Heffley family road trip to attend Meemaw's 90th birthday party goes hilariously off course thanks to Greg's newest scheme to get to a video gaming convention.,/ivRrDm5PlOndteVZgjhQenzKU5t.jpg,/dT48bnZP1HVNUjiOEfThNzq4qlZ.jpg,2017-05-19,5.296,522,"['Comedy', 'Family', 'Adventure']",22000000,40120144,91,low
30178,tt0472602,Stuart Little 3: Call of the Wild,,"With school out for the summer,  The Littles are vacationing in a cabin by the lake, and Stuart is so excited he could burst! But when Snowbell the cat is captured by a mean-spirited creature known simply as the Beast, it's up to Stuart and a skunk named Reeko to rescue him and a few other friends.",/zImw7IVg8dxPkqMfT0L33sdsIHC.jpg,/mwJ99qv48tE5Km7fLkeoOU1uVfK.jpg,2005-07-14,5.237,521,"['Animation', 'Comedy', 'Family']",0,0,72,low
430354,tt4720702,Bushwick,The new civil war has begun.,"When an unknown military force invades Bushwick, a Brooklyn neighborhood, young student Lucy and war veteran Stupe must rely on each other to escape and survive.",/9fGjmzxdiKWsrlY3syrm2aXeTq7.jpg,/3UcoX8gVusWaQI1jKQj2MOdf9zV.jpg,2017-08-25,5.197,519,"['Thriller', 'Action']",0,0,94,low
12597,tt0229440,Hellraiser: Inferno,"The terrifying new chapter in the ""Hellraiser"" legacy!","A detective solves the puzzle box that releases the diabolical demon, Pinhead. As those around him begin to meet tragic fates, he sets out to conquer the horrifying villain.",/3OfJppmD5cRFgmosXXAxRFcMyrM.jpg,/hrGk4WuDe62EtyCJIy5G35a7Grw.jpg,2000-10-31,5.375,519,"['Horror', 'Thriller']",2000000,0,100,low
323262,tt4419364,Holidays,Every one has a dark side.,"An anthology feature film that puts a uniquely dark and original spin on some of the most iconic and beloved holidays of all time by challenging our folklore, traditions and assumptions.",/5FXtPtetZaB0giJEqC6mOLBr15A.jpg,/j0WqwIfrrzDgvnEBXbzM41ulpWY.jpg,2016-04-22,4.946,517,"['Comedy', 'Horror', 'Fantasy', 'Mystery']",0,55621,104,low
12212,tt0192731,Urban Legends: Final Cut,Legends never die.,"The making of a horror movie takes on a terrifying reality for students at the most prestigious film school in the country. At Alpine University, someone is determined to win the best film award at any cost - even if it means eliminating the competition. No one is safe and everyone is a suspect.",/9kjGrnhMz37RYEd5BFcrU1qkPkl.jpg,/xH7ISsZtQ7prIpjHz8qbu4Wuud2.jpg,2000-09-22,4.92,517,"['Horror', 'Mystery']",14000000,38574362,98,low
288281,tt2180994,A Good Marriage,Two can keep a secret... if one of them is dead.,"After 25 years of a good marriage, what will Darcy do once she discovers her husband's sinister secret?",/8odAiCOM9qwzzGRW69aKfAvK85q.jpg,/2mvMwjBeffSpZNoAKPi11ACbE1.jpg,2014-10-03,5.34,514,['Thriller'],0,0,103,low
429467,tt4399952,The Lodgers,,"1920, rural Ireland. Anglo-Irish twins Rachel and Edward share a strange existence in their crumbling family estate. Each night, the property becomes the domain of a sinister presence (The Lodgers) which enforces three rules upon the twins: they must be in bed by midnight; they may not permit an outsider past the threshold; and if one attempts to escape, the life of the other is placed in jeopardy. When troubled war veteran Sean returns to the nearby village, he is immediately drawn to the mysterious Rachel, who in turn begins to break the rules set out by The Lodgers. The consequences pull Rachel into a deadly confrontation with her brother - and with the curse that haunts them.",/qoqFM6t9wlBITWKRogJUompoClh.jpg,/aN2KPXPqrpYLdFF27afMr08vhiE.jpg,2017-10-05,5.032,506,"['Horror', 'Thriller', 'Mystery']",0,916727,93,low
241254,tt1085492,The Prince,Mercy is for the Weak,A family man who turns out to be a retired mob enforcer must travel across the country to find his daughter who has gone missing.,/22b2fmxhZveWSyWkgUz2y94fp3w.jpg,/axZ5RVlDACxVz7YJE7IE43ABIvw.jpg,2014-08-22,4.925,506,"['Thriller', 'Action']",18000000,1289595,93,low
78383,tt1913166,Nurse 3-D,Your pain is her pleasure.,"Abby Russell, a beautiful, dedicated nurse with a sinister side, has a secret life in which she targets and punishes dishonest men.",/sZhXsT6ch1Z7NKFspMH7QyfpsBa.jpg,/4N0V8UW8u3JhH0NteA86T5otZJL.jpg,2013-09-28,5.356,504,"['Horror', 'Thriller']",10000000,0,84,low
765119,tt13610562,The Bubble,Where will you be when disaster strikes?,Sneaking out. Hooking up. Melting down. The cast and crew of a blockbuster action franchise attempt to shoot a sequel while quarantining at a posh hotel.,/edYk5TSowZIDv138bCpF5ls3XI5.jpg,/s54domZlnNGxfFzUdODxO7Ll8rO.jpg,2022-03-25,4.599,503,['Comedy'],0,0,127,low
29426,tt1134854,Survival of the Dead,Death isn't what it used to be.,"Off the coast of North America, locals simultaneously fight a zombie epidemic while hoping for a cure to revert their undead relatives back to normal.",/2BmqSRt10J2mpJmCgZbo5YYkQLj.jpg,/my7iRgEZyvw7GO09vUJ06fe5oO3.jpg,2010-05-06,4.9,503,"['Horror', 'Comedy', 'Drama', 'Thriller']",4000000,386078,90,low
581644,tt4876134,The Misfits,They're not bad guys. They just steal from them.,"After being recruited by a group of unconventional thieves, renowned criminal Richard Pace finds himself caught up in an elaborate gold heist that promises to have far-reaching implications on his life and the lives of countless others.",/dPOyYnCkRbWAEem85N3VFpQODf5.jpg,/6FzuNrApEc71aJ3CwwkpadbNled.jpg,2021-06-03,5.445,502,"['Action', 'Thriller']",0,0,94,low
289720,tt1552224,Outcast,To save their souls they must save a kingdom.,"A mysterious warrior teams up with the daughter and son of a deposed Chinese Emperor to defeat their cruel brother, who seeks their deaths.",/efsgCTlofzIuysfokEp7hwQnUho.jpg,/sETF4vyjb0FonUJVqgrkaPWqiIf.jpg,2014-09-26,5.156,502,"['Action', 'Adventure']",25000000,5148503,98,low
14144,tt0462244,Daddy Day Camp,The summer is going to be in tents.,"Seeking to offer his son the satisfying summer camp experience that eluded him as a child, the operator of a neighborhood daycare center opens his own camp, only to face financial hardship and stiff competition from a rival camp.",/fhuhSVb3j8SShe6FhnVUAfSRg6h.jpg,/4axaWjt4z9KVBWplj7inBui5wd7.jpg,2007-08-08,4.861,502,"['Family', 'Comedy']",6000000,18197398,89,low
325358,tt2933474,Superfast!,They're going nowhere... fast.,"Undercover cop Lucas White joins Vin Serento's gang of illegal street racers. They are fast and they are furious and they plan to double cross Los Angeles kingpin Juan Carlos de la Sol, who hides his cash in a downtown Taco Bell.",/iuIWl90qCpoxv6g775JB6Kg0m86.jpg,/v7JSw9XCkdv533TP7VabRZJ63PC.jpg,2015-03-05,5.113,496,"['Comedy', 'Action']",20000000,0,99,low
13256,tt0490181,Mutant Chronicles,Welcome to the 23rd century.  The new dark ages.,It's the year 2707. Earth's natural resources have all but been exhausted by mankind. Battles rage for the remainder between the competing Corporations. During one such battle the seal is broken and awakens an ancient and deadly machine that was once defeated thousands of years ago. The order that awaited its return must now lead a small group of soldiers to destroy it once and for all.,/vHH9VnQZYdhWE9PMMKUpYrG1Z0Z.jpg,/6gFKEYJ3UugiIm6JUGcoaEDah9M.jpg,2008-08-07,5.3,495,"['Action', 'Adventure', 'Science Fiction']",8000000,2131057,111,low
276839,tt2802136,Home Sweet Hell,Psycho Wife. Unhappy Life.,"Don Champagne seems to have it all, but when his wife, Mona, learns of his affair with a pretty new salesgirl, she will stop at nothing to maintain their storybook life.",/a0S1ou77hJ8RAxGkpyZGbfUr2SG.jpg,/c4sKPgyJj19GBCAvUjpPRiiA45.jpg,2015-03-13,5.4,494,"['Comedy', 'Thriller']",3000000,0,98,low
257094,tt3045628,Holland,Some things only look perfect.,"Teacher Nancy's life with her husband in Holland, Michigan, tumbles into a twisted tale when she and a colleague become suspicious of a secret.",/39jIr3A4ScUeGxFdMeARYKNxTgU.jpg,/3xN4vNPWBSVDsiiOzL5sB95Sa1J.jpg,2025-03-09,5.381,495,"['Thriller', 'Mystery']",0,0,108,low
12657,tt0367085,Soul Plane,Announcing the arrival of the first airline with soul.,"Following a ridiculously awful flight that leads to his pet's death, Nashawn Wade files a lawsuit against the airline, and wins a multimillion-dollar settlement. Determined to create a better flying experience, Nashawn starts his own airline, one that caters to an African-American clientele. Going into business with a tricked-out plane piloted by the smooth Capt. Mack, the airline hits a snag when it has to deal with the family of Elvis Hunkee.",/b5Rzb5JUwPinllWGYUYER3OV14F.jpg,/oEH2tn8G1YGEhNBVqSAW6k1C9iB.jpg,2004-05-28,5.448,494,['Comedy'],16000000,14800000,86,low
500919,tt4976192,211,Your life can change in an instant.,"Inspired by one of the longest and bloodiest real-life events in police history, Officer Mike Chandler and a young civilian passenger find themselves under-prepared and outgunned when fate puts them squarely in the crosshairs of a daring bank heist in progress by a fearless team of highly-trained and heavily-armed men.",/81RColr4rau6DZ7z9eMsksokcfk.jpg,/7eTWQb475pM9H3NEOiUzGYASEx0.jpg,2018-05-30,5.294,490,"['Crime', 'Action', 'Thriller']",0,1052222,86,low
340674,tt1901024,Dark Crimes,It takes a dark mind to solve a twisted crime.,"Tadek, a Polish detective, becomes suspicious of a controversial author when the incidents described in his unpublished novel resemble the inner workings of an unsolved murder.",/bEwK1r4pmJ9huEjqrZf73NXJvFy.jpg,/7vR0frpPSBhToKKESNfnPfDTY8y.jpg,2016-10-12,4.626,490,"['Drama', 'Thriller']",4480393,21216,93,low
531949,tt7256866,Father of the Year,They've got one summer to make their kids proud.,"Two college grads return to their hometown, where a hypothetical question -- whose dad would win in a fight? -- leads to mass mayhem.",/mmBdCkZxHwQn5zM17cZmd3giJCY.jpg,/ohqTNoA6pYzTXookp8UXNWQlAgY.jpg,2018-07-20,5.419,489,['Comedy'],0,0,94,low
262338,tt1361318,Good People,Money changes everything,"Tom and Anna Wright, a young American couple, fall into severe debt while renovating Tom's family home in London. As the couple faces the loss of their dream to have a house and start a family, they discover that the tenant in the apartment below them is dead, and he's left behind a stash of cash—$400,000 worth. Though initially hesitant, Tom and Anna decide that the plan is simple: all they have to do is quietly take the money and use only what's necessary to get them out of debt. But when they start spending the money and can't seem to stop, they find themselves the target of a deadly adversary—the thief who stole it—and that's when very bad things start happening to good people.",/yyKGkcUcMcDPqLA35QWfJ5Ft4dn.jpg,/6QH3JB36yQJ5JkBlIVJE0P0pJyG.jpg,2014-08-12,5.5,488,"['Thriller', 'Crime', 'Action']",0,1857574,90,low
11802,tt0482603,Space Chimps,From one of the primates that brought you Shrek.,"When an unmanned space shuttle crashes on an uncharted planet, a trio of astronaut chimpanzees are launched by NASA into a wormhole to investigate.",/ecAKgzlt78OvEVpZURYYdSz8K5v.jpg,/8mVTIFHZRTWVMhASQjltc3pVK60.jpg,2008-06-25,4.9,481,"['Animation', 'Family', 'Adventure', 'Comedy', 'Science Fiction']",37000000,64762724,81,low
134375,tt2308733,Home Alone: The Holiday Heist,The Scariest House You Have Ever Seen!,"10-year-old Finn is terrified to learn his family is relocating from sunny California to Maine in the scariest house he has ever seen! Convinced that his new house is haunted, Finn sets up a series of elaborate traps to catch the “ghost” in action. Left home alone with his sister while their parents are stranded across town, Finn’s traps catch a new target – a group of thieves who have targeted Finn’s house.",/aP6NPJeiv30d82lZF1baZ3qRBcZ.jpg,/4ydw24y7Wd0UJZOrd2FuRFqkfs.jpg,2012-12-03,5.1,480,"['Comedy', 'Family', 'TV Movie']",11000000,0,90,low
13257,tt0419984,Mr. Woodcock,Letting go of your past is hard... Especially when it's dating your mom.,"Taken aback by his mother's wedding announcement, a young man returns home in an effort to stop her from marrying his old high school gym teacher, a man who made high school hell for generations of students.",/tNOovj6N2C5scr0KgND0aKT2kkd.jpg,/su2uztpuD0dYRJYmfLjMM8WKqBQ.jpg,2007-09-14,5.055,480,"['Comedy', 'Romance']",22000000,33700000,87,low
253310,tt2182256,Premature,,"On the most important day of his young life, a high school senior is forced to relive his failed attempt at losing his virginity over and over again, until he gets it right.",/iU7OQ2oG2HyIqmZjikXA4N86wpN.jpg,/qITMDD5ggmuUsShtJT1MAusnT.jpg,2014-07-02,5.473,478,['Comedy'],0,0,93,low
151368,tt2409818,Open Windows,The 21st Century REAR WINDOW.,"Nick is excited to discover he's won a dinner date with his favorite actress, Jill Goddard. But when Jill refuses to honor the contest, he receives an offer he can't refuse: the ability to view Jill secretly via computer. Nick begins watching the unknowing star on her webcam, not realizing that this decision will put himself and Jill at risk as they enter a terrifying world of cat-and-mouse.",/dHA9jV7xKWjOvv2lYWxDwAmZjhk.jpg,/6YZnVLBpXdIleygcyh75NKrV9I5.jpg,2014-07-04,5.1,478,"['Thriller', 'Action', 'Crime']",4000000,100000,101,low
13166,tt0240515,Freddy Got Fingered,This time you can't change the channel.,"Unemployed cartoonist Gord Brody moves back in with his parents Jim and Julie and younger brother Freddy. When his parents demand he leave, he retaliates by spreading rumors that Jim is sexually abusing Freddy.",/gVmSZgxiT7ynyRLsEgg8Xs8ZVWX.jpg,/uhHYfrbc4BWZbmsAvl951pfvoEu.jpg,2001-04-20,4.7,478,['Comedy'],14000000,14343028,87,low
298584,tt3832096,Cabin Fever,You can't run from what's inside.,"While staying at a remote cabin for a week-long vacation, a group of five college friends succumb to an infectious, flesh-eating disease.",/yJQLWoizC5zBjVk9dr2Qo1K1TCI.jpg,/x4FokXYzFE5Xsx8qLNNAgaXDfPS.jpg,2016-02-12,4.757,477,['Horror'],0,0,99,low
10118,tt0433412,Material Girls,It's A Short Trip From The Penthouse To The Poorhouse.,"Two wealthy sisters, both heiresses to their family's cosmetics fortune, are given a wake-up call when a scandal and ensuing investigation strip them of their wealth.",/tJaTKE5kP0BQCR2hkltnr8aEpnu.jpg,/53dMoCCdlUnU1ldPDpLr5fheZbG.jpg,2006-08-18,5.3,477,"['Comedy', 'Family', 'Romance']",15000000,11449638,97,low
850018,tt15033192,Windfall,Every kidnap is a compromise.,"In an opulent vacation home, a mysterious intruder is forced to kidnap the property owners -- a wealthy CEO and his wife -- when they arrive unexpectedly.",/njBc0nNdl9QbsfMwyRqJkmW4NQO.jpg,/cc7Nmid20lcfNh1eucWdLKidi7s.jpg,2022-03-11,5.5,475,"['Thriller', 'Crime', 'Drama']",0,0,93,low
18843,tt0481513,Dr. Dolittle 3,"Like Father, Like Daughter!","Lisa Dolittle sends her daughter to 'Durango', a Dude Ranch, to find herself. While there, she uses her talent to talk to the animals in order to save Durango from being taken over by a neighboring Ranch.",/mODEH6RuoL8s9ptF1Mbrq1Z6aYz.jpg,/qf7fKQbdrwnQPPdLTTahUF2ETcC.jpg,2006-04-25,5.122,475,"['Comedy', 'Family', 'Fantasy']",0,0,93,low
293452,tt2364897,The Disappointments Room,Some mysteries should not be unlocked,A mother and her young son release unimaginable horrors from the attic of their rural dream home.,/4zHfitHwW1XDaJo9IF8LOsUbnif.jpg,/4Xu5gaD3bZwN8w7qQklPo7bfjiI.jpg,2016-09-09,4.527,474,"['Horror', 'Thriller']",15000000,0,92,low
8944,tt0486674,What Just Happened,Admit nothing.,"During the course of an ordinary week in Hollywood, movie producer Ben must navigate his way through shark-infested waters as he struggles to complete his latest projects. A demanding studio boss demands extensive changes to a movie starring Sean Penn, while another chief won't greenlight a project unless star Bruce Willis shaves his beard. Meanwhile, Ben tries to reconcile with his wife and maintain a relationship with his young daughter.",/o88aPDDMtdwQsPyXqSKhu98jjru.jpg,/d8azJCepCuGlJeEc4kw3AxzzvYS.jpg,2008-10-17,5.4,474,"['Comedy', 'Drama']",25000000,6673422,104,low
290825,tt3838992,Yoga Hosers,Do your 'wurst...,Two teenage yoga enthusiasts team up with a legendary man-hunter to battle with an ancient evil presence that is threatening their major party plans.,/cc40P3lKEiK0H8ZSd8hmBBI0HEV.jpg,/oOVWuXkxQRYwUpd0Jg7QVxlMd2W.jpg,2016-07-08,4.6,473,"['Comedy', 'Fantasy', 'Horror', 'Action']",5000000,38784,88,low
10642,tt0217630,Loser,Dare to be different.,"On a university scholarship, a good natured student from the midwest gets a crash course in city life while dealing with three evil roommates. He befriends a virtually homeless college student whom he falls for, but she's dating a nasty professor.",/nOqWmYfgvpUA6gZjvdB0Cg24kA4.jpg,/r80VehB1GzdOReLSgr0N4iWo5id.jpg,2000-07-21,5.392,472,"['Comedy', 'Romance']",0,0,95,low
530081,tt7042862,The Man Who Killed Hitler and Then the Bigfoot,An American Myth,"Decades after serving in WWII and assassinating Adolf Hitler, a legendary American war veteran must now hunt down the fabled Bigfoot.",/kQNeWBT1VqtSMtgfEn3zFjRogyH.jpg,/6Uh1OQOJEvjCs3XOLJoGAnKEUhr.jpg,2019-02-08,5.4,471,"['Drama', 'Adventure', 'Fantasy', 'Science Fiction', 'War']",0,3822,96,low
522444,tt7978672,Black Water: Abyss,Descend into fear.,"An adventure-loving couple convince their friends to explore a remote, uncharted cave system in the forests of Northern Australia. With a tropical storm approaching, they abseil into the mouth of the cave, but when the caves start to flood, tensions rise as oxygen levels fall and the friends find themselves trapped. Unknown to them, the storm has also brought in a pack of dangerous and hungry crocodiles.",/pmAv14TPE2vKMIRrVeCd1Ll7K94.jpg,/vTIs9gzRkiFbApaCC8JHjurgl4C.jpg,2020-07-09,5.2,470,"['Horror', 'Action', 'Adventure']",0,1117982,98,low
284674,tt2091478,Air,Two men. One Task: save humankind.,"In the near future, breathable air is nonexistent. Virtually all of humanity has disappeared, and those chosen to reestablish society reside in a controlled state of suspended animation. Two engineers tasked with guarding the last hope for mankind struggle to preserve their own sanity and lives while administering to the vital task at hand.",/vs7xGGYZltIZuLTcCgDp73tTJYn.jpg,/st3saCQAN1q72ws0gHoFLmQ0rL.jpg,2015-08-14,5.0,467,"['Science Fiction', 'Thriller']",0,0,94,low
9711,tt0410650,Species III,Beauty is only skin deep,"After she delivers her child in an ambulance, alien Eve is killed by a half-breed. Fortunately, Dr. Abbot scoops up the baby alien and escapes. In time, the baby grows into a gorgeous blonde named Sara and begins her quest to find a worthy mate. But Sara is also savage and leaves a trail of deaths in her wake. This carnage makes chemistry student Dean question whether to help her race or not.",/8BelHo8qmaurZjPS9hipSQ79Rr6.jpg,/n6b4WxGWaFn7V5MaAIV6EJLwlvj.jpg,2005-01-14,5.192,467,"['Science Fiction', 'Action', 'Horror']",0,0,111,low
520901,tt8328716,Doom: Annihilation,Your mission: don't die.,"A group of UAC Marines responds to a distress call from a top-secret scientific base on Phobos, a Martian moon, only to discover it's been overrun by demons.",/b7pEmwnayMZCVlnSq33izWcOlPI.jpg,/iODdFR98xOeOzj95ptMKnCkhniN.jpg,2019-09-30,4.902,465,"['Action', 'Science Fiction', 'Horror']",0,0,97,low
297160,tt3322892,XX,Four deadly tales by four killer women,This all-female horror anthology features four dark tales from four fiercely talented women.,/drcIFTEIBnWI4G3OQt6rXOI8hf4.jpg,/7bWDX5OQe2CozLcg3OfpPtWLuaL.jpg,2017-02-17,5.056,462,['Horror'],0,55668,81,low
14125,tt0374563,Captivity,When You Think The Worst Has Happened... Think Worse,"The sought-after images of top model Jennifer adorn magazine covers and billboards worldwide. When alone at a club, she is abducted and incarcerated in a cell with another prisoner. When their captor subjects the two to torture, they commit to escaping the chamber of horrors before they're killed.",/diP1wQRnmvKHPFcHGoi0WkUSHXw.jpg,/fIdBTUhFPD0UZNAjkr9g4aYw09s.jpg,2007-03-01,4.855,456,"['Crime', 'Horror', 'Thriller']",17000000,10921200,85,low
364067,tt4537842,A Very Murray Christmas,We wish you a Murray Christmas.,"Bill Murray worries no one will show up to his TV show due to a massive snowstorm in New York City. Through luck and perseverance, guests arrive at Gotham’s Carlyle Hotel to help him — dancing and singing in holiday spirit.",/2ir2DjNNXmMePsyc4inFa8oI23r.jpg,/sW5mPgwYEpzauk0QOBWxRUhs2t9.jpg,2015-12-04,5.208,453,"['Comedy', 'Music', 'TV Movie']",0,0,56,low
10944,tt0199626,In the Cut,Everything you know about desire is dead wrong.,"A New York City writing professor, Frannie Avery, has an affair with a police detective who is investigating the murder of a beautiful young woman in her neighborhood.",/c8Xg0yc8UQwDXooffBNLLs2BvQH.jpg,/e1hIGr5HTAPPiHNs7fMlW2JMSPl.jpg,2003-10-22,5.1,453,"['Drama', 'Mystery', 'Thriller', 'Romance']",12000000,23726793,119,low
560362,tt9257484,Rattlesnake,Time waits for no one,"After a mysterious woman saves her daughter from a deadly snakebite, a single mother must repay the debt by killing a stranger before sundown.",/cEr3S3Atr4eRlHmMOA1GvaX0f4p.jpg,/meEuc9El2efDGZMARPjd4u4qHhd.jpg,2019-10-25,5.247,452,"['Thriller', 'Drama', 'Mystery', 'Horror']",0,0,85,low
353686,tt2954474,Visions,Blood will stain the land.,"After moving to a vineyard with her family, a pregnant woman experiences horrifying visions.",/3J7jwx3Cre1neDIs7YyAXy4ICc4.jpg,/k4vcc4Cwqg7SJcaCAthReHZuopN.jpg,2015-08-28,5.3,451,"['Horror', 'Mystery']",0,0,82,low
302349,tt3038708,Iron Sky: The Coming Race,Let's make Earth great again,"29 years after the events of Iron Sky, the former Nazi Moonbase has become the last refuge of mankind. Earth was devastated by a nuclear war, but buried deep under the wasteland lies a power that could save the last of humanity - or destroy it once and for all. An old enemy leads our heroes on an adventure into the Hollow Earth. To save humanity, they must battle the Vril, an ancient shapeshifting reptilian race, and their army of dinosaurs.",/l5t2Nf1F7iQUKTrODg93xmQzZLj.jpg,/kEY6RjklHdwJfg5Wxnu20aAc618.jpg,2019-01-25,5.2,451,"['Action', 'Comedy', 'Fantasy', 'Science Fiction']",17500000,392166,93,low
44918,tt1640571,Titanic II,"100 years later, lightning strikes twice.","On the 100th anniversary of the original voyage, a modern luxury liner christened ""Titanic 2,"" follows the path of its namesake. But when a tsunami hurls an ice berg into the new ship's path, the passengers and crew must fight to avoid a similar fate.",/3m12UeP1DMfhYZyvpLftaJGsyp3.jpg,/e9XRikkyth0GtG8RkU3XNm0oMsA.jpg,2010-08-07,4.9,451,"['Action', 'Thriller', 'Romance', 'Adventure', 'Drama']",500000,0,90,low
205724,tt2193265,Welcome to the Jungle,Unleash your inner beast!,A company retreat on a tropical island goes terribly awry.,/xWXn2Pfrkbe7Xuwv2BZ2UL53Wdf.jpg,/ucvAwCzaRuQAydXKP1BPErgZIzR.jpg,2013-04-27,5.0,449,['Comedy'],3500000,0,95,low
12211,tt0144964,Highlander: Endgame,"It will take two immortals to defeat the ultimate evil. But in the end, there can be only one.","Immortals Connor and Duncan Macleod join forces against a man from Connor's distant past in the highlands of Scotland, Kell, an immensely powerful immortal who leads an army of equally powerful and deadly immortal swordsmen and assassins. No immortal alive has been able to defeat Kell yet, and neither Connor nor Duncan are skilled enough themselves to take him on and live. The two of them eventually come to one inevitable conclusion; one of them must die so that the combined power of both the Highlanders can bring down Kell for good. There can be only one... the question is, who will it be?",/u7kIXMyagqcek2SaS9svfPTTGVT.jpg,/mvbBw9pxhxznSNxrvIWT8GsTTb3.jpg,2000-09-01,4.8,449,"['Action', 'Adventure', 'Fantasy']",25000000,15843608,87,low
109099,tt1829012,Passion,No backstabbing. Just business.,The rivalry between the manipulative boss of an advertising agency and her talented protégée escalates from stealing credit to public humiliation to murder.,/o9DoB4Rsuc8wdkSZCJWB6fq9QPP.jpg,/sL5D4VGH63JoTSgABiQZgsQvQ1V.jpg,2013-02-13,5.2,448,"['Thriller', 'Drama', 'Crime', 'Mystery']",20000000,713616,101,low
19794,tt1231287,Labor Pains,Some stories just keep on growing,"A young woman pretends to be pregnant in order to avoid being fired from her job. When that gets her a bunch of special treatment by everyone involved in her life, she tries to keep up the lie for nine months.",/mIjFpM6pPaGAXSaf2rhvxdj9uhV.jpg,/6epafgrlSnOJrNakHgY7pbYr513.jpg,2009-06-19,5.4,447,['Comedy'],10000000,1895782,89,low
92182,tt1767382,Silent House,"Experience 88 minutes of real fear, captured In real time","Sarah returns with her father and uncle to fix up the family's longtime summerhouse after it was violated by squatters in the off-season. As they work in the dark, Sarah begins to hear sounds from within the walls of the boarded-up building. Although she barely remembers the place, Sarah senses the past may still haunt the home.",/mbkvYlx1scovMi80rOOkNBvgU11.jpg,/imk3oXgLZJg5lcm93jPUukP73fl.jpg,2011-01-21,5.418,445,"['Horror', 'Mystery', 'Drama']",2000000,13101672,86,low
308529,tt3082898,Kickboxer: Vengeance,,"Eric and Kurt Sloane are the descendants of a well-known Venice, California-based family of martial artists. Kurt has always been in older brother, Eric's shadow, as he lacks the instincts needed to become a champion. Against Kurt's concerns, Eric accepts a paid offer and travels to Thailand to challenge the Muay Thai champion Tong Po and fails with dire consequences. Kurt sets out for revenge. He trains with his brother's mentor, Master Durand, for a Muay Thai fight against the merciless champion, Tong Po. Durand first thinks Kurt is impossible to train, but through a series of spiritual exercises and tests, Durand discovers that Kurt has a deeper strength that will carry him through his final showdown with Tong Po.",/9suFyXDE1MhZ8I8tuhmTd0fJ7G8.jpg,/mZT5eXy9Tapf85LV62hkfaVp2Of.jpg,2016-07-14,5.1,442,"['Action', 'Drama']",17000000,0,90,low
70586,tt1748197,Setup,,"A group of friends plan out a detailed heist that turns deadly when one betrays the other by taking off with the goods. Taking matters into his own hands, Sonny seeks out his revenge teaming up with the most dangerous mob boss in town to get back what is rightfully his. When he finally comes face to face with his longtime friend he will be forced to make a life changing choice.",/h74bol6GYG6eyXIAZVGmQBraI8c.jpg,/iRCHM6AR78Pjffl5y1fiUwD3YiE.jpg,2011-10-17,4.9,441,"['Action', 'Crime', 'Drama', 'Thriller']",20000000,2128186,85,low
5393,tt0308353,Happily N'Ever After,Fairy Tale Endings Aren't What They Used To Be.,"An alliance of evil-doers, led by Frieda, looks to take over Fairy Tale Land. But when Ella realizes her stepmother is out to ruin her storybook existence, she takes a dramatic turn and blossoms into the leader of the resistance effort.",/gOOlHRhdEoJbPNE1jpocNawjnc5.jpg,/zBW4LZyYi0Moqz82BTkEQzR7h0z.jpg,2007-01-05,5.074,441,"['Adventure', 'Animation', 'Comedy', 'Family', 'Fantasy']",47000000,38100000,87,low
2274,tt0484562,The Seeker: The Dark Is Rising,Even the smallest of light... shines in the darkness,A boy's life is turned upside down when he learns that he is the last of a group of immortal warriors who have dedicated their lives to fighting the forces of the dark.,/65oKWdrQRwtkOolnCQMUQkvUryS.jpg,/lTxRQzTfGwApLoxQlRldgOIcx55.jpg,2007-10-05,5.45,440,"['Adventure', 'Drama', 'Fantasy', 'Family', 'Thriller']",45000000,31852619,99,low
10077,tt0318081,A Sound of Thunder,Some rules should never be broken.,"When a hunter sent back to the prehistoric era runs off the path he must not leave, he causes a chain reaction that alters history in disastrous ways.",/mdO0UpJEmSZJqauMbNrfzwKlxoR.jpg,/cdR9ESJzcocgVphpwO5AYZRwrWg.jpg,2005-05-15,4.844,436,"['Thriller', 'Science Fiction', 'Adventure', 'Action']",80000000,11700000,101,low
615177,tt9898858,Coffee & Kareem,,A Detroit cop reluctantly teams with his girlfriend's 11-year-old son to clear his name and take down the city's most ruthless criminal.,/fsIIv6QKDlqrVyGGkouMah4D4ir.jpg,/9nLiA8HCZCDKPLVYJKLLVJpbVGq.jpg,2020-04-03,5.453,435,"['Comedy', 'Action', 'Crime']",0,0,88,low
433244,tt5577742,Clinical,,"A psychiatrist tries to put her life back together after a violent attack by seeking to repair the life of a new patient, but he has his own terrifying history.",/k9baYzut6dLyAXdg8gqmaR4EZ1Q.jpg,/sUKRP2rDqi2Kfh8c2xO8WJKi0sU.jpg,2017-01-13,5.3,434,"['Thriller', 'Horror']",0,0,104,low
412547,tt5689068,Killing Gunther,They're Out to Change the Killing Business,"A group of eccentric assassins are fed up with Gunther, the world's greatest hitman, and decide to kill him – but their plan turns into a series of bungled encounters as Gunther seems to always be one step ahead.",/15WWLqT1W83xXFutbebZnDjqIxq.jpg,/u39BX33drFeaUTobnECyRRQbCED.jpg,2017-09-22,4.8,431,"['Action', 'Comedy']",0,197616,92,low
595985,tt9082020,Cold Blood,You can't outrun the past,"A legendary but retired hit man lives in peace and isolation in the barren North American wilderness. When he rescues a woman from a snowmobiling accident, he soon discovers that she's harboring a secret that forces him to return to his lethal ways.",/uGMIxhhMvQEE0mNlATXpEAG4mgl.jpg,/ob8w7gQNV4uL43fCGbD6y89rpDn.jpg,2019-05-15,5.3,430,"['Thriller', 'Action']",2700000,0,91,low
429422,tt6199572,Capone,We all pay for our crimes in the end.,"The 47-year old Al Capone, after 10 years in prison, starts suffering from dementia and comes to be haunted by his violent past.",/75gDv38UgRtAukSxNXcjatyQmEa.jpg,/x7iqHlTbFpZDOMZJHNxfQsG7E13.jpg,2020-06-26,5.022,429,"['Crime', 'Drama']",20600000,858281,103,low
13613,tt0489018,Day of the Dead,D-Day is coming.,"When a small Colorado town is overrun by the flesh hungry dead, a small group of survivors try to escape in a last ditch effort to stay alive.",/mlQSg6FXWHzUeqLQrrbe3hyPV4X.jpg,/gTdus3VTkdyQLjyqKq6AbhIayed.jpg,2008-04-08,5.234,428,"['Action', 'Horror', 'Science Fiction', 'Thriller']",18000000,0,86,low
10384,tt0134983,Supernova,All hell is about to break loose.,"Set in the 22nd century, when a battered salvage ship sends out a distress signal, the seasoned crew of the rescue hospital ship Nova-17 responds. What they find is a black hole--that threatens to destroy both ships--and a mysterious survivor whose body quickly mutates into a monstrous and deadly form.",/AmHGUjhgXnOYRYrF2ZYMtzfwxPe.jpg,/przsU4aiGsdlDkCp5uV8kq8gbLe.jpg,2000-01-14,4.9,428,"['Science Fiction', 'Horror', 'Thriller']",90000000,14828081,91,low
54518,tt1702443,Justin Bieber: Never Say Never,Find out what's possible if you never give up.,"Tells the story of Justin Bieber, the kid from Canada with the hair, the smile and the voice: It chronicles his unprecedented rise to fame, all the way from busking in the streets of Stratford, Canada to putting videos on YouTube to selling out Madison Square Garden in New York as the headline act during the My World Tour from 2010. It features Usher, Scooter Braun, Ludacris, Sean Kingston, Antonio ""L.A."" Reid, Boyz II Men, Miley Cyrus, Jaden Smith, Justin's family members and parts of his crew and huge fanbase in a mix of interviews and guest performances.",/dGNMD5XTBQN3teIth21ohKOCJcR.jpg,/wsuO9N3t89buTgtzJ5vUMBCHBB6.jpg,2011-02-11,5.175,426,"['Music', 'Documentary', 'Family']",13000000,99036827,105,low
931349,tt17489650,Ash,A new mindbender by Flying Lotus.,"On the mysterious planet of Ash, Riya awakens to find her crew slaughtered. When a man named Brion arrives to rescue her, an ordeal of psychological and physical terror ensues while Riya and Brion must decide if they can trust one another to survive.",/nRa8B3tQCUK6pVwjasIyQehbvpF.jpg,/9KSGUPHZpqhqkRXE2eebu701ONU.jpg,2025-03-20,5.162,425,"['Horror', 'Science Fiction', 'Thriller']",0,0,95,low
488113,tt7074092,Christmas Wedding Planner,Love is the greatest gift of all,"Wedding Planner, Kelsey Wilson, is about to have her big break: planning her beloved cousin's lavish and exclusive wedding. Everything is going smoothly until Connor McClane, a devilishly handsome private investigator, shows up and turns Kelsey's world upside-down. Hired by a secret source, Connor quickly disrupts the upcoming nuptials but wins Kelsey's heart in the process.",/6AvDenAws6MmF4Y6ZahRINYLbud.jpg,/nKNz75zZrdYorWxrOq5E9O19rvB.jpg,2017-12-14,5.4,424,"['Romance', 'Family', 'TV Movie']",0,0,86,low
13009,tt0960890,Zombie Strippers!,Live Dead Nudes,"In the not too distant future a secret government re-animation chemo-virus gets released into conservative Sartre, Nebraska and lands in an underground strip club. As the virus begins to spread, turning the strippers into ""Super Zombie Strippers"" the girls struggle with whether or not to conform to the new ""fad"" even if it means there's no turning back.",/iQcOzXCpewM9pbEwLoIrHLjpMvB.jpg,/r1GnyDcTV0WkwqLsI52QPM04aTh.jpg,2008-04-18,4.846,423,"['Comedy', 'Horror', 'Science Fiction']",0,0,94,low
10032,tt0480271,Van Wilder 2: The Rise of Taj,The Legend is Growing.,"Taj Mahal Badalandabad leaves Coolidge College behind for the halls of Camford University in England, where he looks to continue his education, and teach an uptight student how to make the most out of her academic career.",/yJmLmors19hXAZn8wmFLtbOs3Qq.jpg,/xm7dypK8AlW3LdVtjmwgMzez4or.jpg,2006-12-01,5.092,422,"['Comedy', 'Romance']",0,6086508,97,low
416160,tt1785635,The Vault,No one is safe.,Two estranged sisters are forced to rob a bank in order to save their brother. But this is no ordinary bank.,/eMXA8Mbl9P9kNVGhMKqwr5Xni8C.jpg,/zyh9pUlokoBdkE54UsMIxRx54fl.jpg,2017-09-01,4.9,419,"['Horror', 'Thriller']",5000000,5728,91,low
18238,tt1020885,Lesbian Vampire Killers,"After Twilight, The Real Party Starts.","With their women having been enslaved by a pack of lesbian vampires, the remaining menfolk of a rural town send two hapless young lads out onto the moors as a sacrifice.",/3IROnPMgDnI1TYQ4PZBB0nn6CwX.jpg,/rw7mN0B8wkZcSuaEARJPIooUyBY.jpg,2009-03-16,5.196,419,"['Horror', 'Comedy']",0,0,86,low
5458,tt0196267,Cruel Intentions 2,Seduce and destroy.,"After his precocious behavior has gotten him bounced out of one more in a string of exclusive private schools, 16-year old Sebastian Valmont has arrived in New York City to live with his father and stepmother. The cunning and handsome Sebastian may have met his match, however in his equally manipulative and beautiful stepsister Kathryn Merteuil.",/soO0nrnh9lEdTgGFBT0IIvejwcK.jpg,/rhj7SiBtWzP2ZkVuJvpcKDr5Byn.jpg,2000-11-09,5.1,419,['Drama'],0,0,87,low
28739,tt0961722,Cabin Fever 2: Spring Fever,This time it's spreading.,A high school prom faces a deadly threat: a flesh-eating virus that spreads via a popular brand of bottled water.,/RmQpuArPv71IuDLn8CP710fNgk.jpg,/rimhdm7tiOdZqTz0QKckoJ7mGac.jpg,2009-08-11,4.5,417,['Horror'],5000000,0,87,low
10063,tt0455362,The Breed,Let the manhunt begin.,"Brothers John and Matt have inherited an island cabin from their recently deceased uncle. Along with Matt's girlfriend, Nicki, and other mutual friends, the siblings travel to the cabin for a relaxing weekend getaway. But, not long after arriving, the group is besieged by ravenous dogs. They watch in horror as another vacationer, Luke, is eaten alive. Soon, they discover a training facility where the dogs have been bred to kill.",/84wIp36RZ1zpVBoJTjwzGjZVRxD.jpg,/81kbwVTU6Im3zcSnK0Pp2oP4piN.jpg,2006-05-17,5.459,415,"['Thriller', 'Horror']",0,1675484,90,low
534072,tt8435002,Great White,Take your final breath.,"A sea plane is destroyed in a freak accident, five people find themselves drifting on a raft. At the mercy of the tide and with no hope of rescue, the helpless situation takes a horrifying turn when they are terrorized by a ravenous great white.",/5xQroYyf2gMAJDvLiWELHGEHD2h.jpg,/vvzucWIigLAWS8QawQRvpmUKM6.jpg,2021-05-07,5.2,413,"['Horror', 'Thriller']",0,517929,91,low
646683,tt11240348,The Exorcism,They were making a cursed movie. They were warned not to. They should have listened.,"A troubled actor begins to unravel while shooting a supernatural horror film, leading his estranged daughter to wonder if he's slipping back into his past addictions or if there's something more sinister at play.",/ar2h87jlTfMlrDZefR3VFz1SfgH.jpg,/93dDAqtrFQk5zeofDtQGExPlYjC.jpg,2024-05-30,5.0,412,"['Horror', 'Thriller']",22000000,12610418,96,low
210908,tt2527186,All Cheerleaders Die,You can't kill their spirit!,"When tragedy rocks Blackfoot High, rebellious outsider Mäddy Killian shocks the student body by joining the cheerleading squad. After a confrontation with the football team, Mäddy and her new cheerleader friends are sent on a supernatural roller coaster ride which leaves a path of destruction none of them may be able to escape.",/kNCz2pALvvVsU2paFZlnkpoXmxl.jpg,/v48MKcxUoPAE3HfCEEHnYxJIMdI.jpg,2013-10-31,5.2,412,"['Horror', 'Thriller', 'Comedy']",0,0,89,low
70868,tt1742650,I Don't Know How She Does It,"If it were easy, men would do it too.","As an employee at a Boston-based financial firm, Kate Reddy struggles daily to balance the demands of her high-powered career with the needs of her husband, Richard, and their two children. When she gets an account that requires frequent trips to New York and her husband gets a new job, Kate finds herself spread even thinner. Complicating Kate's life even more is her new business associate Jack Abelhammer, who throws temptation into the mix.",/eUQfE21WB0qKfUx6yUAhmsCWTmX.jpg,/f2WjZXaEAp8eAxCFiRCbfbu84U2.jpg,2011-09-16,5.18,412,"['Romance', 'Comedy']",24000000,31410151,89,low
12700,tt0449086,Dominion: Prequel to The Exorcist,"Go back before the beginning, to the place where evil was born.",Father Merrin takes a sabbatical from the Church to devote himself to history and archaeology as he struggles with his shattered faith.,/nEkB6Y7DdEvWNCKWsHis76XYciR.jpg,/vc31DWCeiEJn2eOe40CEVQiGXFY.jpg,2005-05-20,5.367,412,"['Horror', 'Drama']",30000000,251495,116,low
500904,tt6211976,A Vigilante,"Give her a call, and she'll give you justice.",A once-abused woman devotes herself to ridding victims of their domestic abusers while hunting down the one she must kill to be truly free.,/avoKZfgBzyBGJsrAr2WQOwZK978.jpg,/nBrGtAxH2u93nzufppND6Nn7HU2.jpg,2019-03-29,5.418,409,"['Thriller', 'Drama']",0,83012,92,low
1024530,tt17196124,Grimcutty,Feed the frenzy.,A suburban teen girl and her little brother must stop a terrifying internet meme brought to life by the hysteria of their parents.,/5z6EinMhVtBUAcFwA3UNnfxeWAn.jpg,/navvd9bBMuBYbQzKaWKifCw6wsU.jpg,2022-10-10,5.11,408,['Horror'],0,0,101,low
13493,tt0997047,College Road Trip,They can't get there fast enough.,"When an overachieving high school student decides to travel around the country to choose the perfect college, her overprotective cop father also decides to accompany her in order to keep her on the straight and narrow.",/8kcBMzhqW2eo058SmIKvbTbakYr.jpg,/9fiwOwDgGEzJtzbm0ghPzbtcGDH.jpg,2008-03-07,5.466,407,"['Comedy', 'Family', 'Action', 'Adventure']",25000000,51549674,83,low
359790,tt4061010,Blackway,Sometimes revenge is the only answer.,"A young woman newly returned to her hometown becomes the subject of harassment by a man named Blackway, an ex-cop turned violent crime lord who operates with impunity in this small community on the edge of the wilderness. Forsaken by the local townspeople—and advised by the Sheriff to leave town—Lillian decides instead to take a stand against her sociopathic stalker, and enlists the help of ex-logger Lester and his laconic young sidekick.",/e1ThQ0GGQ2IQ3bwSTR7mB406QV5.jpg,/uxn2Y3zgi0ejkIFQdLWpNRA0h17.jpg,2015-10-03,5.3,406,"['Thriller', 'Mystery']",8000000,16458,90,low
916740,tt13978306,Brazen,,Mystery writer Grace Miller has killer instincts when it comes to motive - and she'll need every bit of expertise to help solve her sister's murder.,/7e4n1GfC9iky9VQzH3cDQz9wYpO.jpg,/2Jp2RIwJ3Dt7vamkTt7llVJ7uY.jpg,2022-01-13,4.811,404,"['Thriller', 'Mystery', 'Drama']",0,0,94,low
390989,tt4831420,Sharknado 4: The 4th Awakens,"What happens in Vegas, stays in Vegas. Unless what happens is this.","The new installment of the Sharknado franchise takes place 5 years after Sharknado 3: Oh Hell No! There have been no Sharknados in the intervening years, but now they’re appearing again in unexpected ways.",/xUbN2ww2T3y3kaW6lf3c5DabE5O.jpg,/5DCdmzO434x7KRy6maH2rdj6GTj.jpg,2016-07-31,4.509,405,"['Comedy', 'Science Fiction']",0,0,90,low
1063422,tt16437278,The Strays,,A Black woman's meticulously crafted life of privilege starts to unravel when two strangers show up in her quaint suburban town.,/3OKBFYRVSKkBVJ7WpKogTVQfUqC.jpg,/cKqk1m6n2lPHZMHNSVYhrnRCiux.jpg,2023-02-17,5.468,403,['Thriller'],0,0,100,low
295011,tt3458254,Patient Zero,,"After an unprecedented global pandemic has turned the majority of humankind into violent infected beings, Morgan, a man gifted with the ability to speak the infected's new language, leads the last survivors on a hunt for patient zero and a cure.",/5jOqatpfh0aKYhl6fN83RK69UtC.jpg,/kpjp9Wqj6U4wdv4oSEe9FLkNhaQ.jpg,2018-09-14,5.3,403,"['Horror', 'Thriller', 'Action', 'Drama']",0,0,87,low
641790,tt9625664,Trauma Center,The enemy is closer than you think.,"Lt. Wakes is a vengeful police detective determined to solve the murders of his partner and an informant, and joins forces with a witness injured during the shootings. After the killers pursue the witness across the abandoned floor of a hospital, she confirms Wakes's worst fears.",/8K73wvCTBA3XKgZTtOZWgENUnis.jpg,/ifBIpsuutQlul3Mexjw2QdkFXG4.jpg,2019-12-06,5.5,402,"['Action', 'Thriller']",0,92968,87,low
14456,tt0492486,Shrooms,Get ready to get wasted.,"A group of American teens comes to Ireland to visit a friend who takes them on a camping trip in search of the local, fabled magic mushrooms. When the psychedelics start taking hold, the panicked friends are attacked by ghostly creatures; but how can they determine whether what they are experiencing is reality or hallucination?",/pU4lcKfjf0U8pM036FHyoVGLev7.jpg,/qDlPT4EStkbQxczswCQsq23OGQ7.jpg,2007-08-16,4.881,402,"['Horror', 'Mystery']",0,4910682,84,low
33107,tt1391034,And Soon the Darkness,Alone. Stranded. No One to Trust.,"When two American girls on a bike trip in a remote part of Argentina split up and one of them goes missing, the other must find her before her worst fears are realized.",/8k7BV9YRKTNXdj7wKiRGncNfwAh.jpg,/U3XuW7DgoUsjTP6b4asUnG4ozk.jpg,2010-02-25,5.2,400,"['Mystery', 'Thriller']",0,177182,91,low
9456,tt0132910,The Crow: Salvation,For vengeance. For justice. For love.,"Alex Corvis, a man wrongly executed for the murder of his girlfriend, returns from the dead and sets out to find the real killer.",/5JkLJ0HS1hGxZHok9pjBcLCpLuX.jpg,/s6cgAveWCam2hYgdPhD3WbrjSBt.jpg,2000-01-23,5.474,401,"['Action', 'Thriller', 'Horror', 'Fantasy']",10000000,0,101,low
266639,tt3614530,Jem and the Holograms,Every generation needs a voice,"As a small-town girl catapults from underground video sensation to global superstar, she and her three sisters begin a one-in-a-million journey of discovering that some talents are too special to keep hidden. Four aspiring musicians will take the world by storm when they see that the key to creating your own destiny lies in finding your own voice.",/qwsx5i4xUW3YZoFWlrkpNTUfpZf.jpg,/ac66kDI6hscMGW25Y1f5qSZn9p8.jpg,2015-10-22,5.476,399,"['Drama', 'Music']",5000000,2333684,119,low
75622,tt1640548,Rampart,The most corrupt cop you've ever seen on screen,"The story follows veteran police officer Dave Brown, the last of the renegade cops, as he struggles to take care of his family, and fights for his own survival.",/wUlYwDmkytszsDvyIPn66pdqgZe.jpg,/beEjNV725OEZ7JZQxNN1eZ0Wyt3.jpg,2011-11-23,5.465,399,"['Crime', 'Drama']",12000000,972512,108,low
326425,tt4382872,Extraction,Vengeance runs in the family.,"When a former CIA operative is kidnapped by a group of terrorists, his son learns there is no plan for his father to be saved—so he launches his own rescue operation.",/1Cn5pxPi5XedW0oH0Xr6GibmmVZ.jpg,/pak4TKvX3j7sqXcjwQCh5yzpUbN.jpg,2015-12-18,4.5,398,"['Action', 'Thriller']",0,16775,92,low
11246,tt0274546,Hellraiser: Hellseeker,Evil. Deadly. Immortal.,"When the puzzle box is once again solved, Pinhead and his legion demolish all who dare oppose them. But standing in his way is the only person who has defeated Cenobites of the past.",/r6aaaXLgwp2nuX5tGtisRM5fsHW.jpg,/2pGRnOQ6gcDm1MW8qjbVjwJFupF.jpg,2002-10-15,4.966,394,"['Horror', 'Thriller']",3000000,0,89,low
11217,tt0331953,Club Dread,A vacation to die for.,When a serial killer interrupts the fun at the swanky Coconut Pete's Coconut Beach Resort -- a hedonistic island paradise for swingers --- it's up to the club's staff to stop the violence ... or at least hide it!,/9slWyVotwxZNthMcKoeFaK3tgNz.jpg,/cyTwskS7gIuv93SHyBppOcnudQH.jpg,2004-02-27,5.184,388,"['Comedy', 'Horror', 'Mystery', 'Thriller']",8500000,5001655,104,low
456048,tt6143568,The Humanity Bureau,In the near future our government will decide who is expendable.,In 2030 the world is in a permanent state of economic recession and facing serious environmental problems as a result of global warming.,/2qf4wJoaYAXwY0Lov4OfBhSGbTQ.jpg,/jHd6jANcVYpA7uUGSyJf2nSMULw.jpg,2017-07-11,4.8,387,"['Science Fiction', 'Thriller']",6000000,17544173,94,low
50838,tt1316622,Wrecked,When your mind is a mystery.  You can survive the wilderness. But can you escape your past?,"A man awakens in a car wreck at the bottom of a steep cliff. He can't remember who he is or how he got there, but a report over the radio fills in some of the blanks, as it describes a violent bank robbery and names a perpetrator who happens to be sitting dead in the back seat.",/vlMaBNaC7FATlWq5lq9LmWijBOe.jpg,/ystiVAkqldGAJzk7suY24jWxPl2.jpg,2010-04-01,5.355,387,"['Mystery', 'Thriller', 'Horror']",0,8020,86,low
10213,tt0120695,From Dusk Till Dawn 3: The Hangman's Daughter,A Must-See Thrill Ride!,"Narrowly escaping death, outlaw Johnny Madrid goes on the run with the hangman's sensuous daughter Esmeralda by his side.",/io5lQ7VRJGBCg2kTJ6BRWRclqJE.jpg,/n4ChV0MskyVOzOMBO8V6xoi6Z94.jpg,2000-01-18,4.9,387,"['Western', 'Horror', 'Thriller']",5000000,9617,94,low
408381,tt4711924,Monolith,Technology can be your best friend or your worst enemy.,A mother and her son plan a surprise visit to Los Angeles to see her husband/his father. Halfway there they get into a terrible accident in the middle of nowhere and now must fight to survive.,/gyI1M8toCUr6xlVnVqXOdATg9gY.jpg,/iY5y6Cj5AMUKqeNdroJayIeZSzY.jpg,2016-05-12,5.3,386,"['Thriller', 'Drama']",0,0,81,low
301728,tt3327624,Infini,Search. Rescue. Destroy.,"A search and rescue team are transported through deep space to a distant mining colony to save the sole survivor of a biological outbreak.  During their mission, they find a lethal weapon which is set to arrive on Earth within the hour.",/3RpZabrzEKiwoG5Y74HkX4rMQHM.jpg,/sOeR0Gh1F40z1Kb1PKdOZqfW8oE.jpg,2015-04-11,5.2,386,"['Horror', 'Science Fiction', 'Thriller']",0,0,110,low
10167,tt0297162,Half Past Dead,The good. The bad. And the deadly.,"A man goes undercover in a hi-tech prison to find out information to help prosecute those who killed his wife. While there, he stumbles onto a plot involving a death-row inmate and his $200 million stash of gold.",/fJhudecoqyoZLoCwAZvqNPd7MK5.jpg,/kn2DrfbjYWyNAXlYjCIhQPOTEYd.jpg,2002-11-15,5.12,386,"['Crime', 'Action', 'Thriller']",25000000,19233280,98,low
2728,tt0486640,Postal,Some comedies go too far... others start there.,"The story begins with a regular Joe who tries desperately to seek employment, but embarks on a violent rampage when he teams up with cult leader Uncle Dave. Their first act is to heist an amusement park, only to learn that the Taliban are planning the same heist as well. Chaos ensues, and now the Postal Dude must not only take on terrorists but also political figures.",/gfU7ZYQEOVI06eZBjTAMnrzTLL.jpg,/hv4vkURVXnYDZ0VJiGN3titWrIw.jpg,2007-10-18,4.637,386,"['Comedy', 'Action', 'Adventure', 'Crime', 'Thriller']",15000000,146741,100,low
362826,tt5085924,Wildling,Discover your true nature,A young woman held in captivity discovers the realities of truth and lies in the outside world.,/wZQR6hKRUBqHRL4lfECFES68zGF.jpg,/ictYT7jrWrJwTs11agZVxX8W1ZB.jpg,2018-04-13,5.453,385,"['Horror', 'Fantasy', 'Thriller', 'Drama']",0,0,92,low
145221,tt1935302,Monsters: Dark Continent,Fear has evolved,"Seven years on from the events of Monsters, and the ‘Infected Zones’ have spread worldwide. Humans have been knocked off the top of the food chain, with disparate communities struggling for survival. American soldiers are being sent abroad to protect US interests from the Monsters, but the war is far from being won.",/sQ3uSRb0wrgJf9sWc8LxYbnqltC.jpg,/97tEx5wgsdukAzC32NkcAFRvTGZ.jpg,2014-10-09,4.736,384,"['Thriller', 'Drama', 'Science Fiction']",0,306004,119,low
354979,tt4054654,Dog Eat Dog,,"Carved from a lifetime of experience that runs the gamut from incarceration to liberation, Dog Eat Dog is the story of three men who are all out of prison and now have the task of adapting themselves to civilian life.",/ve6qJRjs2OUsXLIHLson3j4eVTB.jpg,/eRpVvbvvO7UCA2vTGant3kq1zSc.jpg,2016-11-04,5.136,381,"['Drama', 'Crime', 'Thriller']",0,184404,93,low
293771,tt3816458,Dead Rising: Watchtower,,A group of people fight to survive in a zombie infested town.,/95gMn5GwR6rPHmmHfDyEs0pO2U7.jpg,/3QyZefxeAuoUshAwpliuhaTwDPy.jpg,2015-03-27,5.2,379,"['Horror', 'Science Fiction', 'Action']",0,0,118,low
12699,tt0354623,Hellraiser: Hellworld,Evil goes online.,"When five hardcore Internet gamers are invited to a special party thrown by the website Hellworld, they endure a night of unspeakable terror.",/p3QI77LO2TSeLfZ0CHdbw0uITef.jpg,/lXpBj7RDr7wShql0KpCLYHyYvdi.jpg,2005-09-06,4.666,379,"['Horror', 'Thriller']",5000000,0,95,low
9842,tt0462519,School for Scoundrels,Life's a game. Learn how to play.,"In the hope of winning the woman of his dreams, Amanda, lovelorn meter-reader Roger Wadell enrolls in a secret confidence-building class. The course's title takes on much more meaning when he discovers that his egomaniacal professor Dr. P also wants the same woman. They begin a fierce rivalry that quickly spirals out of control, their pranks and insults get uglier as they try to prove who is the ultimate guy's guy.",/ffudFsgDUBfxbesYELDIrNtKdkz.jpg,/KT4E9HZWkx0rqEnoTWyNhInqPZ.jpg,2006-09-29,5.5,379,"['Comedy', 'Romance']",20000000,17800000,100,low
250066,tt2923316,American Heist,Brothers in arms for life.,"Two brothers, both with troubled paths, find themselves in the middle of one last bank job.",/526uxanwv4mMK0YTxjVrsmMXXo2.jpg,/vIrQp74LyBd7ktEIgMdd0Nfyb3U.jpg,2014-09-11,4.813,378,['Action'],10000000,0,94,low
78049,tt1781896,The Scorpion King 3: Battle for Redemption,From the Producers of The Mummy,"Since his triumphant rise to power in the original blockbuster ""The Scorpion King"", Mathayus' kingdom has fallen and he's lost his queen to plague. Now an assassin for hire, he must defend a kingdom from an evil tyrant and his ghost warriors for the chance to regain the power and glory he once knew. Starring Ron Perlman (""Hellboy"") and Billy Zane (""Titanic""), and featuring 6-time WWE champion Dave Bautista and UFC star Kimbo Slice, ""The Scorpion King 3: Battle for Redemption"" takes ""The Mummy"" phenomenon to an all-new level of epic action and non-stop adventure.",/pmLWbxZhZADXk4gpzLiHs5blDkc.jpg,/oNGw9appaywtcZwf64GABeTPBgL.jpg,2012-01-17,4.6,378,"['Action', 'Adventure', 'Fantasy']",5000000,0,106,low
37534,tt0951335,The New Daughter,How Far Will A Father Go To Protect The Ones He Loves?,"John James is a writer; his wife has left him. He moves with his two middle-school children to an isolated house off a dirt road in South Carolina. The property has an Indian burial mound, which fascinates his daughter, Louisa, who's entering puberty.",/dU5uJoWAcwNVH84G736i4f7oVot.jpg,/rKaX8ery6hhQn8LT8FWdFyOBQSy.jpg,2009-12-18,5.32,377,"['Horror', 'Thriller']",0,0,108,low
24476,tt0206588,Beethoven's 3rd,Buckle up... Beethoven is taking a road trip!,"Everyone's favorite St. Bernard returns in this family film about man's best friend. Richard Newton, his wife Beth and kids Brennan and Sara shove off in their camper for a road trip. Along the way, they gain a new passenger: slobbery Beethoven. The Newtons plan to return Beethoven to his owner -- but not before he turns hero when a pair of thieves enter the picture.",/1se0w1IwJj7APH94qwbnmgnHjI.jpg,/cI8t4hgzvlodVrPzckGDovNB9HJ.jpg,2000-07-25,5.2,377,"['Family', 'Comedy']",0,0,99,low
23966,tt0896534,Deadgirl,You’ll never have anything better.,"When high school misfits Rickie and JT decide to ditch school and find themselves lost in the crumbling facility of a nearby abandoned hospital, they come face-to-face with a gruesome discovery: a body of a woman stripped naked, chained to a table and covered in plastic and soon realize she is anything but dead. Quickly the boys find themselves embarking on a twisted yet poignant journey testing the limits of their friendship, and forces both to decide just how far they're willing to stretch their understanding of right and wrong.",/ff00BtvdnSHO8qoblBhiXmJKvCm.jpg,/cxBbDUlZ10GibvyQ2iThASBm1Dj.jpg,2008-09-06,5.269,377,"['Horror', 'Thriller']",0,0,101,low
803114,tt11348232,The Requin,Terror will surface.,"A couple on a romantic getaway find themselves stranded at sea when a tropical storm sweeps away their villa. In order to survive, they are forced to fight the elements, while sharks circle below.",/i0z8g2VRZP3dhVvvSMilbOZMKqR.jpg,/eVSa4TpyXbOdk9fXSD6OcORJGtv.jpg,2022-01-28,4.763,375,"['Horror', 'Mystery', 'Thriller']",8500000,130493,89,low
517764,tt7959500,The Farm,They're Dying To Meat You,"The young couple Nora and Alec are on their way back from a long road trip. In a  desert town they want to take a break, but when they wake up the next morning, they are no longer in the motel where they had actually checked in. Overnight, the by a group of crazed killers wearing animal masks, have been abducted.  What would happen if people were treated like cattle for slaughter? On the farm, this horrific idea comes true. As Nora and Alec soon find out, they are not the only ones locked in cages, fattened up and fed only to be slaughtered, disemboweled and eaten as a delicacy by their torturers. For the young couple begins a fight for bare survival.",/7nPMR3QU5vl7cEmB1LE6O6yliCg.jpg,/7Bl98JC4kGe62ORuFIsFtWtcIA2.jpg,2019-04-19,5.4,375,['Horror'],0,0,80,low
346651,tt3774802,Pandemic,You are humanity's last stand.,"After a virus of epic proportions overwhelms the planet—with more infected than uninfected—humanity is losing its grip on survival and its only hope is finding a cure and keeping the infected contained. Lauren, a doctor, arrives in Los Angeles with her crack team to lead the hunt for uncontaminated civilian survivors, but nothing can prepare them for the blood-soaked mayhem they witness as they head into the Californian streets where everything is considered a trap.",/m0OCqNmVudMtbGlv4iTcyYrbp9m.jpg,/zpnVZ8WIq5xIA1QGf5nXb32Nn2M.jpg,2016-02-26,5.1,375,"['Action', 'Science Fiction', 'Horror']",0,0,91,low
333386,tt2436682,The Duel,Vengeance cannot be denied.,A Texas Ranger investigates a series of unexplained deaths in a town called Helena.,/qF7PKbM4KpjF7e6KOUoluoz78fl.jpg,/nVR9pzRNznccuOzX6KAyoMTbpLO.jpg,2016-06-24,5.4,373,"['Western', 'Drama']",10000000,20672,110,low
242076,tt2212008,The Bag Man,The cat's in the bag.,A criminal waits in a seedy motel for his boss after killing several men to steal a bag.,/iWVuYsgZYhtDVroaxu6zCF5FA63.jpg,/fQUNZaqJTcG7ARwNfTMlwKS6Jgl.jpg,2014-02-28,5.3,372,"['Crime', 'Drama', 'Thriller']",0,56574,108,low
463602,tt5181852,Slumber,,A sleep doctor tries to protect a family from a demon that feeds on people in their nightmares.,/fYbShpy94q0kbr2wqlZ0KmpcQy7.jpg,/aGAWFJ9DvlDRzz8SGW1DVplB28a.jpg,2017-12-01,5.367,371,['Horror'],0,0,84,low
17455,tt0337636,Hellraiser: Deader,"The latest, most terrifying evil.","When a tough-as-nails reporter is lead to a mysterious cult and the evil Pinhead, any moment could be her last.",/dsKRtNIPFcmxhs6RDOMRCm0PfkW.jpg,/cARh4D78SYGvOiLCjTjYA5PkCxe.jpg,2005-06-07,4.608,371,"['Horror', 'Thriller']",4000000,0,89,low
75736,tt1886493,Catch.44,"If you are going down, take everyone with you","The lives of three female assassins take a sudden turn when their charming boss lures them into one last job. They soon find themselves thrust into a bizarre situation involving a psychotic hit man, a grizzled trucker and a delusional line cook.",/mbDQA2a3H9CbEHr7bDkaqxAGDO1.jpg,/yl52nn4i81rNxtzcBIhgMSsYTaC.jpg,2011-12-08,5.049,369,"['Drama', 'Action', 'Thriller']",7000000,0,93,low
529983,tt5862166,The Poison Rose,A private eye. A public murder. A perfect crime.,"A down-on-his-luck PI is hired by his old flame to investigate a murder. But while the case at first appears routine, it slowly reveals itself to be a complex interwoven web of crimes, suspects and dead bodies.",/gSzyUmg719TgAxarFZYWjLLMqvS.jpg,/cXpkDrZWK8amdYXzf24LH67Vftn.jpg,2019-05-23,4.7,368,"['Thriller', 'Crime']",0,323754,98,low
253414,tt3164256,Rock the Kasbah,Opportunity rocks where you least expect it.,"A washed-up music producer finds one last shot at redemption with a golden-voiced young girl in Afghanistan. However, when jealousy gets the better of a disgruntled ex-boyfriend, he decides to oppose the young star with talent of his own.",/jGNOsJjpsJ4yWe3InuiXgYk8VuW.jpg,/wldeDiuEBhYi1Q4FjSHzAQ3yS80.jpg,2015-10-22,5.387,368,"['Comedy', 'Music', 'War']",15000000,3020664,100,low
455551,tt5669936,The Recall,They've come to claim what's theirs,"When five friends vacation at a remote lake house, they expect nothing less then a good time, unaware that Earth is under attack by an alien invasion and mass-abductions.",/A2sQAzHavtot2brA42pHXKgf3ww.jpg,/60qjADBGGjgFLcYSIG5zaPlxUQk.jpg,2017-06-02,4.659,365,"['Science Fiction', 'Horror']",5000000,1319566,91,low
14324,tt0437954,Virgin Territory,Anything can happen when you're in ... Virgin Territory,"In Black Death era Tuscany, as in the Decameron, ten young Florentines take refuge from the plague. But instead of telling stories, they have lusty adventures, bawdy exchanges, romance, swordplay, randy nuns, Saracen pirates, and a sexy cow.",/zofWP7ZKhoVTh2VUltaDo4LRQXc.jpg,/cRXcuLS1z0820eZ4mOXF08VEdZR.jpg,2007-12-17,4.93,365,"['Adventure', 'Action', 'Comedy', 'Romance']",38000000,5410749,93,low
7182,tt0428251,Venom,He never hurt a soul until the day he died.,"A group of teenagers fear for their lives in the swamps of Louisiana, chased by Mr. Jangles, a man possessed by 13 evil souls, and now relentless in his pursuit of new victims.",/z1oor8urdFc0w2mhYMdzryojMH.jpg,/haP0jnAmZ6AbpGeBlPZForH8GCb.jpg,2005-09-16,5.4,365,"['Horror', 'Thriller']",0,881779,85,low
23685,tt0166276,Monkeybone,Get boned!,"After a car crash sends repressed cartoonist Stu into a coma, he and the mischievous Monkeybone, his hilarious alter-ego, wake up in a wacked-out waystation for lost souls. When Monkeybone takes over Stu's body and escapes to wreak havoc on the real world, Stu has to find a way to stop him before his sister pulls the plug on reality forever!",/lgH7Wej9922C1MQv0wciAfesKH8.jpg,/ntVB3LgyvKIaw6Dk29ZuDsV3TSR.jpg,2001-02-23,5.184,364,"['Adventure', 'Fantasy', 'Animation', 'Comedy', 'Science Fiction']",75000000,5409517,93,low
14863,tt1137996,Anaconda 3: Offspring,They can taste your fear.,A mercenary-for-hire accepts a mission from a billionaire to capture a dangerous snake that could possibly help cure a terminal illness.,/qQzn9r0dy4TWoRMsVHk5iBuwVyK.jpg,/rmB5vs4KqJdo767gncUrS9vAsRz.jpg,2008-10-23,4.6,364,"['Horror', 'Adventure', 'Thriller', 'TV Movie']",0,0,91,low
13376,tt0271263,Eight Crazy Nights,The ultimate battle between Naughty and Nice.,"Davey Stone, a 33-year old party animal, finds himself in trouble with the law after his wild ways go too far.",/k25VkKJjo52vuo4rUKEG4qFLQjL.jpg,/t98noANuotqXJgIcgm3MvcvJCNr.jpg,2002-11-27,5.2,364,"['Animation', 'Comedy']",3400000,23833131,76,low
994143,tt21307994,Skinamarink,In this house...,"Two children wake up in the middle of the night to find their father is missing, and all the windows and doors in their home have vanished.",/o942912KFh89SGhqWuKXuT0SXzN.jpg,/tjPpoTWBZOSUudnDyCYAqGcXBAS.jpg,2023-01-13,5.3,363,['Horror'],15000,2131183,100,low
293572,tt1958043,The Houses October Built,,"Beneath the fake blood and cheap masks of countless haunted house attractions across the country, there are whispers of truly terrifying alternatives. Looking to find an authentic, blood-curdling good fright for Halloween, five friends set off on a road trip in an RV to track down these underground Haunts. Just when their search seems to reach a dead end, strange and disturbing things start happening and it becomes clear that the Haunt has come to them…",/yGTHvZE1ggog8w06kqg1HyTANjT.jpg,/lCyR4kEM5rVpKBdq4lgMIrKl5Ro.jpg,2014-10-10,4.958,361,"['Horror', 'Thriller']",0,0,91,low
10064,tt0389957,Edison,"In this city, only the cops are above the law.","In the troubled city of Edison, a young journalist, his jaded editor, and an honest investigator from the district attorney's office join forces to gather evidence against corrupt members of an elite police unit.",/7K2amWJd9lASC9R04M7IfVklBc1.jpg,/secc9CFi6OERSCB6RZ9yusDYlEm.jpg,2005-07-29,5.3,361,"['Drama', 'Action', 'Thriller']",25000000,4165675,99,low
276905,tt1594972,Norm of the North,Bear to be different,"Polar bear Norm and his three Arctic lemming buddies are forced out into the world once their icy home begins melting and breaking apart. Landing in New York, Norm begins life anew as a performing corporate mascot, only to discover that his new employers are directly responsible for the destruction of his polar home.",/ouaoVSV7aOSWTNnQ9iDA1jw0pgg.jpg,/bqBtjT11WMPaX6RY6jkGBFz2HfS.jpg,2016-01-14,4.7,360,"['Adventure', 'Animation', 'Comedy', 'Family']",7000000,17062499,86,low
14846,tt0361841,Little Black Book,Have you ever been tempted to look inside his...,"Determined to learn about her boyfriend's past relationships, Stacy -- who works for a talk show -- becomes a bona fide snoop. With her colleague, Barb, Stacy gets the names of Derek's ex-lovers and interviews them, supposedly for an upcoming show. But what she learns only adds to her confusion, and her plans begin to unravel when she befriends one of the women.",/c6TD54dLIryqhQAOdGExy8Lie1l.jpg,/uOn7OxSRhOcVpnypbmcYf23uiPO.jpg,2004-08-06,5.3,360,"['Comedy', 'Romance', 'Drama']",35000000,22035509,111,low
13972,tt0430770,The Women,,"The story centers on a group of gossipy, high-society women who spend their days at the beauty salon and haunting fashion shows. The sweet, happily-wedded Mary Haines finds her marriage in trouble when shop girl Crystal Allen gets her hooks into Mary's man.",/u6UFSOsObmRqitnqIocZ776GmrR.jpg,/lrE14a3NfpDhSHHbJaQYScK6aSh.jpg,2008-09-12,5.118,360,"['Drama', 'Comedy']",16000000,50007546,114,low
454283,tt6495770,Action Point,Real Stunts. Real Thrills. Real Messed Up.,A daredevil designs and operates his own theme park with his friends.,/5lqJx0uNKrD1cEKgaqF1LBsLAoi.jpg,/3ldiRRggT4CC38jEE4gqVgTUhVM.jpg,2018-06-01,5.443,359,['Comedy'],19000000,5059608,85,low
444149,tt5476182,Hellraiser: Judgment,Evil seeks evil.,"Three detectives trying to stop a diabolical serial killer are sucked into a maze of otherworldly horror, where hellish denizens including the Auditor, the Assessor, and the Jury await to pass judgment.",/nYlSoysJVSvfKhMMKB6PLbXuWUK.jpg,/qW4hr2WweKiyztgd4Ql0wlfRYBF.jpg,2018-02-13,5.138,358,"['Horror', 'Thriller']",350000,426290,81,low
286873,tt2290553,Northmen: A Viking Saga,There's No Time To Bleed,A band of Vikings cross enemy lines and a panicked race begins. The losers will pay with their lives.,/bx70ZCmLlzu0kALPGoiBezGPG7o.jpg,/l3n7vNeKBfUfLvLRbe8Knk5c1we.jpg,2014-10-23,5.5,358,"['Adventure', 'Action', 'Drama']",0,3005082,97,low
9959,tt0349467,Freedomland,The Truth Is Hiding Where No One Dares To Look.,A black police detective must solve a strange case of a kidnapped boy and deal with a big racial protest.,/fM9MYcI7BHJ2YqEtcr8JKPE8nDB.jpg,/asi4QVM9QSdSAZUo5mpMZVxNaxl.jpg,2006-02-17,5.2,358,"['Thriller', 'Crime', 'Mystery']",37665000,14655628,113,low
525460,tt6829180,Welcome Home,Betrayal hurts. Jealousy kills.,A couple try to repair their damaged union in an Italian vacation paradise. Then they discover the owner's intentions.,/fMhJQoMitAh0pN0fLlD7iUGcBp0.jpg,/1hrexCNSKU8SZ2rgl2UvBvcqs1M.jpg,2018-11-16,5.286,355,"['Thriller', 'Horror']",0,331704,98,low
46429,tt0829176,Gallowwalkers,,"When a nun broke her covenant with God to save the life of  her unborn son, Aman, he was cursed for life. As an adult, Aman has killed those who have crossed him. But his curse brings his victims back to life and they pursue him for revenge, so Aman enlists a young gunman to fight by his side against his undead victims.",/cGBmTiNomYCk6Lr4Gkhbssg0m82.jpg,/cBIGV9LYgJtb3xHETpgBgN7Mi3F.jpg,2012-10-27,4.69,355,"['Action', 'Horror', 'Western']",17000000,0,90,low
413471,tt1588878,The Late Bloomer,Based on the (Mostly) True Story of the 30-Year-old Who Just Hit Puberty.,A sex therapist goes through puberty after the successful removal of a benign tumor resting against his pituitary gland. He experiences all the changes and effects of puberty over a three-week period.,/al9PDW3lxsDGNnphpVWdO9GvSGU.jpg,/iV8jui6eHwaj93NJqGPd8O3UuHf.jpg,2016-10-07,5.4,354,"['Comedy', 'Drama', 'Romance']",0,0,90,low
14695,tt0285175,Havoc,Too much is never enough.,"A wealthy Los Angeles teen and her superficial friends wants to break out of suburbia and experience Southern California's ""gangsta"" lifestyle. But problems arise when the preppies get in over their heads and provoke the wrath of a violent Latino gang. Suddenly, their role-playing seems a little too real.",/xY4c4bHPCRrwIvkxJ6qRLoyxQVo.jpg,/gCEyc80mSflLymG8bfqrtu6ly44.jpg,2005-10-16,5.3,351,"['Crime', 'Drama']",9000000,371000,86,low
1114894,tt9603060,Star Trek: Section 31,"To protect the light, they fight in shadow.",Emperor Philippa Georgiou joins a secret division of Starfleet tasked with protecting the United Federation of Planets and faces the sins of her past.,/fNu6P4jYU55Cb3CC2SndtAKvois.jpg,/3SOunz2Z0qcOVlrkYFj20HquziB.jpg,2025-01-15,4.719,350,"['Science Fiction', 'Adventure', 'Action']",0,0,96,low
844185,tt14914430,Unfrosted,A Pop-Tart will rise.,"In a time when breakfast is ruled by milk and cereal, a fierce corporate battle begins over a revolutionary new pastry.",/zxcpbkiyv81u1frI7b0f6qaYufE.jpg,/gkeTxlr34PpxFM1GnuhaLx21gPO.jpg,2024-04-30,5.347,350,"['Comedy', 'History']",0,0,97,low
157424,tt2102496,Cabin Fever: Patient Zero,The Birth of Fear,"A group of friends head to a deserted Caribbean island for a surprise overnight bachelor party only to discover that the island isn't deserted. It's actually the home to a secret medical facility. Not only that, there's something wrong with the water surrounding the island...",/5A4wV8k9Kv2OY3XjI9WDA5qsAkD.jpg,/bW2PA84pviNsBERioeBGwkgoRFr.jpg,2014-02-05,5.0,349,['Horror'],0,0,91,low
21583,tt1082853,Management,Some moments just feel right.,A traveling art saleswoman tries to shake off a flaky motel manager who falls for her and won't leave her alone.,/roum0tVUqDWRbxBPlvdBzrxjMpK.jpg,/mVbBXWC91rd3NxLbkwWjsjekrBo.jpg,2009-02-08,5.4,348,"['Comedy', 'Drama', 'Romance']",0,2566648,94,low
802443,tt7897330,Deadly Illusions,"To write the perfect novel, she needed a touch of Grace.","A bestselling female novelist, suffering from writer's block, hires an innocent young woman to watch over her twin children. As the novelist dangerously indulges in her new best seller, the line between the life she's writing and the one she's living becomes blurred.",/wj0PpS8cvXCNB3Wvhe6w5k0Nnke.jpg,/h9idnfOs9nt8Nj2agbOjlOqTGAc.jpg,2021-03-18,4.952,347,"['Thriller', 'Drama']",0,0,114,low
438970,tt6298780,Sharknado 5: Global Swarming,Make America bait again!,Fin and his wife April travel around the world to save their young son who's trapped inside a sharknado.,/zB1ZhLWQNiBkRnABbFaULodfEaj.jpg,/tV52jYHf2CkFzIMlrn87xs1aPM.jpg,2017-08-06,4.8,347,"['Action', 'Comedy', 'Horror', 'Science Fiction', 'TV Movie']",3000000,0,89,low
269173,tt2962726,The Anomaly,,A former soldier is taken captive and awakens in the back of a van where he learns that he only has less than 10 minutes to figure out how he got there.,/s56VZf9TsFmRSJ549nCI8RgKTr.jpg,/z2TeugkpWa1bYHjzlCVa5Y58cSr.jpg,2014-06-19,4.951,347,"['Thriller', 'Action', 'Science Fiction']",0,0,97,low
420707,tt4126568,Cage Dive,First you find the sharks. Then they find you.,"Three friends from California are filming an audition tape for an extreme reality game show. They document their journey to Australia where they will be doing their most dangerous activity: Shark Cage Diving. A catastrophic turn of events leaves them in baited water full of Great White Sharks, turning their recording into a blood chilling diary of survival...And death.",/3uUO9eDxHeDREIX77BaQiI88ajp.jpg,/gUebSn2HgWchRx2sUwYAXpbxCfV.jpg,2017-08-11,4.6,346,"['Horror', 'Thriller']",0,863413,80,low
19824,tt1276434,Van Wilder: Freshman Year,The man. The myth. The beginning.,"It is freshman year at Coolidge College and Van Wilder is ready to party. To his dismay, all the girls have taken a vow of chastity and the dean rules the school. Van embarks on a crusade to land the campus hottie, Kaitlin, and liberate his school from sexual oppression and party dysfunction.",/tjDH8REu8bqgW9zXDIOy6C8FNtH.jpg,/e0fWkS9iJkLV2jSZ5g2MF2iTIKS.jpg,2009-06-02,5.4,346,"['Comedy', 'Romance']",6000000,20543,100,low
15028,tt0157472,Clockstoppers,What if you had the power to stop time?,"Until now, Zak Gibbs' greatest challenge has been to find a way to buy a car. But when he discovers an odd wristwatch amidst his father's various inventions and slips it on -- something very strange happens. The world around him seems to come to a stop, everything and everybody frozen in time. Zak quickly learns how to manipulate the device and he and his quick-witted and beautiful new friend, Francesca, start to have some real fun.",/6XZJ58gStdLZV8uJyTRcA5bGNyi.jpg,/ygys5z5itmGGbSp2G003A6crCyO.jpg,2002-03-29,5.3,346,"['Adventure', 'Family', 'Science Fiction', 'Thriller']",26000000,38793283,94,low
10763,tt0205271,Dr. T & the Women,He is overwhelmed by the woman in his life,"A successful Texas gynecologist finds himself amid a bevy of women and their problems – his wife’s breakdown, his daughter's fake marriage, his other daughter’s conspiracy theories, and his secretary’s crush. Craving time for himself, he finds solace in a kind outsider.",/vBtKoV5YU4lStxXyBQLvAdYgGej.jpg,/zf2eFbIgNvg4qRa8bUsHkw2JkSE.jpg,2000-09-13,4.9,345,"['Comedy', 'Drama', 'Romance']",23000000,22844291,122,low
523077,tt5792656,Running with the Devil,,A leader of a drug cartel sends his two toughest henchmen to investigate why a shipment was botched.,/qJ2H94PpXxZgiGGUNkyLSKZzm8u.jpg,/9VqvhI7mBuqAHit2aWVVaYZ0JCL.jpg,2019-08-29,5.423,344,"['Crime', 'Drama', 'Thriller']",0,0,100,low
12771,tt0261289,Serving Sara,The One Thing That Could Bring Them Together Is Revenge.,"When Sara is served divorce papers while she is in New York, she is stunned. Not about to lose the fortune she amassed with her self-serving Texan husband, she makes an offer to her process server, Joe, that sets them off on a wild trip across the country.",/zi8uGxsyhxo0Uzg09ImxLzBDSK3.jpg,/qZiQ1ISNYjk6xn61NKwpcOGSG9a.jpg,2002-08-23,5.363,343,['Comedy'],29000000,16930185,100,low
297596,tt1274586,Dying of the Light,,"Evan Lake, a veteran CIA agent, has been ordered to retire. But when his protégé uncovers evidence that Lake's nemesis, the terrorist Banir, has resurfaced, Lake goes rogue, embarking on a perilous, intercontinental mission to eliminate his sworn enemy.",/gL6riNxQeyPXT5YsgqE2aWhl1zi.jpg,/8b7BpDvmPABFtrw9GeSesHFQBaB.jpg,2014-12-04,4.7,342,"['Thriller', 'Drama']",15000000,0,94,low
185460,tt2885364,Willow Creek,Believe the legend... fear the truth.,"Looking to make a splash online with his research videos into the existence of Bigfoot, Jim and his girlfriend Kelly take a camping trip to the small town of Willow Creek, California, and the surrounding mountains where the infamous footage of the supposed sasquatch was filmed.",/79JtBWsWmG6zhektBbwq0u8r9pE.jpg,/jFJzscHXN9vbHRobRZZ49PkrJvl.jpg,2013-05-02,5.105,342,"['Horror', 'Mystery', 'Thriller']",0,0,80,low
19543,tt1150934,Anacondas: Trail of Blood,"Bigger, faster, hungrier.","A genetically created Anaconda, cut in half, regenerates itself into two new aggressive giant snakes, due to the Blood Orchid.",/916jenbMstGCE20hceYDTo8psf4.jpg,/zzJxwLTX5QCWkWsq7RnRhNKFBBo.jpg,2009-07-16,4.686,341,"['Adventure', 'Horror', 'Thriller', 'TV Movie']",0,0,89,low
193726,tt2926810,ABCs of Death 2,Some people never learn.,"Taking all that was great from the first instalment, the movie aims to be a wilder, leaner, faster-paced and even more entertaining anthology this time around, with a new crop of award-winning, visionary filmmakers from around the globe.",/9oijbrQPBjBerEa8yJtrCaV0emz.jpg,/yj8hwM8tRC3teJiRLEfsXOpXtio.jpg,2014-10-02,5.371,340,['Horror'],0,7171,122,low
17680,tt1103982,The Girlfriend Experience,See it with someone you ****,"Chelsea is an in-demand call girl whose $2,000 an hour price tag allows her to live in New York's lap of luxury. Besides her beauty and sexual skill, Chelsea offers her clients companionship and conversation, or, as she dubs it, ""the girlfriend experience."" With her successful business and a devoted, live-in boyfriend, Chelsea thinks she has it made... until a new client rocks her world.",/rDxSasCAEdXpaeEo3GsBt8i9wkr.jpg,/yG1DppzYVHoRifCPZ8Z6aDWoFgp.jpg,2009-05-22,5.079,337,['Drama'],1700000,1007962,77,low
320048,tt3836512,Ratter,At this moment someone could be listening... watching... recording...,"Emma is a young and beautiful graduate student just starting a new life in New York City. Like most people her age, she is always connected - her phone and laptop are constant companions, documenting her most intimate moments. What she doesn't realize is that she's sharing her life with an uninvited and dangerous guest. A hacker is following Emma’s every move. When the voyeuristic thrill of watching her digitally isn't enough, the situation escalates to a dangerous and terrifying level.",/vSwYyxa12OqcrVnW6qPGqIBFyh2.jpg,/rmwyGjvG2SPox7jVudJXWu1YrQS.jpg,2015-01-24,5.2,335,"['Drama', 'Horror', 'Thriller']",500000,110834,80,low
560192,tt8380776,Grand Isle,A storm is coming,"Walter and his neglected wife lure a young man into their Victorian home to escape a hurricane. When the man is charged with murder by Det. Jones, he must reveal the couple's wicked secrets to save himself.",/8mcXb3km7hZ8aJKpxxgnvvxt9gW.jpg,/vGtP84BJCb7Hl9UwocWIeyIPDJP.jpg,2019-12-06,5.4,334,"['Drama', 'Thriller']",0,5566,97,low
437375,tt6083648,Looking Glass,Seeing is deceiving,"A psycho- sexual thriller following a couple that buys an old motel in the desert looking for a new beginning, but what seemed at first as an escape is soon a thrilling ride through a mysterious world when Ray discovers a two way mirror and witnesses a horrifying murder. In a twisted game of cat and mouse, Ray must race to save his wife and himself from a gruesome secret connected to the motel and the strange people who visit there.",/6zSzaUmoUCwII2pGTqX1jaX8F0p.jpg,/y10CET6cNCDgtrJ5psZmjtg9jGI.jpg,2018-02-16,4.8,334,"['Thriller', 'Mystery']",0,80612,103,low
680493,tt22868010,Return to Silent Hill,Guilt is a place you can never leave.,"When James receives a mysterious letter from his lost love Mary, he is drawn to Silent Hill—a once-familiar town now consumed by darkness. As he searches for her, James faces monstrous creatures and unravels a terrifying truth that will push him to the edge of his sanity.",/fqAGFN2K2kDL0EHxvJaXzaMUkkt.jpg,/v0NEB75SZjxY8GS3ho8WeEvjIT3.jpg,2026-01-21,5.0,334,"['Mystery', 'Drama', 'Horror']",23000000,47372551,106,low
553141,tt6469548,The Head Hunter,Grief. Anger. Vengeance.,"On the outskirts of a kingdom, a quiet but fierce medieval warrior protects the realm from monsters and the occult. His gruesome collection of heads is missing only one - the monster that killed his daughter years ago. Driven by a thirst for revenge, he travels wild expanses on horseback. When his second chance arrives, it’s in a way far more horrifying than he ever imagined.",/ol0DSLOIN8Rq1BcWDTsk6NNwas6.jpg,/2Wjxq7qeuyWvXSdqvOr5mkbcdwN.jpg,2019-04-05,5.479,332,"['Horror', 'Fantasy']",30000,44652,72,low
336445,tt4382824,Army of One,One Man's Wildly True Quest To Capture Osama Bin Laden,"Gary Faulkner is an ex-con, unemployed handyman, and modern day Don Quixote who receives a vision from God telling him to capture Osama Bin Laden. Armed with only a single sword purchased from a home-shopping network, Gary travels to Pakistan to complete his mission. While on his quest, Gary encounters old friends back home in Colorado, the new friends he makes in Pakistan, the enemies he makes at the CIA - and even God and Osama themselves.",/tUmo47WFeFRIQktGXYxWnSZXO6P.jpg,/80EyJ7GHK4rCJTQdw9j7fu3kR6n.jpg,2016-11-04,5.2,332,['Comedy'],0,0,93,low
328429,tt2674430,Approaching the Unknown,,"Captain William Stanaforth is on a one-way solo mission to take the first steps in colonising Mars. Like all pioneers throughout history, Stanaforth will face insurmountable odds and life and death decisions as he rockets bravely through space.",/zubKPqGvXog7LWMyVVZChCo4E8L.jpg,/5EYIaPWR8cg1fKAyH2KTFzTIaPT.jpg,2016-06-03,5.3,332,"['Thriller', 'Drama', 'Science Fiction']",0,10232,90,low
50217,tt0893412,From Prada to Nada,A riches to rags story.,Two spoiled Beverly Hills sisters who have been left penniless after their father's sudden death are forced to move in with their estranged aunt in East Los Angeles.,/nWV6RncsN8Q86JplEl8AFlV5h6A.jpg,/cQrKK6nh6QEXuesBN3x9JMiBe1g.jpg,2011-01-28,5.4,332,"['Comedy', 'Drama', 'Romance']",0,4072098,107,low
580630,tt9026184,Girl on the Third Floor,Home is where hell is,"Don Koch tries to renovate a rundown mansion with a sordid history for his growing family, only to learn that the house has other plans.",/gm5JXIMPxRMFNeEtzso3VUDXQSs.jpg,/ihqU4YHveA0XKnKw5V4o1KTOXog.jpg,2019-10-25,5.2,330,"['Horror', 'Thriller']",0,0,93,low
214597,tt2486630,Fright Night 2: New Blood,"New Blood, New Victims...","By day Gerri Dandridge is a sexy professor, but by night she transforms into a real-life vampire with an unquenchable thirst for human blood. When a group of high school students travel abroad to study in Romania, they find themselves ensnared in her chilling web of lust and terror. Charlie and 'Evil' Ed must stop Gerri from drinking and bathing in the blood of a 'new moon virgin', who just so happens to be Charlie’s ex-girlfriend.",/3Is5G28YLNKq22n5Ee2yTmYA3m6.jpg,/xEdeW2mif652Opusa6wXVvhFdVu.jpg,2013-08-31,5.0,330,"['Horror', 'Comedy']",8000000,0,100,low
139455,tt2347497,Silent Night,You better watch out.,"As their small Midwestern town prepares for its annual Christmas Eve parade, a sheriff and his deputy discover that a maniac in a Santa suit is murdering those he judges as naughty.",/ippySSXam9UHw6j8g3aH8WxC9LU.jpg,/5agsKXYOnrWLSonuYSxnfgyCwga.jpg,2012-11-30,5.176,330,"['Comedy', 'Horror', 'Thriller', 'Mystery']",5000000,130781,94,low
74536,tt1535612,The Son of No One,Serve. Protect. Lie.,A rookie cop is assigned to the 118 Precinct in the same district where he grew up. The Precinct Captain starts receiving letters about two unsolved murders that happened many years ago in the housing projects when the rookie cop was just a kid. These letters bring back bad memories and old secrets that begin to threaten his career and break up his family.,/koxJAJTPTKzMxKu3vVhPvoZc4w6.jpg,/vJ1MWvrJmupJFDrXHlbxRYJg2ZE.jpg,2011-11-04,5.088,329,"['Drama', 'Thriller', 'Crime']",15000000,618425,90,low
226140,tt3106120,See No Evil 2,You will pay for your sins.,"A group of friends pays a late-night visit to the city morgue to surprise Amy on her birthday. But the surprise is on them when the one-eyed corpse of brutal psychopath Jacob Goodnight unexpectedly rises from a cold sub-basement slab, turning their wild party into a terrifying slay-fest.",/jGLfL5zg5mt3GXtJtEsk7kqTP93.jpg,/5SN7vz5PMf3rxJ1kZQzD0LaioCI.jpg,2014-10-21,5.332,328,['Horror'],0,0,90,low
751237,tt13235822,Umma,A mother's love never dies,"Amanda and her daughter live a quiet life on an American farm, but when the remains of her estranged mother arrive from Korea, Amanda becomes haunted by the fear of turning into her own mother.",/moLnqJmZ00i2opS0bzCVcaGC0iI.jpg,/8DHvtmF15wGwkMOW3nqZmpEzEaq.jpg,2022-03-18,5.313,327,"['Horror', 'Mystery']",3000000,2100000,83,low
4226,tt0212235,Shriek If You Know What I Did Last Friday the Thirteenth,,"In this horror parody, a masked serial killer menaces the town of Bulimia Falls with various sharp objects. Attention-seeking television personality Hagitha Utslay is soon on the scene, reporting on the ever-growing body count. Former mall security guard Doughy shows up to protect the teenage population, but he's clearly not much help, allowing the murderer to pick off even more hapless kids as numerous scary movies are referenced.",/m0jr23r30h8DUrX3kIu7rO3NIQp.jpg,/wjOC016WdJd6xCphiebKNYDuq4Q.jpg,2000-10-17,4.7,327,['Comedy'],5000000,0,86,low
1239251,tt31122323,Megamind vs. the Doom Syndicate,"Act like a villain, think like a hero.","Megamind's former villain team, The Doom Syndicate, has returned. Our newly crowned blue hero must now keep up evil appearances until he can assemble his friends (Roxanne, Ol' Chum and Keiko) to stop his former evil teammates from launching Metro City to the Moon.",/1N7terrMeZPwK5qq31MUD0HQ3IG.jpg,/3Kzc6V4MWs3RXCmE5DhAYnfWL8F.jpg,2024-03-01,5.1,326,"['Animation', 'Comedy', 'Science Fiction']",0,0,83,low
362057,tt1663655,Martyrs,To see God you must experience true evil.,A woman and her childhood friend seek out revenge on those who victimized and abused them.,/pkBWgdlFClVrr39iLpUTdzqvgz8.jpg,/aMAIOGMVAtwNRtlMvGPDIkGchk9.jpg,2015-10-09,5.11,326,"['Horror', 'Mystery']",0,1548909,86,low
80304,tt1702425,Casa de Mi Padre,Funniest movie you'll ever read.,"Scheming of a way to save their father's ranch, the Alvarez brothers find themselves in a war with Mexico's most feared drug lord.",/kVCc7xwTAlckBofazrwIz8x1TXC.jpg,/bTy0LQEXValfIemrLvE5dMJobE4.jpg,2012-03-15,5.354,325,"['Comedy', 'Western']",0,5909483,84,low
78381,tt1756851,Twixt,"Between the living and the dead, evil is waiting.","A washed-up horror novelist arrives in a sleepy town on a book tour, only to stumble into a string of eerie murders. Haunted by dreams of a ghostly girl named V and guided by the spirit of Edgar Allan Poe, he’s drawn into a nightmarish world where fiction and reality blur—and the story he’s chasing leads back to his own buried guilt.",/jSn7DVovIFeTSiwwoziSYpJFaaS.jpg,/6CRHoIGM25wZXpGgQzetmmnALzN.jpg,2011-09-10,5.09,324,"['Mystery', 'Fantasy', 'Horror']",7000000,647839,88,low
14034,tt0161083,What's the Worst That Could Happen?,It takes a thief to nail a crook.,Thief Kevin Caffery attempts to rob from the home of rich businessman Max Fairbanks. But Fairbanks catches him and steals his cherished ring that his girlfriend gave him. Caffery is then bent on revenge and getting his ring back with the help of his partners.,/dF9vz1LB6078ULfweT2vxdWZzos.jpg,/tONZXxOfDjYYSeVaGSmLpHpqO5B.jpg,2001-05-31,5.461,323,"['Action', 'Comedy', 'Crime']",60000000,38400000,94,low
447665,tt5208950,Kickboxer: Retaliation,It's time to fight back,"One year after the events of ""Kickboxer: Vengeance"", Kurt Sloan has vowed never to return to Thailand. However, while gearing up for a MMA title shot, he finds himself sedated and forced back into Thailand, this time in prison. He is there because the ones responsible want him to face a 6'8"" 400 lbs. beast named Mongkut and in return for the fight, Kurt will get two million dollars and his freedom back. Kurt at first refuses, in which a bounty is placed on his head as a way to force him to face Mongkut. Kurt soon learns he will have no other choice and will undergo his most rigorous training yet under some unexpected mentors in order to face Mongkut in hopes to regain his freedom.",/oMWP4cAoy8WBauuKZAVTIfuY3Fw.jpg,/kU4EafCWSksRo8Lnno91mzOURgN.jpg,2018-01-26,5.427,321,"['Action', 'Drama']",13000000,4537,110,low
13564,tt0827782,Return to House on Haunted Hill,,"Eight years have passed since Sara Wolfe and Eddie Baker escaped the House on Haunted Hill. Now the kidnapped Ariel, Sara's sister, goes inside the house with a group of treasure hunters to find the statue of Baphomet, worth millions and believed to be the cause of the House's evil.",/ipBiyifbFqY0ZduO3R9OPBjc2pH.jpg,/rUToH5UnQ4uBmBArshNdxL6rZX.jpg,2007-10-03,5.5,321,"['Horror', 'Thriller']",0,0,81,low
244316,tt1694021,Into the Grizzly Maze,Hunt or be hunted.,Two estranged brothers reunite at their childhood home in the Alaskan wild. They set out on a two-day hike and are stalked by an unrelenting grizzly bear.,/i5GbFCeZ0fG5xb2ta6B3yNgzIM7.jpg,/ovFz5YVSVxlkHnroFP7b2Rxiz9H.jpg,2015-02-27,5.4,320,"['Action', 'Horror', 'Thriller']",10000000,0,94,low
25853,tt0285728,Dahmer,The mind is a place of its own.,"On February 15, 1992 in Milwaukee, Wisconsin, Jeffrey Dahmer, one of the world's most infamous serial killers, was convicted of 15 counts of murder and sentenced to 937 years in federal prison. This movie is based on events from his life.",/gZPrXBXYf2s4VztHdQpd0441jF6.jpg,/bypraAsU9NdFm3HXWYLBKPlipke.jpg,2002-06-21,5.3,319,"['Crime', 'Drama', 'Thriller', 'Horror']",250000,144008,101,low
25704,tt1142433,Post Grad,A pre-life crisis.,"Ryden Malby has a master plan. Graduate college, get a great job, hang out with her best friend and find the perfect guy. But her plan spins hilariously out of control when she’s forced to move back home with her eccentric family.",/yM1QcAtEGkzAM3HFznXj8kvjyDk.jpg,/444xECWvFP8PtqQqKZFNHttf8nq.jpg,2009-08-21,4.992,319,"['Comedy', 'Drama', 'Romance']",15000000,6414729,89,low
34335,tt0959329,Nine Dead,It doesn't have to end this way.,Communication is the key to the survival for nine strangers who have been kidnapped by a masked gunman and told that one of them will die every ten minutes until they discover how they are all connected. Who of the nine lives and who dies?,/3zAYW3q6gawnV68XdXtkBNBgUEX.jpg,/1Oak5sa1L51ytCxM2KHmrwKE7qF.jpg,2010-03-09,5.236,318,"['Crime', 'Horror', 'Mystery']",2000000,0,98,low
401546,tt3203620,The Dinner,How far would you go to protect your children?,"Two brothers and their wives meet up at a haute-cuisine restaurant to discuss what to do about a horrific crime that their sons committed together. As the quartet debate their options, the conversation reopens old wounds between the siblings.",/8rhlkQo3fqPlC9MH8wOHCu4XQjN.jpg,/oLHIzRF99r9PXF2rhDOe1cgqPPi.jpg,2017-05-05,4.555,317,"['Drama', 'Thriller', 'Mystery']",0,2500000,120,low
377587,tt4191580,Meet the Blacks,,"As Carl Black gets the opportunity to move his family out of Chicago in hope of a better life, their arrival in Beverly Hills is timed with that city's annual purge, where all crime is legal for twelve hours.",/4pemUf5lKEzgxGebxxMVKL5NHSW.jpg,/bJKd2F0fzOIzoMHe4TaaYHvZfWe.jpg,2016-04-01,4.732,317,['Comedy'],900000,9097072,94,low
9310,tt0465142,American Dreamz,Imagine a country where more people vote for a pop idol than they do for their next President.,"The new season of ""American Dreamz,"" the wildly popular television singing contest, has captured the country's attention, as the competition looks to be between a young Midwestern gal and a showtunes-loving young man from Orange County. Recently awakened President Staton even wants in on the craze, as he signs up for the potential explosive season finale.",/qwRbRvfJR7jjsaGfS741Tl3DRr7.jpg,/mVwHzPqOi5QlviMSDsOy0nEyicI.jpg,2006-03-04,5.0,315,"['Comedy', 'Drama']",17000000,16700000,107,low
94901,tt1945062,About Cherry,There's No Such Thing As Going Too Far.,"18-year-old Angelina shuffles between school, a dead-end job, her exploitative boyfriend, and home, where her life consists of cleaning up after her alcoholic mother and protecting her younger sister from their menacing stepfather. After arranging an escape to San Francisco with her best friend Andrew, she soon finds herself dating a coke-addicted attorney and becoming immersed in the local porn industry, mentored by lesbian director Margaret, who has more than just a professional interest in Angelina's talents.",/gl6Q7GwDnwHDNd1emmQBoyUKiwB.jpg,/8rcAwVaI05t42pUR7EcF2LfKugV.jpg,2012-02-14,4.6,312,['Drama'],2500000,8315,102,low
12619,tt0175526,Cherry Falls,Lose your innocence... or lose your life.,"When students in the small town of Cherry Falls learn a serial killer is targeting virgins, they realize their only chance of survival is to throw a “Pop Your Cherry” party.",/hIvskDmQKbvOBpeGaH2OkRg495M.jpg,/b8KbYr4ssvlT2k1dLvJxcL55WOu.jpg,2000-08-25,5.348,312,"['Horror', 'Mystery', 'Thriller']",0,0,92,low
10473,tt0214641,DragonHeart: A New Beginning,,"When Geoff, an orphaned stable boy (Chris Masterson), discovers Drake (voice of Robby Benson), the world's last living dragon, he realizes that his dream of becoming a knight in shining armor can now come true. Together, they soon face challenges that turn them into heroes. But caught up in the excitement of their new lives, Geoff and Drake fail to see the hidden dangers that surround them.",/plFfQfmr4J4ghg3v2p7oWtFKvNc.jpg,/oASfjqueQdR0wpeI2Q4xW2mSaZ.jpg,2000-08-08,5.372,312,"['Fantasy', 'Action', 'Adventure', 'Comedy']",0,0,84,low
14623,tt0167456,Thunderbirds,Climb into the driver's seat of the most advanced rescue vehicles on the planet.,"Dangerous missions are the bread and butter of the Thunderbirds, a high-tech secret force employed by the government. Led by Jeff Tracy (Bill Paxton), the Thunderbirds are at the top of their game, but their nemesis, The Hood (Ben Kingsley), has landed on their island and is attempting a coup by using the team's rescue vehicles. He'll soon discover that the Thunderbirds won't go down.",/1jH0vADEIvuRlkvJzLUW5nVO96d.jpg,/jyzuK6OgWzibgAblJzxANUHSZ2x.jpg,2004-07-23,5.0,311,"['Action', 'Adventure', 'Comedy', 'Family']",57000000,28283637,95,low
741228,tt13061914,Locked Down,Some people unravel faster than others,"During a COVID-19 lockdown, sparring couple Linda and Paxton call a truce to attempt a high-risk jewellery heist at one of the world's most exclusive department stores, Harrods.",/svHelD0Hb3TXPAQoPsoBwdDMTvf.jpg,/4qu4kO5HVTKMK2hvmCXeviZ233l.jpg,2021-02-25,5.2,310,"['Comedy', 'Crime', 'Romance']",10000000,0,118,low
14174,tt0418832,Lie with Me,"Sex brought them together, now it could tear them apart.","Happily unattached, the sexually voracious Leila satisfies her desires with a host of rapidly changing bed partners, unconcerned about the emotional consequences. But that all changes when she meets an artist looking for a deeper commitment.",/qG2KYlTxTZbKcXJHMe1OG7aI4un.jpg,/A3ycWsKLNtEDKQ6Au3K81JAQ2zm.jpg,2005-11-11,5.168,310,['Drama'],2200000,0,93,low
12779,tt0291502,Swept Away,Paradise makes strange bedfellows.,"Stranded and alone on a desert island during a cruise, a spoiled rich woman and a deckhand fall in love and make a date to reunite after their rescue.",/rAa3nTeDpwgLX6XxnT3wR86C5WE.jpg,/bzb6BDskaYbRvXMIENcqFdgwiY0.jpg,2002-10-11,4.723,310,"['Comedy', 'Romance']",10000000,598645,89,low
505914,tt5215088,A.I. Rising,The Future Is Present,"On a lonely mission to Alpha Centauri, Milutin is teamed up with Nimani 1345, a female cyborg designed to fulfill his every need. At first thrilled to be able to control her, Sebastian grows tired of having his desires fulfilled so easily. Longing for human intimacy, Sebastian alters Nimani's programmed responses, but in doing so he risks the mission's security — and his own life.",/aXosp6MFBxYi4m6ZmE4u1auReHc.jpg,/6PvtKxQkMa5OCQMmCbgqISvxhym.jpg,2018-02-25,4.971,309,"['Science Fiction', 'Drama', 'Romance']",395168,0,85,low
375327,tt3563262,Submergence,Love has no limits,"While James More is held captive by terrorists in Somalia, thousands of miles away on the Greenland Sea, his lover Danny Flinders prepares to dive herself in a submersible into the deep bottom of the ocean, tormented by the memories of their brief encounter in France and her inability to know his whereabouts.",/sPwANB5cMjJLfRru45sc7Mnkjrq.jpg,/tBm1I5C1MhikqbFEmntIRnoFwEz.jpg,2018-03-01,5.5,309,"['Drama', 'Thriller', 'Romance']",15000000,0,112,low
646593,tt9689696,Wander,The conspiracy is real.,"After getting hired to probe a suspicious death in the small town of Wander, a mentally unstable private investigator becomes convinced the case is linked to the same 'conspiracy cover up' that caused the death of his daughter.",/2AwPvNHphpZBJDqjZKVuMAbvS0v.jpg,/wk58aoyWpMTVkKkdjw889XfWGdL.jpg,2020-12-04,5.3,308,"['Thriller', 'Crime', 'Mystery']",0,4609,94,low
206821,tt2064968,The Longest Week,She had him at “I'm your best friend's girlfriend”,"Left broke and homeless by his wealthy parents' divorce, a young man moves in with an old friend and finally meets the woman of his dreams -- only to discover she's already dating his friend.",/nXWsjQefKVsJdQQsu5NZT1Zk1rv.jpg,/4YA27hPiubhlVIxVtfzbWXLqC7s.jpg,2014-09-05,5.1,308,"['Comedy', 'Drama']",0,46460,86,low
14219,tt0461703,Skinwalkers,"For them to live, we must die.","Creatures, bound by the blood of the wolf, that can kill with curses and move at lightening speed, watching the night sky for the rise of the blood-red crescent moon. They are SKINWALKERS. They feed on our flesh and thirst for the taste of human blood. The red moon signals each pack, divided by principles, hell bent to survive an ancient prophecy.",/3wHzoF0C6taZ9gLz6NRnHdfpzTn.jpg,/lQSDQZ7qL2Tiq5Guoovtv2uhjrW.jpg,2006-03-20,5.1,306,"['Fantasy', 'Action', 'Horror']",0,0,110,low
10391,tt0163983,Bless the Child,Mankind's last hope just turned six.,"When Maggie's sister Jenna saddles her with an autistic newborn named Cody she touches Maggie's heart and becomes the daughter she has always longed for. But six years later Jenna suddenly re-enters her life and, with her mysterious new husband, Eric Stark, abducts Cody. Despite the fact that Maggie has no legal rights to Cody, FBI agent John Travis takes up her cause when he realizes that Cody shares the same birth date as several other recently murdered children.",/s1RGEF8xIA6ecF8W4do8CaWI0yE.jpg,/oJUk1lRbpGF55f5N4ZUPDAp0F72.jpg,2000-08-11,5.333,305,"['Drama', 'Horror', 'Thriller', 'Crime']",40000000,40443010,107,low
26715,tt1212974,Bitch Slap,Prepare to get slapped...,"Three bad girls - a down-and-out stripper, a drug-running killer, and a corporate powerbroker - arrive at a remote desert hideaway to extort and steal $200 million in diamonds from a ruthless underworld kingpin.",/uwpDERT9drTPhvoV8cWzuV6xhdt.jpg,/tdgce7OwwUwF7atRiar1y1AS6eh.jpg,2009-05-16,4.773,304,"['Drama', 'Action', 'Comedy', 'Thriller', 'Crime']",0,199436,109,low
17774,tt0298296,Derailed,The deadliest disease ever discovered is about to be unleashed on the world.,"NATO operative Jacques Kristoff (Jean-Claude Van Damme) is summoned into action—on his birthday, no less—to track down Galina Konstantin (Laura Harring), who has stolen an extremely valuable and dangerous top-secret container from the Slovakian Government.  Finding Galina doesn't take long, and Jacques must wrap up the mission by returning Galina and the contraband to his superiors by train.  Things seem to be going smoothly as Jacques and Galina board the train posing as a couple, but soon all hell breaks loose.",/ot5eFU2sWOEG9IbWydNpwggBiIg.jpg,/dteOfLObqADjRmWVenb0CDb1qVu.jpg,2002-05-19,5.1,304,"['Action', 'Thriller']",11000000,297835,88,low
560391,tt4558376,Downhill,A Different Kind of Disaster Movie.,"Barely escaping an avalanche during a family ski vacation in the Alps, a married couple is thrown into disarray as they are forced to reevaluate their lives and how they feel about each other.",/ruLqLb2bfWKykckxVlVZayuBOgW.jpg,/nvZuBYHUGbrFl3LmDnmbRgrQ8xa.jpg,2020-02-06,5.249,303,"['Drama', 'Comedy']",0,7547254,87,low
505063,tt4971408,Await Further Instructions,Contain. Corrupt. Control.,"A dysfunctional family awake on Christmas morning to discover they’re sealed inside their house by a mysterious black substance. On television, a single line of text reads: “Stay Indoors and Await Further Instructions.”",/afvi5tVi5S3Ux9faZaI32SmPRkj.jpg,/AmT9r8QHiTvINxCMNN2IRV3Vz8x.jpg,2018-08-26,5.4,303,['Horror'],0,0,91,low
29564,tt1319743,Smokin' Aces 2: Assassins' Ball,"Prepare for Murder, Mayhem & Madness.","Walter Weed is an unassuming desk jockey at the FBI when the Bureau uncovers a plot to assassinate him. A team of degenerate, psychotic assassins dispatched by mystery man Hal Leuco to win a huge bounty includes a resourceful beauty who has a unique method of killing her prey, a power-tool wielding psychopath and a deadly master of disguise.",/4t8mSYKtaXGvaro48ci0ZMzVvbe.jpg,/8ooh4u4eTqKYLwA1bVRaW5KQwB3.jpg,2010-01-19,5.347,303,"['Action', 'Comedy']",8000000,0,86,low
10292,tt0451957,Urban Legends: Bloody Mary,Turn off the light and see what happens.,"On a prom-night dare, a trio of high school friends chant an incantation, unleashing an evil spirit from the past with deadly consequences.",/Avlo5JZOBXWx4oymtkXfCaomV5Y.jpg,/hgwBYgFvHEDJVx0OVA4qGtcYrCC.jpg,2005-07-19,4.921,303,"['Horror', 'Mystery']",3500000,0,93,low
531593,tt6547170,Reprisal,A life for a life.,"Jacob, a bank manager haunted by a violent heist that took the life of a coworker, teams up with his ex-cop neighbor, James, to bring down the assailant. While the two men work together to figure out the thief’s next move, Gabriel, the highly-trained criminal, is one step ahead. When Gabriel kidnaps Jacob’s wife and daughter, Jacob barrels down a path of bloodshed that initiates an explosive counterattack and brings all three men to the breaking point.",/AiRrAJn4MvZxsmaDwEo8gw4FmQh.jpg,/pP4qymqnkjKoJrKuqqR4I3xTrmo.jpg,2018-08-31,5.221,301,"['Action', 'Adventure', 'Thriller']",0,598625,89,low
384737,tt4651410,Precious Cargo,Never steal from a thief,"After a botched heist, Eddie  a murderous crime boss, hunts down the seductive thief Karen who failed him. In order to win back Eddie’s trust, Karen recruits her ex-lover and premier thief Jack to steal a cargo of rare precious gems. But when the job goes down, allegiances are betrayed and lines are crossed as Jack, Karen, and Eddie face off in a fateful showdown.",/dOQv2PDBu9bBCZRLeRp6QQYJDr3.jpg,/5yRU4YM4Vo5jYVZ6FoYlsUOrxU3.jpg,2016-07-14,5.097,300,"['Action', 'Crime', 'Thriller']",10500000,567064,99,low
297761,tt1386697,Suicide Squad,Worst. Heroes. Ever.,"From DC Comics comes the Suicide Squad, an antihero team of incarcerated supervillains who act as deniable assets for the United States government, undertaking high-risk black ops missions in exchange for commuted prison sentences.",/sk3FZgh3sRrmr8vyhaitNobMcfh.jpg,/wAk0yKrhAmvsoMvlKs4QImhvK5X.jpg,2016-08-03,5.917,21999,"['Action', 'Adventure', 'Fantasy']",175000000,749200054,122,medium
209112,tt2975590,Batman v Superman: Dawn of Justice,The greatest gladiator match in the history of the world.,"Fearing the actions of a god-like Super Hero left unchecked, Gotham City’s own formidable, forceful vigilante takes on Metropolis’s most revered, modern-day savior, while the world wrestles with what sort of hero it really needs. And with Batman and Superman at war with one another, a new threat quickly arises, putting mankind in greater danger than it’s ever known before.",/5UsK3grJvtQrtzEgqNlDljJW96w.jpg,/5fX1oSGuYdKgwWmUTAN5MNSQGzr.jpg,2016-03-23,5.992,18874,"['Action', 'Adventure', 'Fantasy']",250000000,874362803,152,medium
240832,tt2872732,Lucy,The average person uses 10% of their brain capacity. Imagine what she could do with 100%.,"A woman, accidentally caught in a dark deal, turns the tables on her captors and transforms into a merciless warrior evolved beyond human logic.",/kRbpUTRNm6QbLQFPFWUcNC4czEm.jpg,/1hzH1Wu2xhXBNOWzw3RMwNTJX5q.jpg,2014-07-25,6.473,16955,"['Action', 'Science Fiction']",40000000,469058574,89,medium
559,tt0413300,Spider-Man 3,The greatest battle lies within.,"The seemingly invincible Spider-Man goes up against an all-new crop of villains—including the shape-shifting Sandman. While Spider-Man’s superpowers are altered by an alien organism, his alter ego, Peter Parker, deals with nemesis Eddie Brock and also gets caught up in a love triangle.",/qFmwhVUoUSXjkKRmca5yGDEXBIj.jpg,/w1oD1MzHjnBJc5snKupIQaSBLIh.jpg,2007-05-01,6.454,15091,"['Action', 'Adventure', 'Science Fiction']",258000000,894983373,139,medium
8966,tt1099212,Twilight,"When you can live forever, what do you live for?","When Bella Swan moves to a small town in the Pacific Northwest, she falls in love with Edward Cullen, a mysterious classmate who reveals himself to be a 108-year-old vampire. Despite Edward's repeated cautions, Bella can't stay away from him, a fatal move that endangers her own life.",/3Gkb6jm6962ADUPaCBqzz9CTbn9.jpg,/weAYfu6FfrNxEDJ3xH1XpgQcqUv.jpg,2008-11-20,6.28,14318,"['Fantasy', 'Drama', 'Romance']",37000000,393616788,122,medium
141052,tt0974015,Justice League,You can't save the world alone.,"Fuelled by his restored faith in humanity and inspired by Superman's selfless act, Bruce Wayne and Diana Prince assemble a team of metahumans consisting of Barry Allen, Arthur Curry and Victor Stone to face the catastrophic threat of Steppenwolf and the Parademons who are on the hunt for three Mother Boxes on Earth.",/eifGNCSDuxJeS1loAXil5bIGgvC.jpg,/2nyaeISu2xIxIgZYNpX4UayY8PN.jpg,2017-11-15,6.1,13597,"['Action', 'Adventure', 'Science Fiction']",300000000,661326987,120,medium
72105,tt1637725,Ted,Ted is coming.,"John Bennett, a man whose childhood wish of bringing his teddy bear to life came true, now must decide between keeping the relationship with the bear or his girlfriend, Lori.",/1QVZXQQHCEIj8lyUhdBYd2qOYtq.jpg,/hkAVgWvAMmM8tj9CDEvGqMdNQBE.jpg,2012-06-29,6.449,13074,"['Comedy', 'Fantasy']",50000000,549368315,107,medium
14161,tt1190080,2012,We were warned.,"Dr. Adrian Helmsley, part of a worldwide geophysical team investigating the effect on the earth of radiation from unprecedented solar storms, learns that the earth's core is heating up. He warns U.S. President Thomas Wilson that the crust of the earth is becoming unstable and that without proper preparations for saving a fraction of the world's population, the entire race is doomed. Meanwhile, writer Jackson Curtis stumbles on the same information. While the world's leaders race to build ""arks"" to escape the impending cataclysm, Curtis struggles to find a way to save his family. Meanwhile, volcanic eruptions and earthquakes of unprecedented strength wreak havoc around the world.",/c2PkTPT5D9zB8SIm5wNlDAANEqM.jpg,/jCvkDqWWBrgxf9R3DrtJ6GpqXse.jpg,2009-10-10,5.873,12655,"['Action', 'Adventure', 'Science Fiction']",200000000,791217826,158,medium
1724,tt0800080,The Incredible Hulk,You'll like him when he's angry.,"Scientist Bruce Banner scours the planet for an antidote to the unbridled force of rage within him: the Hulk. But when the military masterminds who dream of exploiting his powers force him back to civilization, he finds himself coming face to face with a new, deadly foe.",/gKzYx79y0AQTL4UAk1cBQJ3nvrm.jpg,/jPu8yiadqgzwFPGKJmGo637ASVP.jpg,2008-06-12,6.2,12593,"['Science Fiction', 'Action', 'Adventure']",150000000,264770996,114,medium
216015,tt2322441,Fifty Shades of Grey,Mr. Grey will see you now.,"When college senior Anastasia Steele steps in for her sick roommate to interview prominent businessman Christian Grey for their campus paper, little does she realize the path her life will take. Christian, as enigmatic as he is rich and powerful, finds himself strangely drawn to Ana, and she to him. Though sexually inexperienced, Ana plunges headlong into an affair -- and learns that Christian's true sexual proclivities push the boundaries of pain and pleasure.",/63kGofUkt1Mx0SIL4XI4Z5AoSgt.jpg,/7IGKrY1f1KfwMipx9wZC4NRgIdF.jpg,2015-02-11,5.871,12329,"['Drama', 'Romance', 'Thriller']",40000000,569651467,125,medium
2080,tt0458525,X-Men Origins: Wolverine,Witness the origin.,"After seeking to live a normal life, Logan sets out to avenge the death of his girlfriend by undergoing the mutant Weapon X program and becoming Wolverine.",/yj8LbTju1p7CUJg7US2unSBk33s.jpg,/p4GzAzjlL7lXIVGvayg7zvzGTSi.jpg,2009-04-28,6.286,11164,"['Adventure', 'Action', 'Science Fiction']",150000000,373062864,107,medium
211672,tt2293640,Minions,Go back to where it all began.,"Minions Stuart, Kevin and Bob are recruited by Scarlet Overkill, a super-villain who, alongside her inventor husband Herb, hatches a plot to take over the world.",/dr02BdCNAUPVU07aOodwPYv6HCf.jpg,/wKrxeY6lbu7KFBsWVcMH6M8avwr.jpg,2015-06-17,6.419,11048,"['Family', 'Animation', 'Adventure', 'Comedy']",74000000,1159457503,91,medium
181812,tt2527338,Star Wars: The Rise of Skywalker,The Saga Concludes.,"The surviving Resistance faces the First Order once again as the journey of Rey, Finn and Poe Dameron continues. With the power and knowledge of generations behind them, the final battle begins.",/db32LaOibwEliAmSL2jjDF6oDdj.jpg,/jOzrELAzFxtMx2I4uDGHOotdfsS.jpg,2019-12-18,6.273,10744,"['Adventure', 'Action', 'Science Fiction']",489900000,1074144248,142,medium
608,tt0120912,Men in Black II,Same planet. New scum.,"Kay and Jay reunite to provide our best, last and only line of defense against a sinister seductress who levels the toughest challenge yet to the MIB's untarnished mission statement – protecting Earth from the scum of the universe. It's been four years since the alien-seeking agents averted an intergalactic disaster of epic proportions. Now it's a race against the clock as Jay must convince Kay – who not only has absolutely no memory of his time spent with the MIB, but is also the only living person left with the expertise to save the galaxy – to reunite with the MIB before the earth submits to ultimate destruction.",/enA22EPyzc2WQ1VVyY7zxresQQr.jpg,/o1l6OCqA3pYDZHIc5L1s7CEzCMv.jpg,2002-07-03,6.384,10572,"['Action', 'Comedy', 'Science Fiction']",140000000,445135288,88,medium
262500,tt2908446,Insurgent,Defy reality.,Beatrice Prior must confront her inner demons and continue her fight against a powerful alliance which threatens to tear her society apart.,/dP5Fb6YRfzmCQtRbHOr2kO7tJW9.jpg,/8YNNyQiPZlF9qv5EGOUK20mnXVk.jpg,2015-03-18,6.36,10384,"['Action', 'Science Fiction', 'Thriller']",110000000,297002527,119,medium
36668,tt0376994,X-Men: The Last Stand,Take a stand.,"When a cure is found to treat mutations, lines are drawn amongst the X-Men—led by Professor Charles Xavier—and the Brotherhood, a band of powerful mutants organised under Xavier's former ally, Magneto.",/a2xicU8DpKtRizOHjQLC1JyCSRS.jpg,/sBl1n4Oi2wX81EtXIb8NsPqJf3W.jpg,2006-05-24,6.418,10301,"['Adventure', 'Action', 'Science Fiction', 'Thriller']",210000000,459359555,104,medium
76170,tt1430132,The Wolverine,"When he's most vulnerable, he's most dangerous.","Wolverine faces his ultimate nemesis - and tests of his physical, emotional, and mortal limits - in a life-changing voyage to modern-day Japan.",/t2wVAcoRlKvEIVSbiYDb8d0QqqS.jpg,/bEAQfLTykGg232kJogBlxRYaRqU.jpg,2013-07-21,6.431,10214,"['Action', 'Science Fiction', 'Adventure']",120000000,415440673,126,medium
8960,tt0448157,Hancock,There are heroes. There are superheroes. And then there's Hancock.,"Hancock is a down-and-out superhero who's forced to employ a PR expert to help repair his image when the public grows weary of all the damage he's inflicted during his lifesaving heroics. The agent's idea of imprisoning the antihero to make the world miss him proves successful, but will Hancock stick to his new sense of purpose or slip back into old habits?",/7DyuV2G0hLEqHeueDfOqhZ2DVut.jpg,/xh0ZRdnL4pSqfW73HBf97xiNEFP.jpg,2008-07-01,6.353,10176,"['Fantasy', 'Action']",150000000,629400000,92,medium
9738,tt0120667,Fantastic Four,4 times the action. 4 times the adventure. 4 times the fantastic.,"During a space voyage, four scientists are altered by cosmic rays: Reed Richards gains the ability to stretch his body; Sue Storm can become invisible; Johnny Storm controls fire; and Ben Grimm is turned into a super-strong … thing. Together, these ""Fantastic Four"" must now thwart the evil plans of Dr. Doom and save the world from certain destruction.",/8HLQLILZLhDQWO6JDpvY6XJLH75.jpg,/2cDXXLirYsoP6rk9B8yrvNHbbFy.jpg,2005-06-29,5.804,9922,"['Action', 'Fantasy', 'Science Fiction']",100000000,333535934,106,medium
810,tt0413267,Shrek the Third,He's in for the royal treatment.,"The King of Far Far Away has died and Shrek and Fiona are to become King & Queen. However, Shrek wants to return to his cozy swamp and live in peace and quiet, so when he finds out there is another heir to the throne, they set off to bring him back to rule the kingdom.",/n4SexGGQzI26E269tfpa80MZaGV.jpg,/wvXxKpFGXvQJRB0nvvfURhRD3C0.jpg,2007-05-17,6.306,9709,"['Fantasy', 'Adventure', 'Animation', 'Comedy', 'Family']",160000000,813367380,93,medium
124905,tt0831387,Godzilla,"The world ends, Godzilla begins.","Ford Brody, a Navy bomb expert, has just reunited with his family in San Francisco when he is forced to go to Japan to help his estranged father, Joe. Soon, both men are swept up in an escalating crisis when an ancient alpha predator arises from the sea to combat malevolent adversaries that threaten the survival of humanity. The creatures leave colossal destruction in their wake, as they make their way toward their final battleground: San Francisco.",/tphkjmQq8WebuVwNXelmjLUXuPJ.jpg,/cHvwgJPaT59H1HiQsvBrGD5I46g.jpg,2014-05-14,6.353,9698,"['Action', 'Drama', 'Science Fiction']",160000000,524978362,123,medium
18239,tt1259571,The Twilight Saga: New Moon,Forbidden to remember. Terrified to forget.,"Forks, Washington resident Bella Swan is reeling from the departure of her vampire love, Edward Cullen, and finds comfort in her friendship with Jacob Black, a werewolf. But before she knows it, she's thrust into a centuries-old conflict, and her desire to be with Edward at any cost leads her to take greater and greater risks.",/k2qTooPlHffgNABNWxeJdGMglPK.jpg,/dF2c20sRDgySZLaLS2OUerL07sz.jpg,2009-11-18,5.99,9692,"['Adventure', 'Fantasy', 'Drama', 'Romance']",50000000,709827462,131,medium
126889,tt2316204,Alien: Covenant,The path to paradise begins in hell.,"The crew of the colony ship Covenant, bound for a remote planet on the far side of the galaxy, discovers what they think is an uncharted paradise but is actually a dark, dangerous world.",/zecMELPbU5YMQpC81Z8ImaaXuf9.jpg,/iXXPaQPfQowpQ5UvhsHLj9BgFhe.jpg,2017-05-09,6.173,9338,"['Horror', 'Science Fiction']",97000000,240891763,122,medium
50620,tt1673434,The Twilight Saga: Breaking Dawn - Part 2,The epic finale that will live forever.,"After the birth of Renesmee, the Cullens gather other vampire clans in order to protect the child from a false allegation that puts the family in front of the Volturi.",/7IGdPaKujv0BjI0Zd0m0a4CzEjJ.jpg,/qkl57wzSFrpi2sRpoc2mZJbMuLP.jpg,2012-11-13,6.455,9327,"['Fantasy', 'Drama', 'Romance']",120000000,829747654,115,medium
300668,tt2798920,Annihilation,Fear what's inside.,"A biologist signs up for a dangerous, secret expedition into a mysterious zone where the laws of nature don't apply.",/4YRplSk6BhH6PRuE9gfyw9byUJ6.jpg,/9trZvBr44UGedUOiGo3jgSUw13e.jpg,2018-02-22,6.44,9285,"['Science Fiction', 'Horror']",40000000,43070915,115,medium
50619,tt1324999,The Twilight Saga: Breaking Dawn - Part 1,Forever is just the beginning.,Bella Swan and Edward Cullen's honeymoon phase is abruptly disrupted by betrayals and unforeseen tragedies that endanger their world.,/qs8LsHKYlVRmJbFUiSUhhRAygwj.jpg,/hBwDYiOPwXHuwiYGP82ekFNSeBr.jpg,2011-11-16,6.189,9222,"['Adventure', 'Fantasy', 'Romance']",110000000,712171856,117,medium
24021,tt1325004,The Twilight Saga: Eclipse,It all begins... with a choice.,"Bella once again finds herself surrounded by danger as Seattle is ravaged by a string of mysterious killings and a malicious vampire continues her quest for revenge. In the midst of it all, she is forced to choose between her love for Edward and her friendship with Jacob, knowing that her decision has the potential to ignite the ageless struggle between vampire and werewolf. With her graduation quickly approaching, Bella is confronted with the most important decision of her life.",/dK4Gi1UdMiHzHc7r7CZQG4IQ9Sr.jpg,/oguoQWtQJcqIkmmUNbe3CmLx6AP.jpg,2010-06-23,6.195,9201,"['Adventure', 'Fantasy', 'Drama', 'Romance']",68000000,698491347,124,medium
47971,tt1293847,xXx: Return of Xander Cage,"There are no more patriots, just rebels and tyrants.","Xander Cage is left for dead after an incident, though he secretly returns to action for a new, tough assignment with his handler Augustus Gibbons.",/hba8zREJpP1AYhaXgb2oJLQeO0K.jpg,/cFcXilLbI7yjPIYB58AZiOyUnoh.jpg,2017-01-13,6.132,9199,"['Action', 'Adventure', 'Crime']",85000000,346118277,107,medium
109439,tt1951261,The Hangover Part III,It all ends.,"This time, there's no wedding. No bachelor party. What could go wrong, right? But when the Wolfpack hits the road, all bets are off.",/vtxuPWkdllLNLVyGjKYa267ntuH.jpg,/o8ZS811VjYbBi4pRYwILLdWCVey.jpg,2013-05-23,6.207,9171,['Comedy'],103000000,362000072,100,medium
8373,tt1055369,Transformers: Revenge of the Fallen,Revenge is coming.,"Sam Witwicky leaves the Autobots behind for a normal life. But when his mind is filled with cryptic symbols, the Decepticons target him and he is dragged back into the Transformers' war.",/pLBb0whOzVDtJvyD4DPeQyQNOqp.jpg,/bH1bhjn37uA1zOPvyHbzJSvza7v.jpg,2009-06-19,6.209,9084,"['Science Fiction', 'Action', 'Adventure']",200000000,836303693,150,medium
464052,tt7126948,Wonder Woman 1984,A new era of wonder begins.,A botched store robbery places Wonder Woman in a global battle against a powerful and mysterious ancient force that puts her powers in jeopardy.,/8UlWHLMpgZm9bx6QYh0NFoq67TZ.jpg,/egg7KFi18TSQc1s24RMmR9i2zO6.jpg,2020-12-16,6.369,8988,"['Action', 'Adventure', 'Fantasy']",200000000,169601036,151,medium
254128,tt2126355,San Andreas,We always knew this day would come.,"In the aftermath of a massive earthquake in California, a rescue-chopper pilot makes a dangerous journey across the state in order to rescue his estranged daughter.",/2Gfjn962aaFSD6eST6QU3oLDZTo.jpg,/zcySy6dnSmyqiichtDgO7AEeZoq.jpg,2015-05-27,6.244,8956,"['Action', 'Drama', 'Thriller']",110000000,473990832,114,medium
217,tt0367882,Indiana Jones and the Kingdom of the Crystal Skull,The adventure continues...,"Set during the Cold War, the Soviets—led by sword-wielding Irina Spalko—are in search of a crystal skull which has supernatural powers related to a mystical Lost City of Gold. Indy is coerced to head to Peru at the behest of a young man whose friend—and Indy's colleague—Professor Oxley has been captured for his knowledge of the skull's whereabouts.",/56As6XEM1flWvprX4LgkPl8ii4K.jpg,/p96949hcwUG2BwE6MgKmw0uYNCx.jpg,2008-05-21,6.0,8958,"['Adventure', 'Action']",185000000,786636033,122,medium
87101,tt1340138,Terminator Genisys,Reset the future,"The year is 2029. John Connor, leader of the resistance continues the war against the machines. At the Los Angeles offensive, John's fears of the unknown future begin to emerge when TECOM spies reveal a new plot by SkyNet that will attack him from both fronts; past and future, and will ultimately change warfare forever.",/oZRVDpNtmHk8M1VYy1aeOWUXgbC.jpg,/wvlIoof1FnKPLv9jAYanuP31V0C.jpg,2015-06-23,5.951,8912,"['Science Fiction', 'Action', 'Thriller']",155000000,440603537,126,medium
38356,tt1399103,Transformers: Dark of the Moon,Be afraid of the dark.,"The Autobots continue to work for NEST, now no longer in secret. But after discovering a strange artifact during a mission in Chernobyl, it becomes apparent to Optimus Prime that the United States government has been less than forthright with them.",/28YlCLrFhONteYSs9hKjD1Km0Cj.jpg,/h3js4rulxzKMOokM2oO5Kr0mBZU.jpg,2011-06-28,6.2,8870,"['Action', 'Science Fiction', 'Adventure']",195000000,1123794079,154,medium
158015,tt2184339,The Purge,"One night a year, all crime is legal.","Given the country's overcrowded prisons, the U.S. government begins to allow 12-hour periods of time in which all illegal activity is legal. During one of these free-for-alls, a family must protect themselves from a home invasion.",/46X1ei9uf13nkkr0OhWldGyr5Uh.jpg,/9J3HHP3kQ5ZStyirJyWPWtvvrHY.jpg,2013-05-31,6.251,8788,"['Science Fiction', 'Horror', 'Thriller']",3000000,91266581,85,medium
91314,tt2109248,Transformers: Age of Extinction,"This is not war, it's extinction.","As humanity picks up the pieces after the battle of Chicago, a shadowy group reveals itself in an attempt to control the direction of history…while an ancient, powerful new menace sets Earth in its crosshairs. With help from Cade Yeager, Optimus Prime and the Autobots rise to meet their most fearsome challenge yet.",/jyzrfx2WaeY60kYZpPYepSjGz4S.jpg,/wxr4Z6E83h14CogsZOzDm1vuDX3.jpg,2014-06-25,5.957,8680,"['Science Fiction', 'Action', 'Adventure']",210000000,1104054072,165,medium
315837,tt1219827,Ghost in the Shell,There's nothing sadder than a puppet without a ghost.,"In the near future, Major is the first of her kind: a human saved from a terrible crash, then cyber-enhanced to be a perfect soldier devoted to stopping the world's most dangerous criminals.",/zCtL3UBgCoZzd7XTVGhvl6XY75E.jpg,/dDVqfmCzSy3TKSmiS2pJ9QB5E3P.jpg,2017-03-29,6.105,8506,"['Science Fiction', 'Drama', 'Action']",110000000,169801921,107,medium
616037,tt10648342,Thor: Love and Thunder,The one is not the only.,"After his retirement is interrupted by Gorr the God Butcher, a galactic killer who seeks the extinction of the gods, Thor Odinson enlists the help of King Valkyrie, Korg, and ex-girlfriend Jane Foster, who now wields Mjolnir as the Mighty Thor. Together they embark upon a harrowing cosmic adventure to uncover the mystery of the God Butcher’s vengeance and stop him before it’s too late.",/pIkRyD18kl4FhoCNQuWxWu5cBLM.jpg,/jsoz1HlxczSuTx0mDl2h0lxy36l.jpg,2022-07-06,6.4,8479,"['Fantasy', 'Action', 'Comedy']",250000000,760928081,119,medium
328111,tt2709768,The Secret Life of Pets,Ever wonder what your pets do when you're not home?,"The quiet life of a terrier named Max is upended when his owner takes in Duke, a stray whom Max instantly dislikes.",/g3Hms6AE174doeGR1gz5zX5sVsv.jpg,/c1Ywtvlqls6tPBZ3BqbPtBwHyng.jpg,2016-06-18,6.316,8468,"['Family', 'Comedy', 'Adventure', 'Animation']",75000000,875457937,86,medium
10764,tt0830515,Quantum of Solace,Have Regrets. Get Revenge.,"Betrayed by Vesper, the woman he loved, 007 fights the urge to make his latest mission personal. Pursuing his determination to uncover the truth, Bond and M interrogate Mr. White, who reveals that the organization that blackmailed Vesper is far more complex and dangerous than anyone had imagined.",/e3DXXLJHGqMx9yYpXsql1XNljmM.jpg,/3CqMIX3ZlrD0pU3fpBL6DM0Cneb.jpg,2008-10-29,6.335,8467,"['Adventure', 'Action', 'Thriller']",200000000,589593688,106,medium
339846,tt1469304,Baywatch,"Don't worry, summer is coming.","Devoted lifeguard Mitch Buchannon butts heads with a brash new recruit. Together, they uncover a local criminal plot that threatens the future of the Bay.",/6HE4xd8zloDqmjMZuhUCCw2UcY1.jpg,/6QmX2BDVr1hIOIPHqnxvp1C1ZZp.jpg,2017-05-25,6.085,8461,"['Comedy', 'Action', 'Crime']",69000000,177900000,116,medium
49013,tt1216475,Cars 2,The Mission Begins.,Star race car Lightning McQueen and his pal Mater head overseas to compete in the World Grand Prix race. But the road to the championship becomes rocky as Mater gets caught up in an intriguing adventure of his own: international espionage.,/okIz1HyxeVOMzYwwHUjH2pHi74I.jpg,/4BS8tgBNWg2jPiDlBwM2iJe1xB7.jpg,2011-06-11,6.176,8422,"['Animation', 'Family', 'Adventure', 'Comedy']",200000000,559852396,106,medium
1979,tt0486576,Fantastic Four: Rise of the Silver Surfer,Discover the secret of the Surfer.,"The Fantastic Four return to the big screen as a new and all powerful enemy threatens the Earth. The seemingly unstoppable 'Silver Surfer', but all is not what it seems and there are old and new enemies that pose a greater threat than the intrepid superheroes realize.",/1rxTraSO45jbvTrCeSvJ6RmOu1b.jpg,/o2wYH40zW0JIYiYUTu6L4gsNy7E.jpg,2007-06-13,5.631,8346,"['Science Fiction', 'Adventure', 'Action']",130000000,301913131,92,medium
338970,tt1365519,Tomb Raider,Her legend begins.,"Lara Croft, the fiercely independent daughter of a missing adventurer, must push herself beyond her limits when she finds herself on the island where her father disappeared.",/s4Qn5LF6OwK4rIifmthIDtbqDSs.jpg,/ohijjhvNqAPKTURQr6VIF7xuAjY.jpg,2018-03-05,6.366,8297,"['Action', 'Adventure', 'Fantasy']",94000000,274650803,118,medium
27578,tt1320253,The Expendables,Choose your weapon.,"Barney Ross leads a band of highly skilled mercenaries including knife enthusiast Lee Christmas, a martial arts expert Yin Yang, heavy weapons specialist Hale Caesar, demolitionist Toll Road, and a loose-cannon sniper Gunner Jensen. When the group is commissioned by the mysterious Mr. Church to assassinate the dictator of a small South American island, Barney and Lee visit the remote locale to scout out their opposition and discover the true nature of the conflict engulfing the city.",/j09ZkH6R4JWVylBcDai1laCmGw7.jpg,/sJpbDELfC8VjlRBOOkMJxxWpUg7.jpg,2010-08-07,6.252,8228,"['Thriller', 'Adventure', 'Action']",80000000,274470394,103,medium
58595,tt1735898,Snow White and the Huntsman,The fairytale is over,"After the Evil Queen marries the King, she performs a violent coup in which the King is murdered and his daughter, Snow White, is taken captive. Almost a decade later, a grown Snow White is still in the clutches of the Queen. In order to obtain immortality, The Evil Queen needs the heart of Snow White. After Snow escapes the castle, the Queen sends the Huntsman to find her in the Dark Forest.",/8HUa5kRubYbnAD5UVpnhTGGgMTW.jpg,/KBe9fHU5rVg4daoKnFwl1Cbc28.jpg,2012-05-30,5.988,8188,"['Adventure', 'Fantasy', 'Drama']",170000000,396600000,127,medium
345940,tt4779682,The Meg,Pleased to eat you.,"A deep sea submersible pilot revisits his past fears in the Mariana Trench, and accidentally unleashes the seventy foot ancestor of the Great White Shark believed to be extinct.",/eyWICPcxOuTcDDDbTMOZawoOn8d.jpg,/ibKeXahq4JD63z6uWQphqoJLvNw.jpg,2018-08-09,6.2,8133,"['Action', 'Science Fiction', 'Horror']",150000000,530517320,113,medium
57800,tt1667889,Ice Age: Continental Drift,The end of the world is just the tip of the iceberg.,"Manny, Diego, and Sid embark upon another adventure after their continent is set adrift. Using an iceberg as a ship, they encounter sea creatures and battle pirates as they explore a new world.",/dfp1BZF7FxbBUyzHvMOI9t8NWDD.jpg,/liiPM38H376CDqxJ7VeQjan5YUy.jpg,2012-06-27,6.4,8051,"['Animation', 'Comedy', 'Adventure', 'Family']",95000000,877244782,88,medium
257344,tt2120120,Pixels,Play for the planet.,Video game experts are recruited by the military to fight 1980s-era video game characters who've attacked New York.,/d26S5EfVXLNxRXqyFy1yyl3qRq3.jpg,/41Y3h2FVfoU4baFdTZwRrlD4MDM.jpg,2015-07-16,5.768,7985,"['Action', 'Comedy', 'Science Fiction']",88000000,244874809,106,medium
214756,tt2637276,Ted 2,Thunder buddies for life.,"Newlywed couple Ted and Tami-Lynn want to have a baby, but in order to qualify to be a parent, Ted will have to prove he's a person in a court of law.",/38C91I7Xft0gyY7BITm8i4yvuRb.jpg,/xtHonIIIQXverDQM08TMQXjn9Fe.jpg,2015-06-25,6.315,7924,"['Comedy', 'Fantasy']",68000000,215863606,115,medium
341174,tt4465564,Fifty Shades Darker,Every fairy tale has a dark side.,"When a wounded Christian Grey tries to entice a cautious Ana Steele back into his life, she demands a new arrangement before she will give him another chance. As the two begin to build trust and find stability, shadowy figures from Christian’s past start to circle the couple, determined to destroy their hopes for a future together.",/w3qa274gvca9t8pkUoG8nfQgTU3.jpg,/16aJtXO6lObbBUr11IvkjB1QD1f.jpg,2017-02-08,6.5,7908,"['Drama', 'Romance']",55000000,381545846,118,medium
10192,tt0892791,Shrek Forever After,It ain't ogre...til it's ogre.,"A midlife-crisis burdened Shrek, longing for the days when he felt like a real ogre, makes a pact with magic deal-maker Rumpelstiltskin. But when he's duped and sent to a twisted version of Far Far Away—where Rumpelstiltskin is king, ogres are hunted, and he and Fiona have never met—he sets out to restore his world and reclaim his true love.",/6HrfPZtKcGmX2tUWW3cnciZTaSD.jpg,/uzzTystB8lL0mRDII5Sfs5HxgkI.jpg,2010-05-20,6.393,7887,"['Comedy', 'Adventure', 'Fantasy', 'Animation', 'Family']",165000000,752600867,93,medium
395992,tt5442430,Life,Be careful what you search for.,"The six-member crew of the International Space Station is tasked with studying a sample from Mars that may be the first proof of extra-terrestrial life, which proves more intelligent than ever expected.",/wztfli5NgYDgurVgShNflvnyA3Z.jpg,/nNh7vHHISVAaziJEqAq0P9iL52w.jpg,2017-03-22,6.451,7876,"['Horror', 'Science Fiction', 'Mystery']",58000000,100541806,104,medium
331,tt0163025,Jurassic Park III,"This time, it's not just a walk in the park!","In need of funds for research, Dr. Alan Grant accepts a large sum of money to accompany Paul and Amanda Kirby on an aerial tour of the infamous Isla Sorna. It isn't long before all hell breaks loose and the stranded wayfarers must fight for survival as a host of new -- and even more deadly -- dinosaurs try to make snacks of them.",/oQXj4NUfS3r3gHXtDOzcJgj1lLc.jpg,/8v8x4vVbRgrsdU3M4drnD7HQbfe.jpg,2001-07-18,6.171,7779,"['Adventure', 'Action', 'Thriller', 'Science Fiction']",93000000,368780809,92,medium
32657,tt0814255,Percy Jackson & the Olympians: The Lightning Thief,Worlds collide.,"Accident prone teenager, Percy discovers he's actually a demi-God, the son of Poseidon, and he is needed when Zeus' lightning is stolen. Percy must master his new found skills in order to prevent a war between the Gods that could devastate the entire world.",/brzpTyZ5bnM7s53C1KSk1TmrMO6.jpg,/ugiV9SpJburMOPeIyjBJyAnO1So.jpg,2010-02-01,6.213,7779,"['Adventure', 'Fantasy', 'Family']",95000000,226497209,118,medium
223702,tt1700841,Sausage Party,Get your fill,Hot dog Frank leads a group of supermarket products on a quest to discover the truth about their existence and what really happens when they become chosen to leave the grocery store.,/vNgdPJQ5CI60oEiiHLKRNrsDhMy.jpg,/hsb8nNBt3emvWqBs7Xv5IKlz6Im.jpg,2016-07-11,5.753,7677,"['Adventure', 'Animation', 'Comedy', 'Fantasy']",19000000,140705322,89,medium
4247,tt0175142,Scary Movie,No mercy. No shame. No sequel.,"A familiar-looking group of teenagers find themselves being stalked by a more-than-vaguely recognizable masked killer! As the victims begin to pile up and the laughs pile on, none of your favorite scary movies escape the razor-sharp satire of this outrageously funny parody!",/fVQFPRuw3yWXojYDJvA5EoFjUOY.jpg,/m5dA4JZsj78EBTa2D6imWOAebwB.jpg,2000-07-07,6.388,7670,['Comedy'],19000000,278023280,88,medium
1734,tt0209163,The Mummy Returns,Adventure is reborn.,"Rick and Evelyn O’Connell, along with their 8-year-old son Alex, discover the key to the legendary Scorpion King’s might: the fabled Bracelet of Anubis. Unfortunately, a newly resurrected Imhotep has designs on the bracelet as well, and isn’t above kidnapping its new bearer, Alex, to gain control of Anubis’s otherworldly army.",/kdJsW7hcy1lrj7tdMPycTAQPAiR.jpg,/7s7WkAFPBsMTprYMbqbgKoppQsR.jpg,2001-05-04,6.397,7595,"['Adventure', 'Action', 'Fantasy']",98000000,443280904,130,medium
324852,tt3469046,Despicable Me 3,Oh brother.,Gru and his wife Lucy must stop former '80s child star Balthazar Bratt from achieving world domination.,/6t3YWl7hrr88lCEFlGVqW5yV99R.jpg,/ftRkFtAGuHngHnLiOxktq0aCVMF.jpg,2017-06-15,6.466,7595,"['Action', 'Animation', 'Comedy', 'Family', 'Adventure']",80000000,1034800131,90,medium
282035,tt2345759,The Mummy,Welcome to a new world of gods and monsters.,"Though safely entombed in a crypt deep beneath the unforgiving desert, an ancient queen whose destiny was unjustly taken from her is awakened in our current day, bringing with her malevolence grown over millennia, and terrors that defy human comprehension.",/zxkY8byBnCsXodEYpK8tmwEGXBI.jpg,/i4ZougHEyBAboDpi6jsaTUDTjUl.jpg,2017-06-06,5.517,7585,"['Fantasy', 'Thriller', 'Action', 'Adventure', 'Horror']",125000000,409231607,110,medium
62213,tt1077368,Dark Shadows,Every family has its demons.,Vampire Barnabas Collins is inadvertently freed from his tomb and emerges into the very changed world of 1972. He returns to Collinwood Manor to find that his once-grand estate and family have fallen into ruin.,/fd9Ck4cxVlmtXsbeGtQW7WFuUFI.jpg,/cJYerfZVf2rNwfGMK3MQ8lTbMnY.jpg,2012-05-09,6.097,7573,"['Comedy', 'Fantasy']",150000000,245527149,113,medium
9339,tt0389860,Click,What if you had a universal remote...that controlled your universe?,"A married workaholic, Michael Newman doesn't have time for his wife and children, not if he's to impress his ungrateful boss and earn a well-deserved promotion. So when he meets Morty, a loopy sales clerk, he gets the answer to his prayers: a magical remote that allows him to bypass life's little distractions with increasingly hysterical results.",/oL0k5JA53PyoHSZqKb3cNkhwBCE.jpg,/h30q7IXCmlgR1wKLnp9LttH6BCG.jpg,2006-06-23,6.303,7500,"['Comedy', 'Drama', 'Fantasy']",82500000,240685326,107,medium
955,tt0120755,Mission: Impossible II,Expect the impossible again.,"With computer genius Luther Stickell at his side and a beautiful thief on his mind, agent Ethan Hunt races across Australia and Spain to stop a former IMF agent from unleashing a genetically engineered biological weapon called Chimera. This mission, should Hunt choose to accept it, plunges him into the center of an international crisis of terrifying magnitude.",/hfnrual76gPeNFduhD4xzHWpfTw.jpg,/24DZfupDlhXeTchmcOkoGRhP5Vg.jpg,2000-05-24,6.143,7498,"['Adventure', 'Action', 'Thriller']",125000000,546388108,123,medium
427641,tt2231461,Rampage,Big meets bigger.,"Primatologist Davis Okoye shares an unshakable bond with George, the extraordinarily intelligent, silverback gorilla who has been in his care since birth.  But a rogue genetic experiment gone awry mutates this gentle ape into a raging creature of enormous size.  To make matters worse, it’s soon discovered there are other similarly altered animals.  As these newly created alpha predators tear across North America, destroying everything in their path, Okoye teams with a discredited genetic engineer to secure an antidote, fighting his way through an ever-changing battlefield, not only to halt a global catastrophe but to save the fearsome creature that was once his friend.",/MGADip4thVSErP34FAAfzFBTZ5.jpg,/vm8mhrjk5nQ562UQ0KbUzi0yOHr.jpg,2018-04-11,6.447,7455,"['Action', 'Adventure', 'Science Fiction']",120000000,428028233,107,medium
295693,tt3874544,The Boss Baby,Born leader.,"A story about how a new baby's arrival impacts a family, told from the point of view of a delightfully unreliable narrator, a wildly imaginative 7 year old named Tim.",/unPB1iyEeTBcKiLg8W083rlViFH.jpg,/4IrZC1uuaDpGScO4TDyEe4E4bq2.jpg,2017-03-23,6.452,7424,"['Animation', 'Comedy', 'Family']",125000000,527965936,97,medium
158852,tt1964418,Tomorrowland,Imagine a place where nothing is impossible.,"Bound by a shared destiny, a bright, optimistic teen bursting with scientific curiosity and a former boy-genius inventor jaded by disillusionment embark on a danger-filled mission to unearth the secrets of an enigmatic place somewhere in time and space that exists in their collective memory as ""Tomorrowland.""",/kziYpr5Nfw60P0My8aj1sgCEqed.jpg,/udYOmbW1JEZjVd726PWHlmptxPi.jpg,2015-05-19,6.291,7318,"['Adventure', 'Family', 'Mystery', 'Science Fiction']",190000000,209200000,130,medium
18360,tt1078912,Night at the Museum: Battle of the Smithsonian,When the lights go off the battle is on.,"Hapless museum night watchman Larry Daley must help his living, breathing exhibit friends out of a pickle now that they've been transferred to the archives at the Smithsonian Institution. Larry's (mis)adventures this time include close encounters with Amelia Earhart, Abe Lincoln and Ivan the Terrible.",/l9yAQn6TyrA3gv5xZZkiMMoZsiw.jpg,/zdhICEDUlBTQ43fQMa2KJt8fDFX.jpg,2009-05-20,6.153,7249,"['Adventure', 'Fantasy', 'Action', 'Comedy', 'Family']",150000000,413106170,105,medium
195589,tt2004420,Neighbors,Family vs. Frat,A couple with a newborn baby face unexpected difficulties after they are forced to live next to a fraternity house.,/sN1RU08CMi8xkRIibremh3AOdgw.jpg,/tqSR6GOG2Hde0gwG3vO1Bw6TTo5.jpg,2014-05-08,6.182,7237,['Comedy'],18000000,270665134,97,medium
68735,tt0803096,Warcraft,Two worlds. One home.,"The peaceful realm of Azeroth stands on the brink of war as its civilization faces a fearsome race of invaders: orc warriors fleeing their dying home to colonize another. As a portal opens to connect the two worlds, one army faces destruction and the other faces extinction. From opposing sides, two heroes are set on a collision course that will decide the fate of their family, their people, and their home.",/nZIIOs06YigBnvmlJ2hxZeA8eTO.jpg,/riaO9lEYnzlmkILiLG3Y6HtJaM3.jpg,2016-05-25,6.399,7205,"['Action', 'Adventure', 'Fantasy']",160000000,433677183,123,medium
296,tt0181852,Terminator 3: Rise of the Machines,The Machines Will Rise.,"It's been 10 years since John Connor saved Earth from Judgment Day, and he's now living under the radar, steering clear of using anything Skynet can trace. That is, until he encounters T-X, a robotic assassin ordered to finish what T-1000 started. Good thing Connor's former nemesis, the Terminator, is back to aid the now-adult Connor … just like he promised.",/nvsoLAclNfpyJSp73TiGKwZoqJW.jpg,/kbXMOnz2RhTSAbLtHX5hy5AXtwv.jpg,2003-07-02,6.185,7179,"['Action', 'Thriller', 'Science Fiction']",200000000,435000000,109,medium
419704,tt2935510,Ad Astra,The answers we seek are just outside our reach.,"The near future, a time when both hope and hardships drive humanity to look to the stars and beyond. While a mysterious phenomenon menaces to destroy life on planet Earth, astronaut Roy McBride undertakes a mission across the immensity of space and its many perils to uncover the truth about a lost expedition that decades before boldly faced emptiness and silence in search of the unknown.",/xBHvZcjRiWyobQ9kxBhO6B2dtRI.jpg,/duengnNbJdTdjR329SmAAJO4stC.jpg,2019-09-17,6.127,7168,"['Science Fiction', 'Drama']",87500000,127461872,123,medium
6957,tt0405422,The 40 Year Old Virgin,Better late than never.,"Andy Stitzer has a pleasant life with a nice apartment and a job stamping invoices at an electronics store. But at age 40, there's one thing Andy hasn't done, and it's really bothering his sex-obsessed male co-workers: Andy is still a virgin. Determined to help Andy get laid, the guys make it their mission to de-virginize him. But it all seems hopeless until Andy meets small business owner Trish, a single mom.",/mVeoqL37gzhMXQVpONi9DGOQ3tZ.jpg,/3Wej7JW8Ikrzbm6h0lmSdeOYMmu.jpg,2005-08-11,6.4,7153,"['Comedy', 'Romance']",26000000,177400000,116,medium
98566,tt1291150,Teenage Mutant Ninja Turtles,Mysterious. Dangerous. Reptilious. You've never seen heroes like this.,"When a kingpin threatens New York City, a group of mutated turtle warriors must emerge from the shadows to protect their home.",/azL2ThbJMIkts3ZMt3j1YgBUeDB.jpg,/eezsbzYPbYKjjh6E1XHDBNlLynh.jpg,2014-08-07,5.9,7144,"['Science Fiction', 'Action', 'Adventure', 'Comedy']",125000000,485004754,101,medium
439079,tt5814060,The Nun,Pray for forgiveness.,A priest with a dark past and a novice nearing her final vows are sent by the Vatican to Romania to investigate a nun's death and face a demonic force.,/sFC1ElvoKGdHJIWRpNB3xWJ9lJA.jpg,/cMnVmutb5mVgIBeiMOncAbwNjvG.jpg,2018-09-05,5.902,7128,['Horror'],22000000,366082797,96,medium
76163,tt1764651,The Expendables 2,Back for War.,"Mr. Church reunites the Expendables for what should be an easy paycheck, but when one of their men is murdered on the job, their quest for revenge puts them deep in enemy territory and up against an unexpected threat.",/74rTIGyGoIu5KSxDVMdr8H3MtMo.jpg,/ihKsZZYMbyHXC1L7s90WDLITdC5.jpg,2012-08-08,6.354,7125,"['Action', 'Adventure', 'Thriller']",100000000,314975955,103,medium
9543,tt0473075,Prince of Persia: The Sands of Time,Defy the Future,"A rogue prince reluctantly joins forces with a mysterious princess and together, they race against dark forces to safeguard an ancient dagger capable of releasing the Sands of Time – gift from the gods that can reverse time and allow its possessor to rule the world.",/siNGMLdOUNYLEGtlsnmQcpO2XZX.jpg,/iP0capCU4w5nxCDl398CH7yR1r9.jpg,2010-05-19,6.295,7116,"['Adventure', 'Fantasy', 'Action']",200000000,336365676,116,medium
82675,tt1397280,Taken 2,First they took his daughter. Now they're coming for him.,"In Istanbul, retired CIA operative Bryan Mills and his wife are taken hostage by the father of a kidnapper Mills killed while rescuing his daughter.",/yzAlcuJhpnxRPjaj7AHBRbNPQCJ.jpg,/5M92Rtz6r01HLrN0TMrU8jCbyVm.jpg,2012-09-27,6.363,7056,"['Action', 'Crime', 'Thriller']",45000000,376100000,91,medium
60304,tt1428538,Hansel & Gretel: Witch Hunters,Revenge is sweeter than candy.,"After getting a taste for blood as children, Hansel and Gretel have become the ultimate vigilantes, hell-bent on retribution. Now, unbeknownst to them, Hansel and Gretel have become the hunted, and must face an evil far greater than witches... their past.",/j343Rpj3WeNvP0SV80zveve70io.jpg,/mJSe5dxKu8Sq0GfdjdWVqdGvzfV.jpg,2013-01-17,6.098,7054,"['Fantasy', 'Horror', 'Action']",50000000,226349749,88,medium
117263,tt2302755,Olympus Has Fallen,When our flag falls our nation will rise.,"When the White House (Secret Service Code: ""Olympus"") is captured by a terrorist mastermind and the President is kidnapped, disgraced former Presidential guard Mike Banning finds himself trapped within the building. As the national security team scrambles to respond, they are forced to rely on Banning's inside knowledge to help retake the White House, save the President and avert an even bigger disaster.",/u3GTFGwesNBNd0t1hiLaEk1iqZU.jpg,/mjYU7EwVeOtM39ArdWHZk78VhYm.jpg,2013-03-20,6.414,7019,"['Action', 'Thriller']",70000000,170270201,120,medium
320288,tt6565702,Dark Phoenix,A Phoenix will rise. The X-Men will fall.,"The X-Men face their most formidable and powerful foe when one of their own, Jean Grey, starts to spiral out of control. During a rescue mission in outer space, Jean is nearly killed when she's hit by a mysterious cosmic force. Once she returns home, this force not only makes her infinitely more powerful, but far more unstable. The X-Men must now band together to save her soul and battle aliens that want to use Grey's new abilities to rule the galaxy.",/cCTJPelKGLhALq3r51A9uMonxKj.jpg,/cjRUhKyt2Jo3V1KNzc5tpPNfccG.jpg,2019-06-05,5.964,7014,"['Science Fiction', 'Action', 'Adventure']",200000000,252442974,114,medium
534,tt0438488,Terminator Salvation,The end begins.,"All grown up in post-apocalyptic 2018, John Connor must lead the resistance of humans against the increasingly dominating militaristic robots. But when Marcus Wright appears, his existence confuses the mission as Connor tries to determine whether Wright has come from the future or the past -- and whether he's friend or foe.",/gw6JhlekZgtKUFlDTezq3j5JEPK.jpg,/uifaXfJxjTMeNttw5u04nHx1G5w.jpg,2009-05-20,6.083,6975,"['Action', 'Science Fiction', 'Thriller']",200000000,371353001,115,medium
262504,tt3410834,Allegiant,The truth lies beyond the wall.,Beatrice Prior and Tobias Eaton venture into the world outside of the fence and are taken into protective custody by a mysterious agency known as the Bureau of Genetic Welfare.,/faq9JlF8znUGQ5p3En1W61Fi5p0.jpg,/qSP072apfe2EEcd5Qg9vGYy2OLw.jpg,2016-03-09,6.101,6932,"['Adventure', 'Science Fiction', 'Action', 'Mystery']",110000000,179246868,120,medium
53182,tt1253863,300: Rise of an Empire,Seize your glory!,"Greek general Themistocles attempts to unite all of Greece by leading the charge that will change the course of the war. Themistocles faces the massive invading Persian forces led by mortal-turned-god, Xerxes and Artemesia, the vengeful commander of the Persian navy.",/wYDdWN1McB1Sio4z1dPSkb40Z78.jpg,/chjkfyo57JexWo1YeIZRMk8wA4m.jpg,2014-03-05,6.115,6903,"['Action', 'Drama', 'War']",110000000,337580051,102,medium
109414,tt1245492,This Is the End,Nothing ruins a party like the end of the world.,"While attending a party at James Franco's house, Seth Rogen, Jay Baruchel and many other celebrities are faced with the apocalypse.",/tNIW0NhX1hKvUsy6PQ80DOKUhkD.jpg,/sXfN4ir91SfTeoWidIukQWane43.jpg,2013-06-12,6.238,6784,"['Action', 'Comedy']",32000000,126041322,106,medium
68728,tt1623205,Oz the Great and Powerful,"In Oz, nothing is what it seems.","Oscar Diggs, a small-time circus illusionist and con-artist, is whisked from Kansas to the Land of Oz where the inhabitants assume he's the great wizard of prophecy, there to save Oz from the clutches of evil.",/tkzfAUEKoUp4YFNbZV9hfpZOz0z.jpg,/o6TYNmB1CT85j7lmyvSedoybyc9.jpg,2013-03-07,5.932,6763,"['Fantasy', 'Adventure', 'Family']",200000000,491868548,130,medium
10555,tt0307453,Shark Tale,Behind every little fish is a great white lie.,"Oscar is a small fish whose big aspirations often get him into trouble. Meanwhile, Lenny is a great white shark with a surprising secret that no sea creature would guess: He's a vegetarian. When a lie turns Oscar into an improbable hero and Lenny becomes an outcast, the two form an unlikely friendship.",/r08DpyPyhXcJTfNZAICNGMzcQ8l.jpg,/7ZmZxar3bYORcl0TPA4oceyxcaE.jpg,2004-09-20,6.035,6666,"['Animation', 'Action', 'Comedy', 'Family']",75000000,367300000,90,medium
335988,tt3371366,Transformers: The Last Knight,Two worlds collide. One survives.,"Humans and Transformers are at war. Optimus Prime is gone. The key to saving our future lies buried in the secrets of the past, in the hidden history of Transformers on Earth. Saving our world falls upon the shoulders of an unlikely alliance: Cade Yeager; Bumblebee; an English Lord; and an Oxford Professor.",/s5HQf2Gb3lIO2cRcFwNL9sn1o1o.jpg,/1n00NlOGRFZVs8coBxyZLm5l4EC.jpg,2017-06-16,6.05,6651,"['Action', 'Adventure', 'Science Fiction']",217000000,605425157,154,medium
18823,tt0800320,Clash of the Titans,The clash begins.,"Born of a god but raised as a man, Perseus is helpless to save his family from Hades, vengeful god of the underworld. With nothing to lose, Perseus volunteers to lead a dangerous mission to defeat Hades before he can seize power from Zeus and unleash hell on earth. Battling unholy demons and fearsome beasts, Perseus and his warriors will only survive if Perseus accepts his power as a god, defies fate and creates his own destiny.",/6iHYLipwEyZUPNO8MM3l1yHDaFE.jpg,/hUUTJPmvBvBKILNLrBu16pRxr6M.jpg,2010-03-26,5.915,6633,"['Adventure', 'Fantasy', 'Action']",125000000,493214993,106,medium
38365,tt1375670,Grown Ups,Boys will be boys. . . some longer than others.,"After their high school basketball coach passes away, five good friends and former teammates reunite for a Fourth of July holiday weekend.",/cQGM5k1NtU85n4TUlrOrwijSCcm.jpg,/kARonxQpuSZdFraTKlCThWOBCtu.jpg,2010-06-24,6.4,6610,['Comedy'],80000000,271457606,102,medium
207932,tt3062096,Inferno,His greatest challenge. Humanity's last hope.,"After waking up in a hospital with amnesia, professor Robert Langdon and a doctor must race against time to foil a deadly global plot.",/smaWxdIMH24gD96lKNe1a036LVG.jpg,/bYSzeJpAHOBMRNJStaubwWwKI72.jpg,2016-10-13,6.087,6594,"['Mystery', 'Thriller', 'Action']",75000000,220021259,122,medium
341013,tt2406566,Atomic Blonde,Talents can be overrated.,An undercover MI6 agent is sent to Berlin during the Cold War to investigate the murder of a fellow agent and recover a missing list of double agents.,/kV9R5h0Yct1kR8Hf8sJ1nX0Vz4x.jpg,/g3hni0i9iAQ13jDGOFWavJFlojc.jpg,2017-07-26,6.436,6587,"['Action', 'Thriller']",30000000,100014025,115,medium
86834,tt1959490,Noah,The end of the world… is just the beginning.,A man who suffers visions of an apocalyptic deluge takes measures to protect his family from the coming flood.,/vVLkHabnF5lVpCpqyhZBI5iCYMA.jpg,/5z75Q6nqgwgYfpMB9fVHQcw9gMz.jpg,2014-03-07,5.676,6559,"['Drama', 'Adventure']",125000000,362600000,138,medium
7131,tt0338526,Van Helsing,The one name they all fear.,Famed monster slayer Gabriel Van Helsing is dispatched to Transylvania to assist the last of the Valerious bloodline in defeating Count Dracula. Anna Valerious reveals that Dracula has formed an unholy alliance with Dr. Frankenstein's monster and is hell-bent on exacting a centuries-old curse on her family.,/gsFun8nATm52aGHeT8ueAel98nE.jpg,/d72ROyJqXQtw2OupW0l15eicRAF.jpg,2004-05-03,6.398,6556,"['Horror', 'Adventure', 'Action']",160000000,300257475,132,medium
59859,tt1650554,Kick-Ass 2,You Can't Fight Your Destiny.,"After Kick-Ass’ insane bravery inspires a new wave of self-made masked crusaders, he joins a patrol led by the Colonel Stars and Stripes. When these amateur superheroes are hunted down by Red Mist — reborn as The Mother Fucker — only the blade-wielding Hit-Girl can prevent their annihilation.",/1go2A3gdQjaMuHWquybgoJlQRcX.jpg,/dHBYguQvCDa00GMoidNYa7IOD8y.jpg,2013-07-17,6.403,6529,"['Action', 'Adventure', 'Crime']",28000000,60795985,103,medium
250546,tt3322940,Annabelle,"Before the Conjuring, there was Annabelle.",A couple begins to experience terrifying supernatural occurrences involving a vintage doll shortly after their home is invaded by satanic cultists.,/yLsuU2P2SpDYFwtZQ7dtfVAf6TE.jpg,/pWZ0srAfPx4XyJMlFkKBlmYfx3C.jpg,2014-10-01,5.79,6517,['Horror'],6500000,257589952,99,medium
258489,tt0918940,The Legend of Tarzan,Human. Nature.,"Tarzan, having acclimated to life in London, is called back to his former home in the jungle to investigate the activities at a mining encampment.",/eJrfz178xBGlxjDGxnBXTzWWa4w.jpg,/btCaMm9aVW1PG485Ef8RMBBALzI.jpg,2016-06-29,5.914,6474,"['Fantasy', 'Action', 'Adventure']",180000000,356743061,109,medium
1995,tt0146316,Lara Croft: Tomb Raider,Born into Wealth. Groomed by the Elite. Trained for Combat.,"Orphaned heiress, English aristocrat and intrepid archaeologist, Lara Croft, embarks on a dangerous quest to retrieve the two halves of an ancient artifact which controls time before it falls into the wrong hands. As an extremely rare planetary alignment is about to occur for the first time in 5,000 years, the fearless tomb raider will have to team up with rival adventurers and sworn enemies to collect the pieces, while time is running out. But, in the end, who can harness the archaic talisman's unlimited power?",/ye5h6fhfz8TkKV4QeuTucvFzxB9.jpg,/bL41GVWvp4YJDJ50PDcxaN4cds9.jpg,2001-06-15,5.909,6463,"['Adventure', 'Action', 'Fantasy']",115000000,274703340,100,medium
49017,tt0829150,Dracula Untold,Every bloodline has a beginning.,"Vlad Tepes is a great hero, but when he learns the Sultan is preparing for battle and needs to form an army of 1,000 boys, he vows to find a way to protect his family. Vlad turns to dark forces in order to get the power to destroy his enemies and agrees to go from hero to monster as he's turned into the mythological vampire, Dracula.",/m5h3NtZ2ZfryIHl1MvatmANvIqQ.jpg,/oa0bHsnrD96miW3Yx10HWb211Sj.jpg,2014-10-01,6.45,6447,"['Horror', 'Action', 'Fantasy']",70000000,217124280,92,medium
1250,tt0259324,Ghost Rider,Long ago he made a deal to save someone he loved.,"In order to save his dying father, young stunt cyclist Johnny Blaze sells his soul to Mephistopheles and sadly parts from the pure-hearted Roxanne Simpson, the love of his life. Years later, Johnny's path crosses again with Roxanne, now a go-getting reporter, and also with Mephistopheles, who offers to release Johnny's soul if Johnny becomes the fabled, fiery 'Ghost Rider'.",/1pyU94dAY7npDQCKuxCSyX9KthN.jpg,/zbV32WKHFuEYLXLTpr0rmVjQn11.jpg,2007-01-15,5.593,6397,"['Thriller', 'Action', 'Fantasy']",110000000,228738393,114,medium
624860,tt10838180,The Matrix Resurrections,Return to the Source.,"Plagued by strange memories, Neo's life takes an unexpected turn when he finds himself back inside the Matrix.",/8c4a8kE7PizaGQQnditMmI1xbRp.jpg,/eNI7PtK6DEYgZmHWP9gQNuff8pv.jpg,2021-12-16,6.337,6390,"['Science Fiction', 'Action', 'Adventure']",190000000,156497322,148,medium
76493,tt1645170,The Dictator,Make way for Aladeen.,The heroic story of a dictator who risks his life to ensure that democracy would never come to the country he so lovingly oppressed.,/n0W7kajF4GFMRk2c0wWwMQqTaDM.jpg,/jWq20KNbg5txb28tLxJl0yLYuxp.jpg,2012-05-15,6.225,6378,['Comedy'],65000000,179379533,83,medium
333484,tt2404435,The Magnificent Seven,Justice has a number.,"Looking to mine for gold, greedy industrialist Bartholomew Bogue seizes control of the Old West town of Rose Creek. With their lives in jeopardy, Emma Cullen and other desperate residents turn to bounty hunter Sam Chisolm for help. Chisolm recruits an eclectic group of gunslingers to take on Bogue and his ruthless henchmen. With a deadly showdown on the horizon, the seven mercenaries soon find themselves fighting for more than just money once the bullets start to fly.",/ezcS78TIjgr85pVdaPDd2rSPVNs.jpg,/4qxZJRYe4ezA5J1sidnV7vuaYaz.jpg,2016-09-14,6.485,6349,"['Adventure', 'Action', 'Western']",90000000,162400000,132,medium
82654,tt1588173,Warm Bodies,"He's still dead, but he's getting warmer.","After a zombie becomes involved with the girlfriend of one of his victims, their romance sets in motion a sequence of events that might transform the entire lifeless world.",/i8vCO3uszvlfBJVEyuIZVUDlt60.jpg,/iNl1i8OJAaCf3ElkOPI9ud6CuXB.jpg,2013-01-31,6.47,6344,"['Horror', 'Comedy', 'Romance']",35000000,117000000,98,medium
302699,tt1489889,Central Intelligence,Saving the world takes a little Hart and a big Johnson.,"Calvin Joyner, a mild-mannered accountant whose high school glory days are long behind him, reconnects with an awkward pal from high school through Facebook. After meeting up, Calvin’s mundane life takes an unexpectedly thrilling turn when he's thrust into the world of international espionage.",/hXQVMbRNpf7c93e8clMY4W5DRm6.jpg,/12gfRwL8RuZUQ4kiGzq9kRYBK5J.jpg,2016-06-15,6.415,6308,"['Action', 'Comedy']",50000000,216972543,107,medium
1927,tt0286716,Hulk,What if everything you were forced to keep inside was suddenly set free?,"Bruce Banner, a genetics researcher with a tragic past, suffers massive radiation exposure in his laboratory that causes him to transform into a raging green monster when he gets angry.",/UllIft2jLSBaay3zQyMV4GNdfy.jpg,/8vQBXqDbb30qNpBcNYwTesSg75.jpg,2003-06-19,5.579,6218,"['Science Fiction', 'Adventure', 'Action']",137000000,245360480,138,medium
181533,tt2692250,Night at the Museum: Secret of the Tomb,One Final Night to Save the Day.,"When the magic powers of The Tablet of Ahkmenrah begin to die out, Larry Daley spans the globe, uniting favorite and new characters while embarking on an epic quest to save the magic before it is gone forever.",/xwgy305K6qDs3D20xUO4OZu1HPY.jpg,/1ClgfKeczI0d0KKuBs5qSIqUReT.jpg,2014-12-17,6.2,6190,"['Adventure', 'Comedy', 'Fantasy', 'Family']",127000000,363204635,98,medium
228967,tt2788710,The Interview,The film hackers tried to get banned.,"Dave Skylark and his producer Aaron Rapaport run the celebrity tabloid show ""Skylark Tonight"". When they land an interview with a surprise fan, North Korean dictator Kim Jong-un, they are recruited by the CIA to turn their trip to Pyongyang into an assassination mission.",/tIDC4xT65l7a8qbgg8GvwD5g8c5.jpg,/3YKGMZQ0pwQXSBSASeKlfPlkso7.jpg,2014-12-25,6.189,6188,"['Action', 'Comedy']",44000000,12342632,112,medium
8247,tt0489099,Jumper,Anywhere is possible.,"David Rice is a man who knows no boundaries, a Jumper, born with the uncanny ability to teleport instantly to anywhere on Earth. When he discovers others like himself, David is thrust into a dangerous and bloodthirsty war while being hunted by a sinister and determined group of zealots who have sworn to destroy all Jumpers. Now, David’s extraordinary gift may be his only hope for survival!",/3pPZ9JhNz3VMmASVir5SMHvTDUU.jpg,/25OT7Xp6juYNXQVkaxfKpj3ZoPF.jpg,2008-02-13,6.156,6173,"['Action', 'Adventure', 'Science Fiction']",85000000,222231186,88,medium
324668,tt4196776,Jason Bourne,You know his name.,The most dangerous former operative of the CIA is drawn out of hiding to uncover hidden truths about his past.,/xA7N41glw17MBQtcWSm2eBlBRuG.jpg,/7mHeyU0a538bgguOeF57I8ZroSk.jpg,2016-07-27,6.375,6156,"['Action', 'Adventure', 'Thriller']",120000000,415484914,123,medium
57201,tt1210819,The Lone Ranger,Never take off the mask.,"The Texas Rangers chase down a gang of outlaws led by Butch Cavendish, but the gang ambushes the Rangers, seemingly killing them all. One survivor is found, however, by an American Indian named Tonto, who nurses him back to health. The Ranger, donning a mask and riding a white stallion named Silver, teams up with Tonto to bring the unscrupulous gang and others of that ilk to justice.",/yDuJGq8biNMW7zM3w95UaDJv0KG.jpg,/vHd8RTXTGFwexUC2Mj1HOgSy9J3.jpg,2013-07-03,6.122,6117,"['Action', 'Adventure', 'Western']",215000000,260502115,149,medium
260346,tt2446042,Taken 3,It ends here,"Ex-government operative Bryan Mills finds his life is shattered when he's falsely accused of a murder that hits close to home. As he's pursued by a savvy police inspector, Mills employs his particular set of skills to track the real killer and exact his unique brand of justice.",/vzvMXMypMq7ieDofKThsxjHj9hn.jpg,/vFm4pF0BgaWPj0i2zEiZO6TqEQ0.jpg,2014-12-16,6.259,6094,"['Thriller', 'Action']",48000000,325800000,109,medium
49040,tt1194173,The Bourne Legacy,There Was Never Just One,New CIA operative Aaron Cross experiences life-or-death stakes that have been triggered by the previous actions of Jason Bourne.,/1aExL5DTGHj25ZfIC3dDwS84RWi.jpg,/akNBILfG0vh7WhuzjA1bXfrgpYI.jpg,2012-08-08,6.242,6076,"['Action', 'Thriller']",130000000,276600000,135,medium
49529,tt0401729,John Carter,"Lost in our world, found in another.","John Carter is a war-weary, former military captain who's inexplicably transported to the mysterious and exotic planet of Barsoom (Mars) and reluctantly becomes embroiled in an epic conflict. It's a world on the brink of collapse, and Carter rediscovers his humanity when he realizes the survival of Barsoom and its people rests in his hands.",/lCxz1Yus07QCQQCb6I0Dr3Lmqpx.jpg,/hj5RynBrJB1Wlz84t3lJj9DuTJh.jpg,2012-03-07,6.36,6037,"['Action', 'Adventure', 'Science Fiction']",263700000,284100000,132,medium
346685,tt3631112,The Girl on the Train,What you see can hurt you.,"Rachel Watson, devastated by her recent divorce, spends her daily commute fantasizing about the seemingly perfect couple who live in a house that her train passes every day, until one morning she sees something shocking happen there and becomes entangled in the mystery that unfolds.",/AhTO2QWG0tug7yDoh0XoaMhPt3J.jpg,/hmMnCqNnHPvQhuxynSVAqQWmQVK.jpg,2016-10-05,6.442,5987,"['Crime', 'Mystery', 'Thriller']",45000000,173200000,112,medium
299687,tt2304933,The 5th Wave,Protect your own.,16-year-old Cassie Sullivan tries to survive in a world devastated by the waves of an alien invasion that has already decimated the population and knocked mankind back to the Stone Age.,/ja34BV577dtjWl2S5G1tB93IjYb.jpg,/hqrwXs3KqPuU5rWoconbmQUn6rh.jpg,2016-01-14,5.935,5980,"['Science Fiction', 'Adventure', 'Action']",38000000,109906372,112,medium
400106,tt5519340,Bright,,"In an alternate present-day where magical creatures live among us, two L.A. cops become embroiled in a prophesied turf battle.",/whkT53Sv2vKAUiknQ13pqcWaPXB.jpg,/hu4psJoKxDYezvvS4GlLF531fom.jpg,2017-12-22,6.162,5939,"['Fantasy', 'Action', 'Thriller']",90000000,0,117,medium
44833,tt1440129,Battleship,The battle for Earth begins at sea.,"When mankind beams a radio signal into space, a reply comes from ‘Planet G’, in the form of several alien crafts that splash down in the waters off Hawaii. Lieutenant Alex Hopper is a weapons officer assigned to the USS John Paul Jones, part of an international naval coalition which becomes the world's last hope for survival as they engage the hostile alien force of unimaginable strength. While taking on the invaders, Hopper must also try to live up to the potential that his brother, and his fiancée's father—an Admiral—expect of him.",/9b0Im7SfedHiajTwzSL9zGyBI7M.jpg,/85PMh0cKywekAJYDnRXfezYAmEc.jpg,2012-04-11,5.883,5889,"['Thriller', 'Action', 'Adventure', 'Science Fiction']",209000000,303025485,131,medium
27576,tt0944835,Salt,Who is Salt?,"As a CIA officer, Evelyn Salt swore an oath to duty, honor, and country. Her loyalty will be tested when a Russian defector accuses her of being a Russian sleeper spy. She goes on the run, using all her skills and years of experience as a covert operative to elude capture, protect her husband, and stay one step ahead of her colleagues at the CIA. Her efforts to prove her innocence only serve to cast doubt on her motives, as the hunt to uncover the truth behind her identity continues and the question remains: ""Who is Salt?""",/kqeIJG7VjwkcTR26QHg8D01x8yI.jpg,/7RwAE11n2nd5pSqI9mCk4tPaEtM.jpg,2010-07-21,6.4,5877,"['Action', 'Mystery', 'Thriller']",110000000,293329073,100,medium
10140,tt0980970,The Chronicles of Narnia: The Voyage of the Dawn Treader,Return to magic. Return to hope. Return to Narnia.,"This time around Edmund and Lucy Pevensie, along with their pesky cousin Eustace Scrubb find themselves swallowed into a painting and on to a fantastic Narnian ship headed for the very edges of the world.",/pP27zlm9yeKrCeDZLFLP2HKELot.jpg,/oc3be3waruLd0PB9h4bomN7Le3v.jpg,2010-12-02,6.441,5859,"['Adventure', 'Family', 'Fantasy']",155000000,415686217,113,medium
64635,tt1386703,Total Recall,What Is Real?,"Factory worker Doug Quaid takes a virtual mind-trip vacation with the Rekall company, opting for implanted memories of being a spy. When the procedure goes wrong, Quaid becomes a wanted man by the police and joins forces with a rebel fighter to stop the evil Chancellor Cohaagen.",/hVUxVVzZ0WvvPIpKwsMPMDOQyqi.jpg,/uBHeAB2Ug9ELBzkMyls8CUjzn4i.jpg,2012-08-02,6.028,5829,"['Action', 'Science Fiction', 'Thriller']",125000000,198800000,118,medium
97020,tt1234721,RoboCop,Crime has a new enemy.,"In RoboCop, the year is 2028 and multinational conglomerate OmniCorp is at the center of robot technology.  Overseas, their drones have been used by the military for years, but have been forbidden for law enforcement in America.  Now OmniCorp wants to bring their controversial technology to the home front, and they see a golden opportunity to do it.  When Alex Murphy – a loving husband, father and good cop doing his best to stem the tide of crime and corruption in Detroit – is critically injured, OmniCorp sees their chance to build a part-man, part-robot police officer.  OmniCorp envisions a RoboCop in every city and even more billions for their shareholders, but they never counted on one thing: there is still a man inside the machine.",/gM5ql3BKYmHG3WtZ0buKXN7xY8O.jpg,/hTDAWiohFTwJaKNcCNlsKs64bip.jpg,2014-01-30,5.885,5808,"['Action', 'Adventure', 'Crime', 'Science Fiction', 'Thriller']",120000000,242688965,118,medium
41733,tt1231583,Due Date,Leave your comfort zone.,"Peter Highman must scramble across the US in five days to be present for the birth of his first child. He gets off to a bad start when his wallet and luggage are stolen, and put on the 'no-fly' list. Peter embarks on a terrifying journey when he accepts a ride from an actor.",/sBxWS09pOOyXZ0dcnqfqqCAQGan.jpg,/naV4PO7ftzNThYKGX44F8vRY2z3.jpg,2010-11-03,6.392,5768,"['Comedy', 'Drama']",65000000,211800000,95,medium
157353,tt2209764,Transcendence,"Yesterday, Dr. Will Caster was only human...","Two leading computer scientists work toward their goal of Technological Singularity,  as a radical anti-technology organization fights to prevent them from creating a world where computers can transcend the abilities of the human brain.",/qmOKJWl3wnXDcLhjtJHnCCCvAiO.jpg,/ypuD6ZsupyVV1ElNSIPz2BooIlX.jpg,2014-04-16,6.068,5762,"['Thriller', 'Science Fiction', 'Drama', 'Mystery']",100000000,103039258,119,medium
640146,tt10954600,Ant-Man and the Wasp: Quantumania,Witness the beginning of a new dynasty.,"Super-Hero partners Scott Lang and Hope van Dyne, along with with Hope's parents Janet van Dyne and Hank Pym, and Scott's daughter Cassie Lang, find themselves exploring the Quantum Realm, interacting with strange new creatures and embarking on an adventure that will push them beyond the limits of what they thought possible.",/qnqGbB22YJ7dSs4o6M7exTpNxPz.jpg,/m8JTwHFwX7I7JY5fPe4SjqejWag.jpg,2023-02-15,6.2,5745,"['Action', 'Adventure', 'Science Fiction']",200000000,476071180,125,medium
13811,tt0448011,Knowing,What happens when the numbers run out?,A teacher opens a time capsule that has been dug up at his son's elementary school; in it are some chilling predictions -- some that have already occurred and others that are about to -- that lead him to believe his family plays a role in the events that are about to unfold.,/OG0mxQt4YaNIWiz8EKJSHe9lPh.jpg,/s6h8MemlWFshLmPfd08syBpaTTK.jpg,2009-03-19,6.2,5737,"['Action', 'Mystery', 'Science Fiction', 'Thriller']",50000000,155446362,121,medium
72559,tt1583421,G.I. Joe: Retaliation,Heroes are made in America.,"Framed for crimes against the country, the G.I. Joe team is terminated by Presidential order. This forces the G.I. Joes into not only fighting their mortal enemy Cobra; they are forced to contend with threats from within the government that jeopardize their very existence.",/3rWIZMzTKcCtV0eHJ70Z4Ru659f.jpg,/pEhXq18GVe1dg2ltplcxtGWfSje.jpg,2013-03-27,5.651,5728,"['Action', 'Science Fiction', 'Adventure', 'Thriller']",130000000,371900000,110,medium
37710,tt1243957,The Tourist,It all started when he met a woman.,"American tourist Frank meets mysterious British woman Elise on the train to Venice. Romance seems to bud, but there's more to her than meets the eye.",/oXe1nw4HcS32YVpvxwsWEVdvEXA.jpg,/z8xSqfnq4TYfD95vfqdDxbxp2FH.jpg,2010-12-08,6.178,5711,"['Action', 'Thriller', 'Romance']",100000000,278731369,103,medium
290859,tt6450804,Terminator: Dark Fate,Welcome to the day after judgement day,"Decades after Sarah Connor prevented Judgment Day, a lethal new Terminator is sent to eliminate the future leader of the resistance. In a fight to save mankind, battle-hardened Sarah Connor teams up with an unexpected ally and an enhanced super soldier to stop the deadliest Terminator yet.",/vqzNJRH4YyquRiWxCCOH0aXggHI.jpg,/riTANvQ8GKmQbgtC1ps3OfkU43A.jpg,2019-10-23,6.415,5605,"['Science Fiction', 'Action', 'Adventure', 'Thriller']",185000000,261119292,128,medium
311324,tt2034800,The Great Wall,1700 years to build. 5500 miles long. What were they trying to keep out?,European mercenaries searching for black powder become embroiled in the defense of the Great Wall of China against a horde of monstrous creatures.,/p70dq1YxabemdZDm5K6Q8G10wSn.jpg,/th26RNksfM9nn7DPH06OqiV6BA2.jpg,2016-12-16,6.025,5497,"['Action', 'Adventure', 'Fantasy']",150000000,331957105,103,medium
6637,tt0465234,National Treasure: Book of Secrets,The greatest adventure history has ever revealed.,"Benjamin Franklin Gates and Abigail Chase re-team with Riley Poole and, now armed with a stack of long-lost pages from John Wilkes Booth's diary, Ben must follow a clue left there to prove his ancestor's innocence in the assassination of Abraham Lincoln.",/dc9F1vNOGbgeZrO9ejNkbgHPlfw.jpg,/sRYElphYktzMIn0cozvN6i6cqMd.jpg,2007-12-19,6.372,5496,"['Action', 'Adventure', 'Mystery', 'Thriller']",130000000,459200000,124,medium
353491,tt1648190,The Dark Tower,There are other worlds than these.,A boy haunted by visions of a parallel world aids its disillusioned guardian in preventing the destruction of the nexus of universes known as the Dark Tower.,/i9GUSgddIqrroubiLsvvMRYyRy0.jpg,/pVVobDO8cezhVPvwD6EBUN0g3mt.jpg,2017-08-03,5.8,5483,"['Fantasy', 'Action', 'Science Fiction']",60000000,113231078,95,medium
316727,tt4094724,The Purge: Election Year,Keep America great,"Two years after choosing not to kill the man who killed his son, former police sergeant Leo Barnes has become head of security for Senator Charlene Roan, the front runner in the next Presidential election due to her vow to eliminate the Purge. On the night of what should be the final Purge, a betrayal from within the government forces Barnes and Roan out onto the street where they must fight to survive the night.",/gg7tlp45xqGWMra0sqQVPvybje2.jpg,/a7V3ZXCDAk3P7GjpgfN0IInjh0r.jpg,2016-06-29,6.382,5470,"['Action', 'Horror', 'Thriller']",10000000,118587880,109,medium
9836,tt0366548,Happy Feet,Everybody dance now!,"Into the world of the Emperor Penguins, who find their soul mates through song, a penguin is born who cannot sing. But he can tap dance something fierce!",/za41IHkj6LnkilfTzv5B2qmthKD.jpg,/pxsR974ez8bQx0GDixxiKr7pk1o.jpg,2006-11-16,6.221,5425,"['Animation', 'Comedy', 'Family']",100000000,384335608,108,medium
453405,tt1025100,Gemini Man,Who will save you from yourself?,"Henry Brogan is an elite 51-year-old assassin who's ready to call it quits after completing his 72nd job. His plans get turned upside down when he becomes the target of a mysterious operative who can seemingly predict his every move. To his horror, Brogan soon learns that the man who's trying to kill him is a younger, faster, cloned version of himself.",/cT5m5m9X6hNbUrx7kUTsedAMivW.jpg,/j1sGzyppkXO407OPFwkNVDE5Rlt.jpg,2019-10-02,6.265,5414,"['Science Fiction', 'Action', 'Adventure', 'Thriller', 'Drama']",140000000,173469516,117,medium
23827,tt1179904,Paranormal Activity,What happens when you sleep?,"After a young, middle-class couple moves into what seems like a typical suburban house, they become increasingly disturbed by a presence that may or may not be demonic but is certainly the most active in the middle of the night.",/tmclkEpjeo4Zu564gf3KrwIOuKw.jpg,/wfCdJ0MD1hYJzlaHulolNw5pYtR.jpg,2007-09-14,6.046,5390,"['Horror', 'Mystery']",15000,193355800,86,medium
16996,tt0974661,17 Again,Who says you're only young once?,"On the brink of a midlife crisis, 30-something Mike O'Donnell wishes he could have a ""do-over."" And that's exactly what he gets when he wakes up one morning to find he's 17 years old again. With his adult mind stuck inside the body of a teenager, Mike actually has the chance to reverse some decisions he wishes he'd never made. But maybe they weren't so bad after all.",/yEcfFXEWpuXcfsR9nKESVCFneqV.jpg,/mjSiMvkpDk11AQrMxQNf4rDWKx2.jpg,2009-03-11,6.314,5389,"['Comedy', 'Fantasy', 'Drama', 'Romance']",20000000,136300000,102,medium
49849,tt0409847,Cowboys & Aliens,First Contact. Last Stand.,"A stranger stumbles into the desert town of Absolution with no memory of his past and a futuristic shackle around his wrist. With the help of mysterious beauty Ella and the iron-fisted Colonel Dolarhyde, he finds himself leading an unlikely posse of cowboys, outlaws, and Apache warriors against a common enemy from beyond this world in an epic showdown for survival.",/9uZsGCP4rvOHVGCpMpYq5gNCuNI.jpg,/sGXCYMzr1sCnGNVuRpB2TOWPWDA.jpg,2011-07-29,5.646,5363,"['Action', 'Science Fiction', 'Thriller', 'Western']",163000000,174822325,119,medium
76285,tt1854564,Percy Jackson: Sea of Monsters,"Where There Are Gods, There Are Monsters.","In their quest to confront the ultimate evil, Percy and his friends battle swarms of mythical creatures to find the mythical Golden Fleece and to stop an ancient evil from rising.",/tAu90qEpLqwqiZLsMqpaMVr55oN.jpg,/fvrGb6zfQaQ8RD9pC8o9vv1b7W2.jpg,2013-08-07,6.028,5335,"['Adventure', 'Family', 'Fantasy']",90000000,199850315,106,medium
447200,tt5758778,Skyscraper,Don't look down,"Framed and on the run, a former FBI agent must save his family from a blazing fire in the world's tallest building.",/52ml62vClzrlqvXZq2FEW6UF6c1.jpg,/oMKFQmoVgB69fyXfSMu0lGlHJP2.jpg,2018-07-11,6.307,5314,"['Action', 'Thriller', 'Adventure']",125000000,304870828,102,medium
479455,tt2283336,Men in Black: International,The world's not going to save itself.,"The Men in Black have always protected the Earth from the scum of the universe. In this new adventure, they tackle their biggest, most global threat to date: a mole in the Men in Black organization.",/dPrUPFcgLfNbmDL8V69vcrTyEfb.jpg,/uK9uFbAwQ1s2JHKkJ5l0obPTcXI.jpg,2019-06-12,5.895,5300,"['Comedy', 'Science Fiction', 'Action', 'Adventure']",110000000,253890701,115,medium
332567,tt4052882,The Shallows,What was once in the deep is now in the shallows.,"While surfing on a secluded beach, Nancy finds herself in the feeding grounds of a great white shark. Though stranded only 200 yards from shore, survival proves to be the ultimate test of wills, requiring all of her ingenuity, resourcefulness, and fortitude.",/bnBV7hZmLuA0Si5Aop481sPF2RY.jpg,/89ZSaf9Ofm7oDounnCOu4ktGI9e.jpg,2016-06-24,6.352,5299,"['Horror', 'Drama', 'Thriller']",17000000,119100758,86,medium
138103,tt2333784,The Expendables 3,New team. New attitude. New mission.,"Barney, Christmas and the rest of the team comes face-to-face with Conrad Stonebanks, who years ago co-founded The Expendables with Barney. Stonebanks subsequently became a ruthless arms trader and someone who Barney was forced to kill… or so he thought. Stonebanks, who eluded death once before, now is making it his mission to end The Expendables -- but Barney has other plans. Barney decides that he has to fight old blood with new blood, and brings in a new era of Expendables team members, recruiting individuals who are younger, faster and more tech-savvy. The latest mission becomes a clash of classic old-school style versus high-tech expertise in the Expendables’ most personal battle yet.",/utS5euWHlEdKBNnEFwjpZ2oGuhF.jpg,/d3B8BQDmEEK2Qy6tjYRP3hkpv6J.jpg,2014-08-07,6.206,5298,"['Action', 'Adventure', 'Thriller']",95000000,214657577,126,medium
268896,tt2557478,Pacific Rim: Uprising,Rise up.,"It has been ten years since The Battle of the Breach and the oceans are still, but restless. Vindicated by the victory at the Breach, the Jaeger program has evolved into the most powerful global defense force in human history. The PPDC now calls upon the best and brightest to rise up and become the next generation of heroes when the Kaiju threat returns.",/nFWhttU8PM50t25NPdy7PE7rv3G.jpg,/oMaj75G2WFw66xI1TREg1hrToSg.jpg,2018-03-21,6.119,5288,"['Action', 'Fantasy', 'Science Fiction', 'Adventure']",150000000,290061297,111,medium
343611,tt3393786,Jack Reacher: Never Go Back,Never give in. Never give up. Never go back.,"Years after resigning command of an elite military police unit, the nomadic, righter-of-wrongs Reacher is drawn back into the life he left behind when his friend and successor, Major Susan Turner is framed for espionage. Reacher will stop at nothing to prove her innocence and to expose the real perpetrators behind the killings of his former soldiers.",/cOg3UT2NYWHZxp41vpxAnVCOC4M.jpg,/ww1eIoywghjoMzRLRIcbJLuKnJH.jpg,2016-10-19,6.008,5285,"['Action', 'Thriller', 'Drama', 'Crime']",60000000,162100000,118,medium
2770,tt0252866,American Pie 2,This summer it's all about sticking together.,"After a year apart - attending different schools, meeting different people - the guys rent a beach house and vow to make this the best summer ever. As it turns out, whether that will happen or not has a lot to do with the girls. Between the wild parties, outrageous revelations and yes, a trip to band camp, they discover that times change and people change, but in the end, it's all about sticking together.",/854ZZxXdeabAs90mrV72NqShJqR.jpg,/sgU7YubDFMosoJQLtcrBCcEG1sq.jpg,2001-08-10,6.25,5258,"['Comedy', 'Romance']",30000000,287553595,111,medium
27022,tt0963966,The Sorcerer's Apprentice,It's the coolest job ever.,"Balthazar Blake is a master sorcerer in modern-day Manhattan trying to defend the city from his arch-nemesis, Maxim Horvath. Balthazar can't do it alone, so he recruits Dave Stutler, a seemingly average guy who demonstrates hidden potential, as his reluctant protégé. The sorcerer gives his unwilling accomplice a crash course in the art and science of magic, and together, these unlikely partners work to stop the forces of darkness.",/b5pIUsGll0418NyfNA5eYCI9aoK.jpg,/mtrfLUfUoQunolDhmQy0GfbRclC.jpg,2010-07-13,6.136,5233,"['Fantasy', 'Adventure', 'Action']",150000000,215300000,109,medium
5559,tt0389790,Bee Movie,Honey just got funny.,"Barry B. Benson, a recent college graduate who wants more out of his life than making honey, decides to sue the human race after learning about the exploitation of bees at the hands of mankind. What will happen next?",/aWe27GmvfVYAd7p0KEtJZWwLWk5.jpg,/lVfqLDmfrxIXFU2TcWTsG3ePdER.jpg,2007-10-28,6.032,5204,"['Family', 'Animation', 'Adventure', 'Comedy']",150000000,287594577,91,medium
81005,tt1351685,Jack the Giant Slayer,Prepare for a giant adventure,"The story of an ancient war that is reignited when a young farmhand unwittingly opens a gateway between our world and a fearsome race of giants. Unleashed on the Earth for the first time in centuries, the giants strive to reclaim the land they once lost, forcing the young man, Jack into the battle of his life to stop them. Fighting for a kingdom, its people, and the love of a brave princess, he comes face to face with the unstoppable warriors he thought only existed in legend–and gets the chance to become a legend himself.",/9jSI7saUX9Qz0JLh19jX2ulEwL7.jpg,/djSAd6HUm66eVNC3PiZbYwOpD5A.jpg,2013-02-27,5.87,5172,"['Fantasy', 'Action', 'Adventure', 'Drama']",195000000,197700000,114,medium
286565,tt3622592,Paper Towns,Get Lost. Get Found.,"Quentin Jacobsen has spent a lifetime loving the magnificently adventurous Margo Roth Spiegelman from afar. So when she cracks open a window and climbs back into his life dressed like a ninja and summoning him for an ingenious campaign of revenge, he follows. After their all-nighter ends and a new day breaks, Quentin arrives at school to discover that Margo, always an enigma, has now become a mystery. But Quentin soon learns that there are clues, and they're for him. Urged down a disconnected path, the closer Quentin gets, the less he sees of the girl he thought he knew.",/lVW67w7eWwmBhbBCc4f983pO8m6.jpg,/mwoIzHsliirmS0IlSrf2DvVouid.jpg,2015-06-18,6.154,5162,"['Mystery', 'Drama', 'Romance']",12000000,85500000,109,medium
509967,tt8106534,6 Underground,They say no one can save the world. Meet no one.,"After faking his death, a tech billionaire recruits a team of international operatives for a bold and bloody mission to take down a brutal dictator.",/lnWkyG3LLgbbrIEeyl5mK5VRFe4.jpg,/eFw5YSorHidsajLTayo1noueIxI.jpg,2019-12-10,6.333,5126,"['Action', 'Comedy', 'Thriller']",150000000,0,128,medium
298312,tt3567288,The Visit,No one loves you like your grandparents.,"A brother and sister are sent to their grandparents' remote Pennsylvania farm for a week, where they discover that the elderly couple is involved in something deeply disturbing.",/mtMfKRCa2V5b7d9k4piogB72mcY.jpg,/o51GktmDgLPLYFXn7iZDQxmNHPF.jpg,2015-09-10,6.323,5127,"['Horror', 'Thriller']",5000000,98450062,94,medium
274855,tt1981128,Geostorm,Some things were never meant to be controlled.,"After an unprecedented series of natural disasters threatened the planet, the world's leaders came together to create an intricate network of satellites to control the global climate and keep everyone safe. But now, something has gone wrong: the system built to protect Earth is attacking it, and it becomes a race against the clock to uncover the real threat before a worldwide geostorm wipes out everything and everyone along with it.",/nrsx0jEaBgXq4PWo7SooSnYJTv.jpg,/vIEuJiIZN9EclAJDmD49F2zUzuX.jpg,2017-10-12,6.111,5123,"['Action', 'Science Fiction', 'Thriller']",120000000,221600160,109,medium
88751,tt0373051,Journey to the Center of the Earth,Same Planet. Different World.,"On a quest to find out what happened to his missing brother, a scientist, his nephew and their mountain guide discover a fantastic and dangerous lost world in the center of the earth.",/kL55wY0s2H9JdwfjoWIp9plvYnl.jpg,/Adlc8JMVEXOelFO6hYpIYcGBx2T.jpg,2008-07-10,6.087,5108,"['Action', 'Science Fiction', 'Adventure', 'Comedy', 'Family']",45000000,101702060,93,medium
693,tt0290002,Meet the Fockers,Misery loves family.,"Hard-to-crack ex-CIA man Jack Byrnes and his wife Dina head for the warmer climes of Florida to meet the parents of their son-in-law-to-be, Greg Focker. Unlike their happily matched offspring, the future in-laws find themselves in a situation of opposites that definitely do not attract.",/59fXm6N2x7QSbvt6BaBxTNBXGL8.jpg,/porZOny3iVvs5LK0osW1b52wWik.jpg,2004-12-22,6.3,5108,"['Comedy', 'Romance']",80000000,516642939,115,medium
346910,tt3829266,The Predator,The hunt has evolved.,"When a young boy accidentally triggers the universe's most lethal hunters' return to Earth, only a ragtag crew of ex-soldiers and a disgruntled scientist can prevent the end of the human race.",/a3eWGF6YPF7No5Rbtjc8QpDvz7l.jpg,/zGHdS1eLaU5wdYCJ6vY9QfQGCTo.jpg,2018-09-05,5.623,5096,"['Science Fiction', 'Action', 'Thriller']",88000000,160542134,107,medium
4248,tt0257106,Scary Movie 2,No more mercy. No more shame. No more sequels - honest! - We lied.,"While the original parodied slasher flicks like Scream, Keenen Ivory Wayans's sequel to Scary Movie takes comedic aim at haunted house movies. A group of students visit a mansion called ""Hell House,"" and murderous high jinks ensue.",/7Eb1JWK0Cb0rbfsYjwfc9g0PbQH.jpg,/n8BYpslKnXDScx4WTWejLel3qZ1.jpg,2001-07-04,5.813,5089,['Comedy'],45000000,141220678,82,medium
267860,tt3300542,London Has Fallen,The world's leaders have assembled. So have their enemies.,"In London for the Prime Minister's funeral, Mike Banning discovers a plot to assassinate all the attending world leaders.",/iEbLkYzyiUdOKNK4WNBFyGH7r2Y.jpg,/2aXAK6WNg9ihJm8qRSrguKzgaB7.jpg,2016-03-02,6.219,5066,"['Action', 'Thriller']",60000000,205754447,99,medium
428078,tt1571234,Mortal Engines,Some scars never heal,"Many thousands of years in the future, Earth’s cities roam the globe on huge wheels, devouring each other in a struggle for ever diminishing resources. On one of these massive traction cities, the old London, Tom Natsworthy has an unexpected encounter with a mysterious young woman from the wastelands who will change the course of his life forever.",/gLhYg9NIvIPKVRTtvzCWnp1qJWG.jpg,/rm2oMykm5nX6SzXFr7TGHkO6r8Z.jpg,2018-11-27,6.198,5058,"['Adventure', 'Science Fiction']",100000000,83869818,128,medium
117251,tt2334879,White House Down,It will start like any other day.,"Capitol Policeman John Cale has just been denied his dream job with the Secret Service protecting President James Sawyer. Not wanting to let down his little girl with the news, he takes her on a tour of the White House, when the complex is overtaken by a heavily armed paramilitary group. Now, with the nation's government falling into chaos and time running out, it's up to Cale to save the president, his daughter, and the country.",/6TeIVKPw7nXXWy2zKmDmlnSwzb7.jpg,/9S4vTm0EhavV7J8pEjUz4PBPp8u.jpg,2013-06-27,6.465,5058,"['Action', 'Drama', 'Thriller']",150000000,205366737,131,medium
23629,tt0978764,Sucker Punch,You will be unprepared.,"A young woman, institutionalized by her abusive stepfather, retreats into a vivid fantasy world where she envisions a plan to escape. Gathering a group of fellow inmates, she embarks on a quest to collect five mystical items, blurring the lines between reality and imagination.",/jtaUDnvIiHUd2ranDcjB5AbPx6o.jpg,/cnWVCPDrX29kX7AwA9sfNlLx5vn.jpg,2011-03-24,6.193,5020,"['Action', 'Fantasy', 'Thriller']",82000000,89792502,110,medium
290595,tt2381991,The Huntsman: Winter's War,The story before Snow White.,"As two evil sisters prepare to conquer the land, two renegades—Eric the Huntsman, who aided Snow White in defeating Ravenna in Snowwhite and the Huntsman, and his forbidden lover, Sara—set out to stop them.",/ekHPrneEoa1EoDclWdillOKznqM.jpg,/4kCDWJhceLHwPbRWd9uTR8bJpLz.jpg,2016-04-06,6.3,5011,"['Action', 'Adventure', 'Drama']",115000000,164989338,114,medium
20662,tt0955308,Robin Hood,"Rise and rise again, until lambs become lions","When soldier Robin happens upon the dying Robert of Loxley, he promises to return the man's sword to his family in Nottingham. There, he assumes Robert's identity; romances his widow, Marion; and draws the ire of the town's sheriff and King John's henchman, Godfrey.",/ldOLoEroWISvPvqTY2IgnuEUWTq.jpg,/gOi18HJqiuOYoXMH4CgpFnTHgUJ.jpg,2010-05-12,6.395,4975,"['Action', 'Adventure', 'History']",200000000,321669741,140,medium
34544,tt0429493,The A-Team,There is no plan B.,"A man who loves when a plan comes together, Col. Hannibal Smith leads a close-knit team of elite operatives and Iraq War veterans. Framed for a crime they didn't commit, Smith and his men, Capt. H.M. ‘Howling Mad’ Murdock , Sgt. Bosco ‘B.A.’ Baracus, and Lt. Templeton ‘Faceman’ Peck, break out and go rogue, using their special talents to clear their names and find the perpetrator. Hot on their trail is Capt. Charissa Sosa, who was once involved with a member of Smith's team and has sworn to capture them, no matter what it takes.",/bkAWEx5g5tvRPjtDQyvIZ7LRxQm.jpg,/puAUfSiVrQO2DPKOobHFjqVcXPt.jpg,2010-06-09,6.412,4962,"['Action', 'Comedy', 'Crime']",110000000,177238796,117,medium
41630,tt1411238,No Strings Attached,Friendship has its benefits.,"Emma is a busy doctor who sets up a seemingly perfect arrangement when she offers her best friend Adam a relationship with one rule: No strings attached. But when a fling becomes a thing, can sex friends stay best friends?",/9C09L1U9S13J4Ut029Qhu0oLcTQ.jpg,/rSEfKLHDZKiMQWsyJIfKr9D0CaC.jpg,2011-01-21,6.294,4952,"['Comedy', 'Romance']",25000000,149200000,107,medium
46529,tt1464540,I Am Number Four,There were nine of us. Three are dead...,"A teenage fugitive with an incredible secret races to stay one step ahead of the mysterious forces seeking destroy him in this sci-fi action thriller. With three dead and one on the run, the race to find the elusive Number Four begins. Outwardly normal teen John Smith never gets too comfortable in the same identity, and along with his guardian, Henri, he is constantly moving from town to town. With each passing day, John gains a stronger grasp on his extraordinary new powers, and his bond to the beings that share his fantastic fate grows stronger.",/2NrP3h3GEsrPXX60bmjKuYWAvl9.jpg,/zGKDR7bYPo14MXmzpj8c4AErhtt.jpg,2011-02-18,6.177,4936,"['Action', 'Thriller', 'Science Fiction', 'Adventure']",50000000,149900000,109,medium
52449,tt1284575,Bad Teacher,"She doesn't give an ""F.""","A lazy, incompetent middle school teacher who hates her job and her students is forced to return to her job to make enough money for a boob job after her rich fiancé dumps her.",/zpIY4qUSX91J9XpPgr0hFrk1eKr.jpg,/ki6xo54bV6dGLROmAbdftTvxl1p.jpg,2011-05-16,5.608,4927,['Comedy'],20000000,216197492,92,medium
15512,tt0892782,Monsters vs Aliens,Saving the day the monster way.,"When Susan Murphy is unwittingly clobbered by a meteor full of outer space gunk on her wedding day, she mysteriously grows to 49-feet-11-inches. The military jumps into action and captures Susan, secreting her away to a covert government compound. She is renamed Ginormica and placed in confinement with a ragtag group of Monsters...",/hpHarddVj34j53T7NsoUGdKj4mP.jpg,/fbxZeJEcyf76oEQIGmotlclwmiH.jpg,2009-03-19,6.24,4914,"['Animation', 'Family', 'Adventure', 'Science Fiction']",175000000,381509870,94,medium
395,tt0370263,AVP: Alien vs. Predator,Whoever wins...we lose.,"When scientists discover something near Antarctica that appears to be a buried Pyramid, they send a research team out to investigate. Little do they know that they are about to step into a hunting ground where Aliens are grown as sport for the Predator race.",/ySWu5bCnnmgV1cVacvFnFIhgOjp.jpg,/xvq1RLaiwSdHwPHe7WUhqZa1rCA.jpg,2004-08-12,5.945,4898,"['Adventure', 'Science Fiction', 'Action', 'Horror']",70000000,177427090,101,medium
214,tt0489270,Saw III,Suffering? You haven't seen anything yet...,"Jigsaw has disappeared. Along with his new apprentice Amanda, the puppet-master behind the cruel, intricate games that have terrified a community and baffled police has once again eluded capture and vanished. While city detectives scrambles to locate him, Doctor Lynn Denlon and Jeff Reinhart are unaware that they are about to become the latest pawns on his vicious chessboard.",/4iO9n24Rb10peXV0JH2EldIOrAp.jpg,/qx8Pb3nVnHLBizI9792pbRN5nnm.jpg,2006-10-26,6.418,4892,"['Horror', 'Thriller', 'Crime']",10000000,164874275,108,medium
9928,tt0358082,Robots,The biggest comedy ever assembled!,"Rodney Copperbottom is a young robot inventor who dreams of making the world a better place, until the evil Ratchet takes over Bigweld Industries. Now, Rodney's dreams – and those of his friends – are in danger of becoming obsolete.",/fnKCh67l2DDG9NxxIlk9IpsXQ99.jpg,/8p4gCdDT55PMY3UMDvo6ybzMrai.jpg,2005-03-10,6.481,4875,"['Animation', 'Comedy', 'Family', 'Science Fiction']",75000000,262511490,90,medium
14869,tt1046173,G.I. Joe: The Rise of Cobra,"When all else fails, they don't.","From the Egyptian desert to deep below the polar ice caps, the elite G.I. JOE team uses the latest in next-generation spy and military equipment to fight the corrupt arms dealer Destro and the growing threat of the mysterious Cobra organization to prevent them from plunging the world into chaos.",/mc9b25IAprHfsaOz0wTshOwGHcY.jpg,/jE5wVBRCGQzjHjvFUcYwGS4x0ux.jpg,2009-08-03,5.784,4874,"['Adventure', 'Action', 'Thriller', 'Science Fiction']",175000000,302500000,118,medium
9398,tt0196229,Zoolander,3% body fat. 1% brain activity.,"Clear the runway for Derek Zoolander, VH1's three-time male model of the year. His face falls when hippie-chic Hansel scooters in to steal this year's award. The evil fashion guru Mugatu seizes the opportunity to turn Derek into a killing machine. It's a well-designed conspiracy and only with the help of Hansel and a few well-chosen accessories like Matilda can Derek make the world safe for male models everywhere.",/qdrbSneHZjJG2Dj0hhBxzzAo4HB.jpg,/lIyyiBOuyokL82rPEDcZaMKleA3.jpg,2001-09-28,6.2,4864,['Comedy'],28000000,60780981,89,medium
7451,tt0295701,xXx,A new breed of secret agent.,"Xander Cage is your standard adrenaline junkie with no fear and a lousy attitude. When the US Government ""recruits"" him to go on a mission, he's not exactly thrilled. His mission: to gather information on an organization that may just be planning the destruction of the world, led by the nihilistic Yorgi.",/xeEw3eLeSFmJgXZzmF2Efww0q3s.jpg,/2OHa6ukEq3Hce7Pc2kvu8wkmMFY.jpg,2002-08-09,5.985,4854,"['Action', 'Adventure', 'Thriller', 'Crime', 'Drama']",70000000,277448382,124,medium
37834,tt1013743,Knight and Day,Every Hit Man Deserves a Second Shot!,"A fugitive couple goes on a glamorous and sometimes deadly adventure where nothing and no one – even themselves – are what they seem. Amid shifting alliances and unexpected betrayals, they race across the globe, with their survival ultimately hinging on the battle of truth vs. trust.",/a7JmOBMNj5erYTgt4u1mQgvHItu.jpg,/k5mNW8qutywD3GhAuaq33qcQR2y.jpg,2010-06-15,6.227,4850,"['Action', 'Comedy']",117000000,261989769,109,medium
278154,tt3416828,Ice Age: Collision Course,They’re going out with a bang.,"Set after the events of Continental Drift, Scrat's epic pursuit of his elusive acorn catapults him outside of Earth, where he accidentally sets off a series of cosmic events that transform and threaten the planet. To save themselves from peril, Manny, Sid, Diego, and the rest of the herd leave their home and embark on a quest full of thrills and spills, highs and lows, laughter and adventure while traveling to exotic new lands and locations.",/okF78W1AcXAenlYFE3vna9Uuqjp.jpg,/wQoe0j7ZDk7LWexC0XhwkK4brIb.jpg,2016-06-23,6.1,4848,"['Adventure', 'Animation', 'Family', 'Comedy', 'Science Fiction']",105000000,408579038,95,medium
631843,tt10954652,Old,It's only a matter of time.,A group of families on a tropical holiday discover that the secluded beach where they are staying is somehow causing them to age rapidly – reducing their entire lives into a single day.,/vclShucpUmPhdAOmKgf3B3Z4POD.jpg,/32yqxyLlWcO81UCx51Jfq9aeJdA.jpg,2021-07-21,6.323,4828,"['Thriller', 'Mystery', 'Horror']",18000000,90146510,108,medium
9679,tt0187078,Gone in Sixty Seconds,"Ice Cold, Hot Wired.","Ex-car thief Randall Raines is forced out of retirement to save his brother Kip after a boost gone wrong. With the help of allies old and new, they race to meet the demands of notorious crime boss Raymond Calitri as the police are in hot pursuit.",/fToQDmkBtiXYGh9xfgAh3gpo6GZ.jpg,/mAeDJ3P4ZRDBsuDlKgL2mNXFvsc.jpg,2000-06-09,6.452,4820,"['Action', 'Crime', 'Thriller']",90000000,237200000,118,medium
147441,tt1528100,Exodus: Gods and Kings,"When men ruled as gods, one was chosen to change the world.","The defiant leader Moses rises up against the Egyptian Pharaoh Ramses, setting 400,000 slaves on a monumental journey of escape from Egypt and its terrifying cycle of deadly plagues.",/uaDj37JtvLan9tihxZ18e6qL33b.jpg,/hJ1jUw8irCiWwQk7BElxF92BrlK.jpg,2014-12-03,5.88,4817,"['Adventure', 'Drama', 'Action']",140000000,268031828,150,medium
2268,tt0385752,The Golden Compass,There are worlds beyond our own. The compass will show the way.,"In a parallel universe, after overhearing a shocking secret, precocious orphan Lyra Belacqua trades her carefree existence roaming the halls of Jordan College for an otherworldly adventure in the far North, unaware that it's part of her destiny.",/mIHV28g4Zhbc8yhnhOixa8m4p5O.jpg,/qifYc5jT4CZxmLH9DfOlipioSPp.jpg,2007-12-04,6.082,4797,"['Adventure', 'Fantasy']",180000000,372234864,113,medium
134374,tt1980209,Pain & Gain,Their American dream is bigger than yours.,"Daniel Lugo, manager of the Sun Gym in 1990s Miami, decides that there is only one way to achieve his version of the American dream: extortion. To achieve his goal, he recruits musclemen Paul and Adrian as accomplices. After several failed attempts, they abduct rich businessman Victor Kershaw and convince him to sign over all his assets to them. But when Kershaw makes it out alive, authorities are reluctant to believe his story.",/9WqA0Ry9wmTzFvom8mNbcyKZQgP.jpg,/cb3ivKXzyveKMvaD72IpKX9JVys.jpg,2013-04-18,6.3,4775,"['Comedy', 'Crime', 'Action']",25000000,87305549,130,medium
9358,tt0309593,Final Destination 2,For every beginning there is an end.,"When Kimberly has a violent premonition of a highway pileup she blocks the freeway, keeping a few others meant to die, safe...Or are they? The survivors mysteriously start dying and it's up to Kimberly to stop it before she's next.",/vnFgxRlLTA9fDNcGXLiHmgwmIEo.jpg,/kUUqNTn50CZjZmlnr2KFf50Q0lk.jpg,2003-01-31,6.303,4766,"['Horror', 'Mystery']",26000000,90941129,90,medium
1735,tt0859163,The Mummy: Tomb of the Dragon Emperor,A New Evil Awakens.,"Archaeologist Rick O'Connell travels to China, pitting him against an emperor from the 2,000-year-old Han dynasty who's returned from the dead to pursue a quest for world domination. This time, O'Connell enlists the help of his wife and son to quash the so-called 'Dragon Emperor' and his abuse of supernatural power.",/A3acM1lX5PNWQa6r5qeMAJOxbnT.jpg,/W034dd7w2malON26KWyZm4y37W.jpg,2008-07-01,5.513,4767,"['Adventure', 'Action', 'Fantasy']",145000000,403449830,112,medium
526896,tt5108870,Morbius,A new Marvel legend arrives.,"Dangerously ill with a rare blood disorder, and determined to save others suffering his same fate, Dr. Michael Morbius attempts a desperate gamble. What at first appears to be a radical success soon reveals itself to be a remedy potentially worse than the disease.",/Av8Z2jZhEm1FLkFzMThzz9hndJF.jpg,/jzWT0zd8U77fqWg5WgUfYaMzSFz.jpg,2022-03-30,5.918,4764,"['Action', 'Science Fiction', 'Fantasy']",75000000,167635712,105,medium
514999,tt1618434,Murder Mystery,First class problems. Second class detectives.,"On a long-awaited trip to Europe, a New York City cop and his hairdresser wife scramble to solve a baffling murder aboard a billionaire's yacht.",/bSMSO9xupd4R4vwTPqigHn2quLN.jpg,/wL8KA3zIJQPbbU5hJlyIdmmLZit.jpg,2019-05-25,6.258,4754,"['Comedy', 'Mystery']",24000000,0,97,medium
9637,tt0267913,Scooby-Doo,Be afraid. Be kind of afraid.,"When the Mystery Inc. gang is invited to Spooky Island, a popular amusement park, they soon discover that the attractions aren't the only things that are spooky. Strange things are happening, and it's up to Scooby, Shaggy, Fred, Daphne, and Velma to uncover the truth behind the mysterious happenings.",/mTAiBJGg8mqEfnYHHbi37ZoRSZm.jpg,/1RAxtBxslR4OZCZC1vxIRUxjR7a.jpg,2002-06-14,6.099,4743,"['Mystery', 'Adventure', 'Comedy']",84000000,275650703,87,medium
6477,tt0952640,Alvin and the Chipmunks,The Original Entourage,"A struggling songwriter named Dave Seville finds success when he comes across a trio of singing chipmunks: mischievous leader Alvin, brainy Simon, and chubby, impressionable Theodore.",/3s3WvpKPXXeKAPketDDqiQTi20S.jpg,/lKkkogTlIQT8o83GFQZZ3CA9MzB.jpg,2007-12-13,5.834,4715,"['Comedy', 'Family', 'Fantasy', 'Animation']",60000000,361366633,92,medium
1577,tt0318627,Resident Evil: Apocalypse,The evil continues...,"As the city is locked down under quarantine, Alice finds out that the people that died from the previous incident at the Umbrella Corporation have turned into zombies. She then joins a small band of elite soldiers, who are enlisted to rescue the missing daughter of the creator of the mutating T-virus.  Once lack of luck and resources happen, they begin to wage an exhilarating battle to survive and escape before the Umbrella Corporation erases its experiment from the face of the earth.",/way9dOm4dM2sm9UMcu2PEXMTX0q.jpg,/5PJP3NaiH9ZJRzrEHLeqSY5rNxb.jpg,2004-09-10,6.357,4696,"['Horror', 'Action', 'Science Fiction']",45000000,129342769,94,medium
133805,tt1939659,Carrie,You will know her name.,"An awkward, telekinetic teenage girl is the object of relentless bullying at school and an oppressively religious mother at home.",/kloXz9qwO23z9Kbt3z3MgnjF4xO.jpg,/zTwuMSZ8Tsf9k6r2lslemPs4m1H.jpg,2013-10-16,6.048,4692,"['Drama', 'Horror']",30000000,84790678,101,medium
71552,tt1605630,American Reunion,Save the best piece for last.,"The characters we met a little more than a decade ago return to East Great Falls for their high school reunion. In one long-overdue weekend, they will discover what has changed, who hasn’t, and that time and distance can’t break the bonds of friendship.",/de5QBIdVR4dnkBZ4a0zjkS4lTg.jpg,/6YOTQGsF0e9IL1DDwM9zB2NDm4I.jpg,2012-04-04,6.301,4674,['Comedy'],50000000,234989584,114,medium
1907,tt0163978,The Beach,Somewhere on this planet it must exist.,"Twenty-something Richard travels to Thailand and finds himself in possession of a strange map. Rumours state that it leads to a solitary beach paradise, a tropical bliss - excited and intrigued, he sets out to find it.",/4y7LxD8TSi6AtsM2xSYqUm1gu7u.jpg,/f7sQHmdZdPHaRVt3428XmdoZ8Hs.jpg,2000-02-03,6.482,4671,"['Drama', 'Adventure', 'Romance', 'Thriller']",40000000,144056873,119,medium
9522,tt0396269,Wedding Crashers,Life's a Party. Crash It.,"John and his buddy Jeremy are emotional criminals who know how to use a woman's hopes and dreams for their own carnal gain. Their modus operandi: crashing weddings. Normally, they meet guests who want to toast the romantic day with a random hook-up. But when John meets Claire, he discovers what true love – and heartache – feels like.",/lFM3lk2zVzC1YFnKm0r6LbFPyRu.jpg,/m1WSBzJ3uZ0WmxRBt1dpGUfNq7J.jpg,2005-07-13,6.497,4665,"['Comedy', 'Romance']",40000000,288500000,119,medium
136797,tt2369135,Need for Speed,For honor. For love. For redemption.,"The film revolves around a local street-racer who partners with a rich and arrogant business associate, only to find himself framed by his colleague and sent to prison. After he gets out, he joins a New York-to-Los Angeles race to get revenge. But when the ex-partner learns of the scheme, he puts a massive bounty on the racer's head, forcing him to run a cross-country gauntlet of illegal racers in all manner of supercharged vehicles.",/45D153Bk0bNwonV1w5IBBvqssPV.jpg,/syVAWAnY6fTBDDFntHsM8vFjKex.jpg,2014-03-12,6.432,4660,"['Action', 'Crime', 'Drama', 'Thriller']",66000000,203277636,131,medium
109418,tt2191701,Grown Ups 2,Just because they're a little older doesn't mean they've grown up.,"Lenny has relocated his family back to the small town where he and his friends grew up. This time around, the grown ups are the ones learning lessons from their kids on a day notoriously full of surprises—the last day of school.",/hT6ijOtjtYrnyDhN7VA2QWyGFAm.jpg,/7JhsJxNmdW0y4IyNrHy10cECrAz.jpg,2013-07-11,6.141,4624,['Comedy'],80000000,247022278,101,medium
123553,tt1538403,The Mortal Instruments: City of Bones,There is a world hidden within our own.,"In New York City, Clary Fray, a seemingly ordinary teenager, learns that she is descended from a line of Shadowhunters — half-angel warriors who protect humanity from evil forces. After her mother disappears, Clary joins forces with a group of Shadowhunters and enters Downworld, an alternate realm filled with demons, vampires, and a host of other creatures. Clary and her companions must find and protect an ancient cup that holds the key to her mother's future.",/zaK1aVn5vXfNwLIDop9U8XA3Q0x.jpg,/z4nKeZpPCrTifS6pzzK8vNleADl.jpg,2013-08-21,6.429,4618,"['Fantasy', 'Action', 'Mystery']",60000000,95396573,130,medium
399035,tt1590193,The Commuter,Lives are on the line,"A businessman, on his daily commute home, gets unwittingly caught up in a criminal conspiracy that threatens not only his life but the lives of those around him.",/rDeGK6FIUfVcXmuBdEORPAGPMNg.jpg,/srnI5CdeydB9E8WNOqblj0jRfSn.jpg,2018-01-11,6.361,4614,"['Action', 'Thriller', 'Mystery']",30000000,119942387,104,medium
305470,tt3717490,Power Rangers,Together we are more.,"Five ordinary teens must become something extraordinary when they learn that their small town of Angel Grove — and the world — is on the verge of being obliterated by an alien threat. Chosen by destiny, our heroes quickly discover they are the only ones who can save the planet. But to do so, they will have to overcome their real-life issues and before it’s too late, band together as the Power Rangers.",/bKYKyyIv5YnisxjZtDreWtYA386.jpg,/2vcdZBbf7sPPzIHfN5ial24UbxK.jpg,2017-03-23,6.25,4598,"['Action', 'Adventure', 'Science Fiction']",105000000,142300000,124,medium
325133,tt4438848,Neighbors 2: Sorority Rising,It's parenthood vs. sisterhood.,A sorority moves in next door to the home of Mac and Kelly Radner who have a young child. The Radner's enlist their former nemeses from the fraternity to help battle the raucous sisters.,/eyjcLLwxuRXACbglIbwWwaXK9DN.jpg,/zgckZ4VZM4UoZlwVS1Dk8mPwqiZ.jpg,2016-05-04,5.816,4589,['Comedy'],35000000,108007109,92,medium
339988,tt4287320,The Circle,Knowing is good. Knowing everything is better.,"A young tech worker takes a job at a powerful Internet corporation, quickly rises up the company's ranks, and soon finds herself in a perilous situation concerning privacy, surveillance and freedom. She comes to learn that her decisions and actions will determine the future of humanity.",/bQVqd5rWrx5GbXhJNuvKy4Viz6j.jpg,/2NGBchckkORvJ94ojJWQDqgVvEX.jpg,2017-04-27,5.523,4570,"['Drama', 'Thriller', 'Science Fiction']",18000000,40651864,110,medium
291870,tt1860213,Dirty Grandpa,Jason is ready for adulthood. His grandpa isn't.,"Jason Kelly is one week away from marrying his boss's uber-controlling daughter, putting him on the fast track for a partnership at the law firm. However, when the straight-laced Jason is tricked into driving his foul-mouthed grandfather, Dick, to Daytona for spring break, his pending nuptials are suddenly in jeopardy. Between riotous frat parties, bar fights, and an epic night of karaoke, Dick is on a quest to live his life to the fullest and bring Jason along for the ride.",/k0Lz1TfSlbcQthQKYGwE7blDfwN.jpg,/jnnaCXTkJhwWcCJK8yZvAybrBvR.jpg,2016-01-20,5.934,4561,['Comedy'],11500000,94100000,102,medium
34851,tt1424381,Predators,They are the most dangerous killers on the planet. But this is not our planet.,A group of cold-blooded killers find themselves trapped on an alien planet to be hunted by extraterrestrial Predators.,/wdniP8NDaJIydi1hMxhpbJMUfr6.jpg,/yVSgw4UyXWg0Edl7KMehdhhgIwL.jpg,2010-07-07,6.3,4558,"['Science Fiction', 'Action', 'Thriller']",40000000,127233108,107,medium
138697,tt2229499,Don Jon,Everyone loves a happy ending.,"A New Jersey guy dedicated to his family, friends, and church, develops unrealistic expectations from watching porn and works to find happiness and intimacy with his potential true love.",/uh8bwvgGXeUKzdL4oSul9zxyTcd.jpg,/4QBI1pdjr2hH1fgC8NqwZZnWNso.jpg,2013-09-12,6.014,4552,"['Romance', 'Comedy', 'Drama']",3000000,0,90,medium
6947,tt0368447,The Village,There is no turning back,"When a willful young man tries to venture beyond his sequestered Pennsylvania hamlet, his actions set off a chain of chilling incidents that will alter the community forever.",/v7UvYtKfIVaHLaHwVgfalyrK7Ho.jpg,/lxwCRTWWfCisuarrFFUhW43eBnW.jpg,2004-07-30,6.481,4539,"['Drama', 'Mystery', 'Thriller']",60000000,256700000,108,medium
27581,tt1386588,The Other Guys,NY's finest were busy.,"Unlike their heroic counterparts on the force, desk-bound NYPD detectives Gamble and Hoitz garner no headlines as they work day to day. When a seemingly minor case turns out to be a big deal, the two cops get the opportunity to finally prove to their comrades that they have the right stuff.",/wNEHNqo3MgHmj3BUiPSqqq5czcm.jpg,/yGUOEjZniQQsuyWqC5N0UU28osa.jpg,2010-08-06,6.3,4534,"['Comedy', 'Action']",100000000,170432927,107,medium
2698,tt0413099,Evan Almighty,A comedy of biblical proportions,God contacts Junior Congressman Evan Baxter and tells him to build an ark in preparation for a great flood.,/blI1ioXbgJWOJ3PbcBuSV65Ebwu.jpg,/yVwCXQzSZvg9H0YBXvzPfSs6Vqx.jpg,2007-06-09,5.585,4528,"['Fantasy', 'Comedy', 'Family']",175000000,174440724,96,medium
7737,tt0432021,Resident Evil: Extinction,All bets are off,"Years after the Racoon City catastrophe, survivors travel across the Nevada desert, hoping to make it to Alaska. Alice joins the caravan and their fight against hordes of zombies and the evil Umbrella Corp.",/6yaLr7Ymg5cvbtSVi5hHwBKx35I.jpg,/u8QUvrq24pWB2x1DxCy4ulbKJG5.jpg,2007-09-20,6.304,4521,"['Horror', 'Action', 'Science Fiction']",45000000,147717833,94,medium
1452,tt0348150,Superman Returns,Look up in the sky!,"Superman returns to discover his 5-year absence has allowed Lex Luthor to walk free, and that those he was closest to felt abandoned and have moved on. Luthor plots his ultimate revenge that could see millions killed and change the face of the planet forever, as well as ridding himself of the Man of Steel.",/385XwTQZDpRX2d3kxtnpiLrjBXw.jpg,/aTBsOF7JDQQlwO9Od2iQJEuSRWR.jpg,2006-06-28,5.8,4518,"['Science Fiction', 'Action', 'Adventure']",223000000,391081192,154,medium
9286,tt0414982,Final Destination 3,This ride will be the death of you.,"High school senior Wendy's premonition of a deadly rollercoaster ride saves her life and a lucky few, but not from death itself — which seeks out those who escaped their fate.",/p7ARuNKUGPGvkBiDtIDvAzYzonX.jpg,/nSV1NIAK0Sp5dM1oiobtqbJ8Jrv.jpg,2006-02-09,6.149,4515,"['Horror', 'Mystery']",25000000,118890272,92,medium
72545,tt1397514,Journey 2: The Mysterious Island,Believe the Impossible. Discover the Incredible.,"Sean Anderson partners with his mom's boyfriend on a mission to find his grandfather, who is thought to be missing on a mythical island.",/uFm2vnp9LhHx5MNo1Ego6O3vUhl.jpg,/fZvAroq9Vb5hhyKT6TxsjxJW7nm.jpg,2012-01-19,6.146,4477,"['Adventure', 'Action', 'Science Fiction']",79000000,355692760,94,medium
1996,tt0325703,Lara Croft: Tomb Raider - The Cradle of Life,The lady returns.,"Off the coast of the volcanic island of Santorini, the intrepid archaeologist Lara Croft makes the unexpected discovery of a pulsating golden orb able to guide its holder to the mythical Pandora's Box. As the legendary artifact contains ancient mysteries of unfathomable power - said to contain one of the deadliest plagues on Earth, Lara is tasked by MI6 to make sure it doesn't fall into the wrong hands. With the aid of former Marine turned mercenary Terry Sheridan, she travels the world in pursuit of the precious item in a race against time; she must beat the unscrupulous Nobel Prize-winning scientist turned bioterrorist, Jonathan Reiss, to it.",/ylIEGeAr2ygSClK4FDj9mi2Ah22.jpg,/lyCPWvJJSLgUo62USdnvqOVJfGi.jpg,2003-07-21,5.757,4477,"['Adventure', 'Action', 'Fantasy']",95000000,160099222,117,medium
4327,tt0160127,Charlie's Angels,Get some action.,"The captivating crime-fighting trio who are masters of disguise, espionage and martial arts are back! When a devious mastermind embroils them in a plot to destroy individual privacy, the Angels, aided by their loyal sidekick Bosley, set out to bring down the bad guys. But when a terrible secret is revealed, it makes the Angels targets for assassination.",/iHTmZs0BmkwMCYi8rhvMWC5G4EM.jpg,/oq3IOr7QvEmei0eXsXacqaMPqlV.jpg,2000-11-02,5.852,4475,"['Action', 'Comedy', 'Adventure']",92000000,264105545,98,medium
57165,tt1646987,Wrath of the Titans,Feel the Wrath.,"Perseus tries to live a quieter life as a village fisherman while – dangerously weakened by humanity's lack of devotion – the gods are losing control of the long-imprisoned Titans and their ferocious leader, Kronos.",/b9n2R3xZWQ8MVZgndQoV34stS0h.jpg,/hYY4k0346KtwskCrgmC4C4HGSnj.jpg,2012-03-28,5.8,4473,"['Fantasy', 'Adventure', 'Action']",150000000,301970083,99,medium
116741,tt2234155,The Internship,Hiring them was a brilliant mistake.,Two recently laid-off men in their 40s try to make it as interns at a successful Internet company where their managers are in their 20s.,/hIh3ZgsZ31nbUAGn5SKIZGKiKCX.jpg,/kms4PhWfP1Q2jidPLOf26qm0paJ.jpg,2013-06-07,6.238,4450,['Comedy'],58000000,93500000,119,medium
4256,tt0306047,Scary Movie 3,Great trilogies come in threes.,"In the third installment of the Scary Movie franchise, news anchorwoman Cindy Campbell has to investigate mysterious crop circles and killing video tapes, and help the President stop an alien invasion in the process.",/lpNG1nx67rvYze1b1R9q0YoSzrC.jpg,/nF74HKjNe7X54XMcIc7ulK5InxR.jpg,2003-10-24,5.963,4426,['Comedy'],45000000,220673217,84,medium
224141,tt2180411,Into the Woods,Be careful what you wish for...,"In a woods filled with magic and fairy tale characters, a baker and his wife set out to end the curse put on them by their neighbor, a spiteful witch.",/6bZC6KGfCwTMmwXmrLJQhxuRjlT.jpg,/qF938YRj7RoYkjwOsXFDNYf907J.jpg,2014-12-24,5.76,4390,"['Fantasy', 'Comedy']",50000000,212902372,125,medium
132232,tt2023587,Mama,A mother's love is forever.,"Guillermo del Toro presents Mama, a supernatural thriller that tells the haunting tale of two little girls who disappeared into the woods the day that their parents were killed. When they are rescued years later and begin a new life, they find that someone or something still wants to come tuck them in at night.",/eo8BhR8Q5STmWE9sMLsEPagxmy6.jpg,/cu3uaBqPORcfpKQWaIjA1GJbvEg.jpg,2013-01-17,6.289,4383,['Horror'],15000000,146428180,100,medium
356305,tt4501244,Why Him?,Of all the guys his daughter could have chosen...,A dad forms a bitter rivalry with his daughter's young rich boyfriend.,/eezFoKz7bXgdbjeieeCYJFXPKSu.jpg,/zKwpFXBoZa3DZXIctZPpcWJBAmh.jpg,2016-12-22,6.38,4379,['Comedy'],38000000,118102725,111,medium
869,tt0133152,Planet of the Apes,,"After a spectacular crash-landing on an uncharted planet, brash astronaut Leo Davidson finds himself trapped in a savage world where talking apes dominate the human race. Desperate to find a way home, Leo must evade the invincible gorilla army led by Ruthless General Thade.",/3ZWsuP5rExMSji7erxnb1P5SK6F.jpg,/1N0MYYFvYwpM5fi3mjw4150ReoR.jpg,2001-07-26,5.767,4378,"['Thriller', 'Science Fiction', 'Action', 'Adventure']",100000000,362211740,120,medium
87421,tt1411250,Riddick,Survival Is His Revenge,"Betrayed by his own kind and left for dead on a desolate planet, Riddick fights for survival against alien predators and becomes more powerful and dangerous than ever before. Soon bounty hunters from throughout the galaxy descend on Riddick only to find themselves pawns in his greater scheme for revenge. With his enemies right where he wants them, Riddick unleashes a vicious attack of vengeance before returning to his home planet of Furya to save it from destruction.",/pUul9pGWOKT7X0smkTvsIEIQxcP.jpg,/naGU49u4BXynQ1o5L755pfs8dom.jpg,2013-09-02,6.341,4367,"['Science Fiction', 'Action', 'Thriller']",38000000,98337295,119,medium
188161,tt2557490,A Million Ways to Die in the West,Bring protection.,"As a cowardly farmer begins to fall for the mysterious new woman in town, he must put his new-found courage to the test when her husband, a notorious gun-slinger, announces his arrival.",/n9SicwnoNGWBwE75le27sUhCLMm.jpg,/5ZDM988DfYLFPBqy4CNvQ9AXnp4.jpg,2014-05-22,6.053,4366,"['Comedy', 'Western']",40000000,86400000,116,medium
227159,tt2170439,Horrible Bosses 2,New crime. Same tools.,"Dale, Kurt and Nick decide to start their own business but things don't go as planned because of a slick investor, prompting the trio to pull off a harebrained and misguided kidnapping scheme.",/boBOkwIqgrs8noxBUSDkkicKa4K.jpg,/5CUtGZASj2UqomudRG1RZOt5QbG.jpg,2014-11-12,6.175,4364,['Comedy'],42000000,107645357,108,medium
503736,tt0993840,Army of the Dead,Survivors take all.,"Following a zombie outbreak in Las Vegas, a group of mercenaries take the ultimate gamble: venturing into the quarantine zone to pull off the greatest heist ever attempted.",/gCIsRxzcxvmuLYeAvWgoOuSxszF.jpg,/c0izdYdnTe4uMRifHgvTA85wPz0.jpg,2021-05-14,6.209,4358,"['Crime', 'Action', 'Horror']",90000000,190700000,148,medium
8273,tt0328828,American Wedding,Forever hold your piece.,"With high school a distant memory, Jim and Michelle are getting married — and in a hurry, since Jim's grandmother is sick and wants to see him walk down the aisle — prompting Stifler to throw the ultimate bachelor party. And Jim's dad is reliable as ever, doling out advice no one wants to hear.",/pCO3lJv2PzPkJty29APxCVSjyoE.jpg,/qW703anWHFXulRTKWOckAg9i70K.jpg,2003-08-01,6.218,4359,"['Comedy', 'Romance']",55000000,231449203,103,medium
3981,tt0207201,What Women Want,He has the power to hear everything women are thinking. Finally... a man is listening.,"Advertising executive Nick Marshall is as cocky as they come, but what happens to a chauvinistic guy when he can suddenly hear what women are thinking? Nick gets passed over for a promotion, but after an accident enables him to hear women's thoughts, he puts his newfound talent to work against Darcy, his new boss, who seems to be infatuated with him.",/eqkBEMDk1316Yx5wVoabWY07JAi.jpg,/xXHtSqFx8mLjzNGX9oCKQEx2yTa.jpg,2000-12-15,6.449,4339,"['Comedy', 'Romance']",70000000,374100000,127,medium
205584,tt2404233,Gods of Egypt,The battle for eternity begins,A common thief joins a mythical god on a quest through Egypt.,/hzH7fwaTyQNITLo40Hu3R7cVMqv.jpg,/pl2zr5efo9Dz1fi2gpsslGwEQm.jpg,2016-02-25,5.69,4321,"['Action', 'Adventure', 'Fantasy']",140000000,150680864,127,medium
52520,tt1496025,Underworld: Awakening,Vengeance Returns,"Having escaped years of imprisonment, vampire warrioress Selene finds herself in a changed world where humans have discovered the existence of both Vampire and Lycan clans and are conducting an all-out war to eradicate both immortal species. Now Selene must battle the humans and a frightening new breed of super Lycans to ensure the death dealers' survival.",/jN0uuc8U6M3sTg9zEaliJV60Stf.jpg,/wJJJS5ey53DqJ3cTuu7GFJsRsWu.jpg,2012-01-19,6.334,4320,"['Fantasy', 'Action', 'Horror']",70000000,160112671,88,medium
184315,tt1267297,Hercules,"Before he was a legend, he was a man.","When a new enemy threatens the innocent, Hercules must lead his fearless team of warriors in a battle against overwhelming odds.",/sKNIwY6UENCJ36FvYvnBW3Vdzt7.jpg,/nl18gyzai02Tu99VkURu7kCFrR8.jpg,2014-07-23,5.8,4312,"['Action', 'Adventure']",100000000,244819862,98,medium
8698,tt0311429,The League of Extraordinary Gentlemen,The power of seven become a league of one.,"To prevent a world war from breaking out, famous characters from Victorian literature band together to do battle against a cunning villain.",/kdAuVFP63XXxnb983ry2pLCKd9S.jpg,/n3VpgjdOB1DkHSUe1DbFzV8ncpJ.jpg,2003-07-11,5.975,4311,"['Fantasy', 'Action', 'Thriller', 'Science Fiction']",78000000,179265204,110,medium
71679,tt1855325,Resident Evil: Retribution,Evil goes global,"The Umbrella Corporation’s deadly T-virus continues to ravage the Earth, transforming the global population into legions of the flesh eating Undead. The human race’s last and only hope, Alice, awakens in the heart of Umbrella’s most clandestine operations facility and unveils more of her mysterious past as she delves further into the complex. Without a safe haven, Alice continues to hunt those responsible for the outbreak; a chase that takes her from Tokyo to New York, Washington, D.C. and Moscow, culminating in a mind-blowing revelation that will force her to rethink everything that she once thought to be true. Aided by new found allies and familiar friends, Alice must fight to survive long enough to escape a hostile world on the brink of oblivion. The countdown has begun.",/ohdUDWVlcbuWphaLu6wS91xdJ73.jpg,/mLgFebdy051NX1vfFrpuUPRQHgg.jpg,2012-09-12,5.8,4277,"['Action', 'Horror', 'Science Fiction']",65000000,240159255,95,medium
36648,tt0359013,Blade: Trinity,The final hunt begins.,"For years, Blade has fought against the vampires in the cover of the night. But now, after falling into the crosshairs of the FBI, he is forced out into the daylight, where he is driven to join forces with a clan of human vampire hunters he never knew existed—The Nightstalkers. Together with Abigail and Hannibal, two deftly trained Nightstalkers, Blade follows a trail of blood to the ancient creature that is also hunting him—the original vampire, Dracula.",/6f7iXvPOnf83MaLB1JmPzUor1rr.jpg,/63eAFgJtN6ZTyFFzlAOoZLhlYqc.jpg,2004-12-08,5.857,4265,"['Action', 'Horror', 'Science Fiction']",65000000,128905366,113,medium
49524,tt0790736,R.I.P.D.,To protect and serve the living.,A recently slain cop joins a team of undead police officers working for the Rest in Peace Department and tries to find the man who murdered him.,/rS0kByPD4YF8pQ85KjzMdGiu7Xf.jpg,/6KJcFFE1iBPC0Xj0iPCcmMvS5WK.jpg,2013-07-18,5.854,4254,"['Fantasy', 'Action', 'Comedy']",130000000,61600000,96,medium
376659,tt4651520,Bad Moms,Party like a mother.,"When three overworked and under-appreciated moms are pushed beyond their limits, they ditch their conventional responsibilities for a jolt of long overdue freedom, fun, and comedic self-indulgence.",/u9q10ljhkLj0tNCjlVqe3DCjoU4.jpg,/zci26eN6YKEg9gPLUp3wB5eqcEx.jpg,2016-07-28,6.487,4241,['Comedy'],20000000,183936074,100,medium
4964,tt0478311,Knocked Up,Save the due date.,"A slacker and a career-driven woman accidentally conceive a child after a one-night stand. As they try to make the relationship work, they must navigate the challenges of parenthood and their differences in lifestyle and maturity.",/b4OaXw2MW97VvIiZE0Sbn1NfxSh.jpg,/8uNx4YtClqB9duM4n6jOx8vWvvl.jpg,2007-06-01,6.305,4224,"['Comedy', 'Romance', 'Drama']",30000000,219900000,129,medium
8920,tt0356634,Garfield,It’s his world… we just live in it.,"Garfield, the fat, lazy, lasagna lover, has everything a cat could want. But when Jon, in an effort to impress the Liz - the vet and an old high-school crush - adopts a dog named Odie and brings him home, Garfield gets the one thing he doesn't want. Competition.",/vqwTSWNLyH55g8kBT61s2DgNYEp.jpg,/r8Vk1PJ7eDwRKDZJOS4AKC7puK3.jpg,2004-06-10,5.728,4216,"['Comedy', 'Family']",50000000,200800000,80,medium
82682,tt1321870,Gangster Squad,No names. No badges. No mercy.,"Los Angeles, 1949. Ruthless, Brooklyn-born mob king Mickey Cohen runs the show in this town, reaping the ill-gotten gains from the drugs, the guns, the prostitutes and — if he has his way — every wire bet placed west of Chicago. And he does it all with the protection of not only his own paid goons, but also the police and the politicians who are under his control. It’s enough to intimidate even the bravest, street-hardened cop… except, perhaps, for the small, secret crew of LAPD outsiders led by Sgt. John O’Mara and Jerry Wooters who come together to try to tear Cohen’s world apart.",/wAuQNTBFBu2yXZsX6yLhUPiwTlW.jpg,/cdd4S09XxLLvp6IRN4PQamPAXL6.jpg,2013-01-09,6.379,4215,"['Crime', 'Drama', 'Action', 'Thriller']",60000000,105200000,113,medium
442249,tt6133466,The First Purge,Witness the birth of an American tradition.,"To push the crime rate below one percent for the rest of the year, the New Founding Fathers of America test a sociological theory that vents aggression for one night in one isolated community. But when the violence of oppressors meets the rage of the others, the contagion will explode from the trial-city borders and spread across the nation.",/litjsBoiydO6JlO70uOX4N3WnNL.jpg,/r4clWIxKeWoqrHspQP0XunuUmB7.jpg,2018-07-04,5.999,4199,"['Action', 'Horror', 'Thriller']",13000000,137056262,97,medium
460019,tt6772950,Truth or Dare,"First you play the game, then the game plays you.","A harmless game of ""Truth or Dare"" among friends turns deadly when someone—or something—begins to punish those who tell a lie—or refuse the dare.",/ei2waWQAG8NP244WShIFgGu9IOu.jpg,/eQ5xu2pQ5Kergubto5PbbUzey28.jpg,2018-04-12,5.938,4196,"['Thriller', 'Horror']",3500000,95330493,101,medium
19994,tt1131734,Jennifer's Body,She's evil... and not just high school evil.,"Jennifer, a gorgeous, seductive cheerleader takes evil to a whole new level after she's possessed by a sinister demon. Now it's up to her best friend to stop Jennifer's reign of terror before it's too late.",/wrkjsGcFJxcQqR56kJUYAEKKg2T.jpg,/rNvn89IcEJPqRKxIgwTAPXl9qjJ.jpg,2009-09-18,5.991,4184,"['Horror', 'Comedy']",16000000,31556061,107,medium
35791,tt1220634,Resident Evil: Afterlife,Experience a new dimension of evil,"In a world ravaged by a virus infection, turning its victims into the Undead, Alice continues on her journey to find survivors and lead them to safety. Her deadly battle with the Umbrella Corporation reaches new heights, but Alice gets some unexpected help from an old friend. A new lead that promises a safe haven from the Undead takes them to Los Angeles, but when they arrive the city is overrun by thousands of Undead - and Alice and her comrades are about to step into a deadly trap.",/nYPc4sJdCZLY7YFYUmqXXYt3luH.jpg,/8AvzydMm6vKICPOUuUG2KIW2on.jpg,2010-09-01,6.1,4155,"['Action', 'Adventure', 'Horror', 'Science Fiction']",60000000,300228084,97,medium
340837,tt4731136,A Cure for Wellness,All of us are human. None of us are immune.,"An ambitious young executive is sent to retrieve his company's CEO from an idyllic but mysterious ""wellness center"" at a remote location in the Swiss Alps but soon suspects that the spa's miraculous treatments are not what they seem.",/8QWJtne0pTsNoJ86KE993aQYTLW.jpg,/uXx9wjfJEzLlfqB8GW67SYBrhVT.jpg,2017-02-15,6.4,4149,"['Horror', 'Mystery', 'Science Fiction']",40000000,26620002,146,medium
505026,tt7657566,Death on the Nile,Murder was just the beginning.,Belgian sleuth Hercule Poirot's Egyptian vacation aboard a glamorous river steamer turns into a terrifying search for a murderer when a picture-perfect couple's idyllic honeymoon is tragically cut short.,/kVr5zIAFSPRQ57Y1zE7KzmhzdMQ.jpg,/lRbDyjI7HEaXxflFQbYpqHRGFBJ.jpg,2022-02-09,6.4,4138,"['Mystery', 'Crime', 'Thriller']",90000000,137307235,127,medium
41446,tt1262416,Scream 4,New decade. New rules.,"Fifteen years after the original Woodsboro murders, Sidney Prescott returns home to promote her new book about surviving trauma, only for a new Ghostface killer to emerge, targeting a new group of teens.",/g0YcSd5QpgGXOjg9tl0if0soOkE.jpg,/c5EmNhLQsTTKAyUHULnKYQjlloz.jpg,2011-04-13,6.48,4129,"['Horror', 'Mystery']",40000000,97231420,111,medium
189,tt0458481,Sin City: A Dame to Kill For,Walk down the right back alley in Sin City and you can find anything...,Some of Sin City's most hard-boiled citizens cross paths with a few of its more reviled inhabitants.,/50kALxDX4mmzIRljbNbPY0u4cie.jpg,/rxMnmklIpunsNsRkQ7hw61ZJa84.jpg,2014-08-20,6.403,4125,"['Action', 'Crime', 'Thriller']",65000000,39407616,102,medium
9982,tt0371606,Chicken Little,The end is near.,"When the sky really is falling and sanity has flown the coop, who will rise to save the day? Together with his hysterical band of misfit friends, Chicken Little must hatch a plan to save the planet from alien invasion and prove that the world's biggest hero is a little chicken.",/87FpA4b90eTaw3U6zmCNikoPLir.jpg,/h5Bwxe6dTVFtAFkybkd1EAB4yUW.jpg,2005-11-04,5.9,4121,"['Animation', 'Family', 'Comedy']",150000000,314400000,81,medium
64686,tt1335975,47 Ronin,For courage. For loyalty. For honor.,"Kai—an outcast—joins Oishi, the leader of 47 outcast samurai.  Together they seek vengeance upon the treacherous overlord who killed their master and banished their kind.  To restore honour to their homeland, the warriors embark upon a quest that challenges them with a series of trials that would destroy ordinary warriors.",/xDHnmcroujCRG0ysYQaiswjbyHd.jpg,/nyt0jlofZyjhRqiQkEp0cdoKaS3.jpg,2013-12-06,6.203,4104,"['Drama', 'Action', 'Fantasy']",175000000,151783839,119,medium
345911,tt4786282,Lights Out,You were right to be afraid of the dark.,"Rebecca must unlock the terror behind her little brother's experiences that once tested her sanity, bringing her face to face with a supernatural spirit attached to their mother.",/8BnElzAQQpp7ZgdJJiAe1diomr4.jpg,/xxyAStrE7vVeKto3dGDAKAZRM68.jpg,2016-07-21,6.4,4091,['Horror'],4900000,149368835,81,medium
10483,tt0452608,Death Race,Get ready for a killer ride.,"Terminal Island, New York: 2020. Overcrowding in the US penal system has reached a breaking point. Prisons have been turned over to a monolithic Weyland Corporation, which sees jails full of thugs as an opportunity for televised sport. Adrenalized inmates, a global audience hungry for violence and a spectacular, enclosed arena come together to form the 'Death Race', the biggest, most brutal event.",/5A79GeOb3uChQ0l0ZDjDyODKQp3.jpg,/5mbFEJStH59cNFcF7VkRgsSxMqK.jpg,2008-08-22,6.295,4088,"['Action', 'Thriller', 'Science Fiction']",45000000,76000000,105,medium
663,tt0890870,Saw IV,You thought it was over...but the games have just begun.,"Despite Jigsaw's death, and in order to save the lives of two of his colleagues, Lieutenant Rigg is forced to take part in a new game, which promises to test him to the limit.",/ku1QdCXOU4ckz3zxLLlis8MIJVm.jpg,/3lrNJ5jNqKq9UpQrXo8FNFzyoE4.jpg,2007-10-25,6.164,4067,"['Horror', 'Thriller', 'Crime']",10000000,139352653,93,medium
11619,tt0424095,Flushed Away,Someone's going down,"London high-society mouse, Roddy is flushed down the toilet by Sid, a common sewer rat. Hang on for a madcap adventure deep in the sewer bowels of Ratropolis, where Roddy meets the resourceful Rita, the rodent-hating Toad and his faithful thugs, Spike and Whitey.",/kgoZI4xh38RrEYEPVib6a12UPLn.jpg,/7xQk3HdCvkNmk3gblDGn9fVnbsT.jpg,2006-10-22,6.315,4061,"['Adventure', 'Animation', 'Comedy', 'Family']",149000000,178120010,85,medium
72710,tt1517260,The Host,Choose to believe. Choose to fight. Choose to love.,"A parasitic alien soul is injected into the body of Melanie Stryder. Instead of carrying out her race's mission of taking over the Earth, ""Wanda"" (as she comes to be called) forms a bond with her host and sets out to aid other free humans.",/1mfIZw6WgkCX310eoe0Ys14c3Fi.jpg,/1bDa2d9VqqBQlk42Gduu37Rz1ob.jpg,2013-03-22,6.284,4059,"['Action', 'Adventure', 'Science Fiction']",44000000,63300000,126,medium
16871,tt1127180,Drag Me to Hell,"Christine Brown has a good job, a great boyfriend, and a bright future. But in three days, she's going to hell.","After denying a woman the extension she needs to keep her home, loan officer Christine Brown sees her once-promising life take a startling turn for the worse. Christine is convinced she's been cursed by a Gypsy, but her boyfriend is skeptical. Her only hope seems to lie in a psychic who claims he can help her lift the curse and keep her soul from being dragged straight to hell.",/fdyejM5Zd6dsa0YyWa02ZAKwQzK.jpg,/3tvwsRSIDgwJuaGdh67XZ942UMy.jpg,2009-05-27,6.475,4047,"['Horror', 'Thriller']",30000000,91388487,99,medium
55779,tt1622979,Final Destination 5,Death has never been closer.,"Death is just as omnipresent as ever, and is unleashed after one man’s premonition saves a group of coworkers from a terrifying suspension bridge collapse. But this group of unsuspecting souls was never supposed to survive, and, in a terrifying race against time, the ill-fated group frantically tries to discover a way to escape Death’s sinister agenda.",/Akx1Po4ZLetOWfYJhQf75tbhTtK.jpg,/5cG2XcylxUIclQsGPBKTtfoqcBV.jpg,2011-08-12,6.15,4037,"['Horror', 'Mystery']",40000000,157887643,91,medium
10661,tt0960144,You Don't Mess with the Zohan,Lather. Rinse. Save the world.,An Israeli counterterrorism soldier with a secretly fabulous ambition to become a Manhattan hairstylist. Zohan's desire runs so deep that he'll do anything -- including faking his own death and going head-to-head with an Arab cab driver -- to make his dreams come true.,/gBhLQmpCPoKFMCGsulMbIFzrBID.jpg,/tfUotS2rLaIu7ieJPDonyDn5EqQ.jpg,2008-06-05,5.715,4031,"['Comedy', 'Action']",90000000,204313400,113,medium
4234,tt0134084,Scream 3,The most terrifying scream is always the last.,"As bodies begin dropping around the Hollywood set of STAB 3, the third film based on the gruesome Woodsboro killings, Sidney and other survivors are once again terrorized by another Ghostface killer.",/qpH8ToZVlFD1bakL04LkEKodyDI.jpg,/AbFWty0o5nKGo4iLJaGRgqFtC8W.jpg,2000-02-04,6.007,3997,"['Horror', 'Mystery']",40000000,161838076,116,medium
270487,tt0475290,"Hail, Caesar!",Lights. Camera. Abduction.,"When a Hollywood star mysteriously disappears in the middle of filming, the studio sends their fixer to get him back.",/ozY79UvbYvJUWFg2UCM1CDQ7rBl.jpg,/sWhQYFdNdXumL1RvwGQdIcj3Vkl.jpg,2016-02-05,5.94,3981,"['Comedy', 'Crime', 'Drama', 'Mystery', 'History']",22000000,63647656,106,medium
41513,tt0472181,The Smurfs,Smurf happens.,"When the evil wizard Gargamel chases the tiny blue Smurfs out of their village, they tumble from their magical world and into ours -- in fact, smack dab in the middle of Central Park. Just three apples high and stuck in the Big Apple, the Smurfs must find a way to get back to their village before Gargamel tracks them down.",/vRhnslP2gW0QDym7BsMeSuioUfK.jpg,/iYLimHUF0C0R61v1ofg79SUIja9.jpg,2011-07-29,5.759,3979,"['Animation', 'Family', 'Adventure', 'Comedy', 'Fantasy']",110000000,563749323,103,medium
257445,tt1051904,Goosebumps,"Viewer beware, you're in for a scare.","After moving to a small town, Zach Cooper finds a silver lining when he meets next door neighbor Hannah, the daughter of bestselling Goosebumps series author R.L. Stine. When Zach unintentionally unleashes real monsters from their manuscripts and they begin to terrorize the town, it’s suddenly up to Stine, Zach and Hannah to get all of them back in the books where they belong.",/aeZT9pqEgrmXOGdESFkAuVjX6kw.jpg,/lHnLmg16r6VvMV7cKpFxjwdG8m2.jpg,2015-08-05,6.309,3962,"['Adventure', 'Horror', 'Comedy']",58000000,158952243,103,medium
296099,tt1524930,Vacation,What could go wrong?,"Hoping to bring his family closer together and to recreate his childhood vacation for his own kids, a grown up Rusty Griswold takes his wife and their two sons on a cross-country road trip to the coolest theme park in America, Walley World. Needless to say, things don't go quite as planned.",/fYDALvoCt3DBlSWN6pSAnGQ9ld7.jpg,/6y5ALiAai1JbLRb7ZlydNwEPu5a.jpg,2015-07-28,6.306,3951,"['Comedy', 'Adventure']",31000000,104400000,99,medium
153518,tt1985949,The Angry Birds Movie,"They came in peace, they left in chaos.","An island populated entirely by happy, flightless birds or almost entirely. In this paradise, Red, a bird with a temper problem, speedy Chuck, and the volatile Bomb have always been outsiders. But when the island is visited by mysterious green piggies, it’s up to these unlikely outcasts to figure out what the pigs are up to.",/iOH0fEFtV9z9rZp9zmBFGGeWicv.jpg,/l9jEItb8GRyhZfny92QeqpCeOu.jpg,2016-05-11,6.257,3948,"['Animation', 'Adventure', 'Comedy', 'Family']",73000000,349779543,97,medium
752623,tt13320622,The Lost City,The adventure is real. The heroes are not.,"Reclusive author Loretta Sage writes about exotic places in her popular adventure novels that feature a handsome cover model named Alan. While on tour promoting her new book with Alan, Loretta gets kidnapped by an eccentric billionaire who hopes she can lead him to the ancient city's lost treasure that featured in her latest story. Alan, determined to prove he can be a hero in real life and not just on the pages of her books, sets off to rescue her.",/rnheO8cFvCYcmZsDrBoabJbKLFE.jpg,/1Ds7xy7ILo8u2WWxdnkJth1jQVT.jpg,2022-03-23,6.464,3943,"['Action', 'Adventure', 'Comedy']",74000000,192907684,112,medium
321258,tt3882082,The Boy,Every child needs to feel loved.,"A young American woman takes a job as a nanny in a remote English village, soon discovering that the family's eight-year-old son is a life-sized doll that comes with a list of strict rules.",/kW2vgzhyWXQu5UxNzebPokipBqH.jpg,/mRUW8rmpCS2kH22eihPbbMIbFxU.jpg,2016-01-22,5.973,3930,"['Horror', 'Mystery', 'Thriller']",10000000,73929392,98,medium
298250,tt3348730,Jigsaw,The game continues.,"Law enforcement finds itself chasing the ghost of a man dead for over a decade, embroiled in a diabolical new game that's only just begun.",/7RwHxhdUNS996JPFNB9a7CJtlwR.jpg,/ucLGZ3zBRFDhdlRNhvXdkjXkNyd.jpg,2017-10-25,6.216,3926,"['Horror', 'Mystery']",10000000,104223315,91,medium
82520,tt1677082,Return,,"Back from a tour of duty, Kelli struggles to find her place in her family and the rust-belt town she no longer recognizes.",/xAuR564U2njKKcXSbfbq36rZLeA.jpg,/dJ52jV7HlJ9hB8kdBOnj01DllBA.jpg,2011-02-10,6.436,3923,['Drama'],0,8801,97,medium
615656,tt9224104,Meg 2: The Trench,Back for seconds.,An exploratory dive into the deepest depths of the ocean of a daring research team spirals into chaos when a malevolent mining operation threatens their mission and forces them into a high-stakes battle for survival.,/4m1Au3YkjqsxF8iwQy0fPYSxE0h.jpg,/zN41DPmPhwmgJjHwezALdrdvD0h.jpg,2023-08-02,6.378,3917,"['Action', 'Science Fiction', 'Horror']",129000000,398500317,116,medium
346672,tt3717252,Underworld: Blood Wars,Protect the Bloodline,"Vampire death dealer Selene fends off brutal attacks from both the Lycan clan and the Vampire faction that betrayed her. With her only allies, David and his father Thomas, she must stop the eternal war between Lycans and Vampires, even if it means she has to make the ultimate sacrifice.",/v1ciDCWMG47gdT4kMyjyQbnLQQn.jpg,/b5QnSrjDRHUFg3hpjmwBwsJfzyP.jpg,2016-11-24,5.914,3911,"['Fantasy', 'Action', 'Thriller', 'Science Fiction', 'Horror']",35000000,81093313,91,medium
9335,tt0388482,Transporter 2,The best in the business is back in the game.,"Professional driver, and former Special Forces officer, Frank Martin is living in Miami, where he is temporarily filling in for a friend as the chauffeur for a government narcotics control policy director and his family. The young boy in the family is targeted for kidnapping, and Frank immediately becomes involved in protecting the child and exposing the kidnappers.",/cdm17vK8PxHfTi7ayZf6WKbOgUO.jpg,/lbs1ood36hzj0O0cqW2a8MqptOh.jpg,2005-08-03,6.327,3907,"['Action', 'Thriller', 'Crime']",32000000,89100000,88,medium
1690,tt0450278,Hostel,Welcome to your worst nightmare.,"Three backpackers head to a Slovakian city that promises to meet their hedonistic expectations, with no idea of the hell that awaits them.",/dDrtuWUKhgUGp12kgUWuP0NpTdF.jpg,/dF6GNQ0TnZkr1t4wBt36Xc0Pccd.jpg,2006-01-06,5.954,3905,['Horror'],4800000,81979826,94,medium
343674,tt3748172,Gerald's Game,Some games you play. Some you survive.,"When her husband's sex game goes wrong, Jessie (who is handcuffed to a bed in a remote lake house) faces warped visions, dark secrets and a dire choice.",/32dippiypDdaKv7XFEfUlQ7kPup.jpg,/t9HChjSJi8B1PXSVh5Ec3pcDsAM.jpg,2017-09-29,6.398,3899,"['Horror', 'Thriller']",0,0,104,medium
8965,tt0344864,Atlantis: Milo's Return,The all-new adventures,Milo and Kida reunite with their friends to investigate strange occurances around the world that seem to have links to the secrets of Atlantis.,/hyAbWGld5WLdrmUB9OHyewcJQGL.jpg,/GDTwA5FBvVUOjCGKoNDMflbs3Z.jpg,2003-02-25,6.3,3890,"['Fantasy', 'Animation', 'Science Fiction', 'Family', 'Action']",0,0,80,medium
59961,tt1599348,Safe House,No one is safe,"A dangerous CIA renegade resurfaces after a decade on the run. When the safe house he's remanded to is attacked by mercenaries, a rookie operative escapes with him. Now, the unlikely allies must stay alive long enough to uncover who wants them dead.",/7CBhSjQa07LYt0RGejYjWugGmdV.jpg,/kXRskNzFiTxi5xwsM6hDmOTGae7.jpg,2012-02-08,6.489,3887,"['Action', 'Thriller']",85000000,208076205,115,medium
419479,tt4225622,The Babysitter,Dream girls can be a nightmare.,"When Cole stays up past his bedtime, he discovers that his hot babysitter is part of a Satanic cult that will stop at nothing to keep him quiet.",/uAzKNxGnbK5SL7VF7UeQyZdQLHV.jpg,/wNW576H4HtGy3kQHDeI4x8uHEZ3.jpg,2017-10-13,6.178,3865,"['Comedy', 'Horror']",0,0,85,medium
19912,tt1144884,The Final Destination,Rest in pieces.,A horrifying premonition saves a young man and his friends from death during a racetrack accident but terrible fates await them nonetheless.,/5vxXrr1MqGsT4NNeRITpfDnl4Rq.jpg,/vMaKc5PwdKIIBt5q7JQjfgyESYT.jpg,2009-08-26,5.613,3859,"['Horror', 'Mystery']",40000000,187384627,82,medium
36669,tt0246460,Die Another Day,He's never been cooler.,"James Bond is sent to investigate the connection between a North Korean terrorist and a diamond mogul, who is funding the development of an international space weapon.",/bZmGqOhMhaLn8AoFMvFDct4tbrL.jpg,/ibJEhfV4CudcL3iaUgvhkBrfMCO.jpg,2002-11-17,6.0,3845,"['Adventure', 'Action', 'Thriller']",142000000,431971116,133,medium
11665,tt0425061,Get Smart,Saving the world...and loving it.,"When members of the nefarious crime syndicate KAOS attack the U.S. spy agency Control and the identities of secret agents are compromised, the Chief has to promote hapless but eager analyst Maxwell Smart to field agent. He is partnered with veteran and capable Agent 99, the only spy whose cover remains intact. Can they work together to thwart the evil world-domination plans of KAOS and its crafty operative?",/sZUjbtUS8qxXp4mj90evnqPJqX7.jpg,/AfqYmTA3JUsyrFAVHoFyjyjG3Vl.jpg,2008-06-19,6.208,3840,"['Action', 'Comedy', 'Thriller']",80000000,230685453,110,medium
274854,tt1618442,The Last Witch Hunter,Live forever. Hunt forever.,"The modern world holds many secrets, but by far the most astounding is that witches still live among us; vicious supernatural creatures intent on unleashing the Black Death upon the world and putting an end to the human race once and for all. Armies of witch hunters have battled this unnatural enemy for centuries, including Kaulder, a valiant warrior who many years ago slayed the all-powerful Witch Queen, decimating her followers in the process. In the moments right before her death, the Queen cursed Kaulder with immortality, forever separating him from his beloved wife and daughter. Today, Kaulder is the last living hunter who has spent his immortal life tracking down rogue witches, all the while yearning for his long-lost family.",/dS9YdnJkxtKE2PKCSsxTaO7Jpf5.jpg,/mXmvN6drkdU1PWFF92AGklEVIa3.jpg,2015-10-21,6.009,3820,"['Action', 'Adventure', 'Fantasy']",90000000,146936910,106,medium
521029,tt8350360,Annabelle Comes Home,Possess them all.,"Determined to keep Annabelle from wreaking more havoc, demonologists Ed and Lorraine Warren bring the possessed doll to the locked artifacts room in their home, placing her “safely” behind sacred glass and enlisting a priest’s holy blessing. But an unholy night of horror awaits as Annabelle awakens the evil spirits in the room, who all set their sights on a new target—the Warrens' ten-year-old daughter, Judy, and her friends.",/qWsHMrbg9DsBY3bCMk9jyYCRVRs.jpg,/jB98SrdXAYSbiprjIwc7WfVCuCV.jpg,2019-06-26,6.4,3809,['Horror'],27000000,231252591,106,medium
152760,tt2177771,The Monuments Men,It was the greatest art heist in history,"Based on the true story of the greatest treasure hunt in history, The Monuments Men is an action drama focusing on seven over-the-hill, out-of-shape museum directors, artists, architects, curators, and art historians who went to the front lines of WWII to rescue the world’s artistic masterpieces from Nazi thieves and return them to their rightful owners.  With the art hidden behind enemy lines, how could these guys hope to succeed?",/wiWAg4mKV2S4vImPxsPRIdj2R2B.jpg,/vsLrBh3MALRGRB1pMErDQQz3l3c.jpg,2014-01-24,6.058,3786,"['War', 'Drama', 'History', 'Action']",70000000,154984035,118,medium
9472,tt0364725,DodgeBall: A True Underdog Story,Grab life by the ball.,"When megalomaniacal White Goodman, the owner of a trendy, high-end fitness center, makes a move to take over the struggling local gym run by happy-go-lucky Pete La Fleur, there's only one way for La Fleur to fight back: dodgeball. Aided by a dodgeball guru and Goodman's attorney, La Fleur and his rag-tag team of underdogs launch a knock-down, drag-out battle in which the winner takes all.",/r8KbNHkkwFXLjV1suGwm0Qjure5.jpg,/1nL5TJrldKI4rIj16tZTdqpdYL3.jpg,2004-06-18,6.365,3781,['Comedy'],20000000,168423227,93,medium
97370,tt1441395,Under the Skin,,A seductive stranger prowls the streets of Glasgow in search of prey: unsuspecting men who fall under her spell.,/55wmcXJIDYITr7JDijJTdvwSaAv.jpg,/eS5OdKN3kRZXQbWRSSCJ4Gh0z26.jpg,2014-03-14,6.146,3772,"['Thriller', 'Science Fiction', 'Drama']",13300000,7229933,108,medium
11917,tt1132626,Saw V,You won't believe how it ends.,"Following Jigsaw's grisly demise, Detective Mark Hoffman is commended as a hero, but Agent Strahm is suspicious, and delves into Hoffman's past. Meanwhile, another group of people are put through a series of gruesome tests.",/rKl79KqLXg60KFyKsLe4wSSjQ08.jpg,/jIjVPKDow5ai8dbs4PgWmtqg9Ol.jpg,2008-10-23,6.172,3769,"['Horror', 'Thriller', 'Crime']",10800000,118209778,95,medium
308531,tt3949660,Teenage Mutant Ninja Turtles: Out of the Shadows,Raise some shell.,"After supervillain Shredder escapes custody, he joins forces with mad scientist Baxter Stockman and two dimwitted henchmen, Bebop and Rocksteady, to unleash a diabolical plan to take over the world. As the Turtles prepare to take on Shredder and his new crew, they find themselves facing an even greater evil with similar intentions: the notorious Krang.",/euVaCiCWz3AALcQXHT6aUqdGUo6.jpg,/41objfan7PDTBG5MFXQl4ownQzJ.jpg,2016-06-01,6.0,3760,"['Action', 'Adventure', 'Comedy', 'Family', 'Science Fiction']",135000000,245623848,112,medium
9486,tt0274166,Johnny English,He knows no fear. He knows no danger. He knows nothing.,"A lowly pencil pusher working for MI7, Johnny English is suddenly promoted to super spy after Agent One is assassinated and every other agent is blown up at his funeral. When a billionaire entrepreneur sponsors the exhibition of the Crown Jewels—and the valuable gems disappear on the opening night and on English's watch—the newly-designated agent must jump into action to find the thief and recover the missing gems.",/mmzW88tnkB2MnOV3Un2F9IUxSnZ.jpg,/gtDuUEprJkTIrzcO2vFsXgdkJ0R.jpg,2003-03-14,6.292,3749,"['Adventure', 'Action', 'Comedy']",40000000,160466000,87,medium
193610,tt2203939,The Other Woman,The oddest friends are about to get even,"After discovering her boyfriend is married, Carly soon meets the wife he's been cheating on. And when yet another affair is discovered, all three women team up to plot mutual revenge on the three-timing SOB.",/yHnbb6z8REuFIyBLT2Nj3MX54dY.jpg,/w5pNa5J3PtjY0d1DbFYOoW8Ftaj.jpg,2014-04-16,6.42,3705,"['Comedy', 'Romance']",40000000,196800000,109,medium
10200,tt0970416,The Day the Earth Stood Still,We thought the Earth was ours. We were wrong.,"A representative of an alien race that went through drastic evolution to survive its own climate change, Klaatu comes to Earth to assess whether humanity can prevent the environmental damage they have inflicted on their own planet. When barred from speaking to the United Nations, he decides humankind shall be exterminated so the planet can survive.",/vBgFSYmG5tb7GsZ3tHR0WNaWaxA.jpg,/nIxFtd6gcmGGvFxyb1z3mt46CrN.jpg,2008-12-10,5.654,3704,"['Drama', 'Science Fiction', 'Thriller']",80000000,233093859,104,medium
44943,tt1217613,Battle: Los Angeles,It's not war. It's survival.,"When once distant UFOs become a terrifying threat and an alien invasion force begins attacking Earths major costal and riverside cities, a U.S Marine staff sergeant and his team are sent into battle only to find they must take it upon themselves to defeat an unknown enemy and protect what remains of Los Angeles.",/jloyGeVYZSxM9zsLFvVOWuj2ey4.jpg,/buspsNeIGOAznaYQsnGDmQLZakW.jpg,2011-03-08,5.813,3690,"['Science Fiction', 'Action']",70000000,211800000,116,medium
10054,tt0227538,Spy Kids,Real spies... only smaller,"Carmen and Juni think their parents are boring. Little do they know that in their day, Gregorio and Ingrid Cortez were the top secret agents from their respective countries. They gave up that life to raise their children. Now, the disappearances of several of their old colleagues forces the Cortez' return from retirement. What they didn't count on was Carmen and Juni joining the ""family business.""",/j3rUkHIAAoKr6jU30q3Db4fcIF9.jpg,/wfStsmeSW7MtvYhD9Ac6ETXdbmx.jpg,2001-03-18,5.817,3683,"['Family', 'Action', 'Comedy', 'Adventure', 'Science Fiction']",35000000,147934180,88,medium
456740,tt2274648,Hellboy,Demons have demons too.,"Hellboy comes to England, where he must defeat Nimue, Merlin's consort and the Blood Queen. But their battle will bring about the end of the world, a fate he desperately tries to turn away.",/bk8LyaMqUtaQ9hUShuvFznQYQKR.jpg,/djiDKVB07xTy7tDFbWb9k7KLI3E.jpg,2019-04-10,5.576,3677,"['Fantasy', 'Horror', 'Action', 'Adventure']",50000000,55065289,121,medium
340102,tt4682266,The New Mutants,There is something new to fear.,"Five young mutants, just discovering their abilities while held in a secret facility against their will, fight to escape their past sins and save themselves.",/xiDGcXJTvu1lazFRYip6g1eLt9c.jpg,/1MoeNacOltBWojkStjhT3svBTOK.jpg,2020-04-02,6.079,3677,"['Science Fiction', 'Horror', 'Action']",67000000,49169594,94,medium
5174,tt0293564,Rush Hour 3,The rush is on!,"After a botched assassination attempt, the mismatched duo finds themselves in Paris, struggling to retrieve a precious list of names, as the murderous crime syndicate's henchmen try their best to stop them. Once more, Lee and Carter must fight their way through dangerous gangsters; however, this time, the past has come back to haunt Lee. Will the boys get the job done once and for all?",/mp9CzKxLa2i7yblMXUrzVfGqsCo.jpg,/ozsLB1HRCN6ZAmJN89pWtoiAwnb.jpg,2007-08-08,6.484,3664,"['Action', 'Comedy', 'Crime']",140000000,258097122,90,medium
77950,tt1860353,Turbo,He's fast. They're furious.,The tale of an ordinary garden snail who dreams of winning the Indy 500.,/w6GdF5hcnsU5IwaRhyhnysNy5hO.jpg,/dxmp5eHarPlNyeRyuzD6oMWqTjs.jpg,2013-07-11,6.267,3648,"['Animation', 'Family']",135000000,282570682,96,medium
65086,tt1596365,The Woman in Black,What did they see?,"The story follows a young lawyer, Arthur Kipps, who is ordered to travel to a remote village and sort out a recently deceased client’s papers. As he works alone in the client’s isolated house, Kipps begins to uncover tragic secrets, his unease growing when he glimpses a mysterious woman dressed only in black. Receiving only silence from the locals, Kipps is forced to uncover the true identity of the Woman in Black on his own, leading to a desperate race against time when he discovers her true identity.",/nghQnDZE4EsQJ4J4zxR3UqItTpO.jpg,/jJ3yFKs6xeVGxtmm7GXZYQ3XAvz.jpg,2012-02-03,6.141,3640,"['Drama', 'Horror', 'Thriller']",32000000,129000000,95,medium
13387,tt1129442,Transporter 3,"This time, the rules are the same. Except one.","Frank Martin puts the driving gloves on to deliver Valentina, the kidnapped daughter of a Ukrainian government official, from Marseilles to Odessa on the Black Sea. En route, he has to contend with thugs who want to intercept Valentina's safe delivery and not let his personal feelings get in the way of his dangerous objective.",/p4R9Le2jYW2XB2QxbUeu74jJQ5D.jpg,/5yrQsEuuqc4s8t8nszLxAAGQpR2.jpg,2008-11-26,6.162,3629,"['Action', 'Thriller', 'Crime']",30000000,109000000,104,medium
512196,tt8155288,Happy Death Day 2U,Death makes a killer comeback.,"Collegian Tree Gelbman wakes up in horror to learn that she's stuck in a parallel universe. Her boyfriend Carter is now with someone else, and her friends and fellow students seem to be completely different versions of themselves. When Tree discovers that Carter's roommate has been altering time, she finds herself once again the target of a masked killer. When the psychopath starts to go after her inner circle, Tree soon realizes that she must die over and over again to save everyone.",/4tdnePOkOOzwuGPEOAHp8UA4vqx.jpg,/bU1n7bkDviEqwfKFTbjQ8BFrqEN.jpg,2019-02-13,6.323,3626,"['Comedy', 'Horror', 'Science Fiction']",9000000,64600152,100,medium
1620,tt0465494,Hitman,Most believe his very existence is a sin. But others know he is a necessary evil.,"A genetically engineered assassin with deadly aim, known only as ""Agent 47"" eliminates strategic targets for a top-secret organization. But when he's double-crossed, the hunter becomes the prey as 47 finds himself in a life-or-death game of international intrigue.",/h69UJOOKlrHcvhl5H2LY74N61DQ.jpg,/9LMIoURuLvxEVKMib4DoVVcJJ5l.jpg,2007-11-21,6.152,3619,"['Action', 'Thriller', 'Drama']",24000000,101276318,89,medium
278924,tt3522806,Mechanic: Resurrection,Four continents. Three kills... Or the love of his life is dead.,"Arthur Bishop thought he had put his murderous past behind him when his most formidable foe kidnaps the love of his life. Now he is forced to travel the globe to complete three impossible assassinations, and do what he does best, make them look like accidents.",/bG3Q6EFcngpPn7uPuQTzTuq9DgV.jpg,/3f5rBEc6ioRBO2CATDt4sKjEJnY.jpg,2016-08-25,6.0,3613,"['Action', 'Crime', 'Thriller']",40000000,125729635,99,medium
267935,tt3691740,The BFG,The world is more giant than you can imagine.,"An orphan little girl befriends a benevolent giant who takes her to Giant Country, where they attempt to stop the man-eating giants that are invading the human world.",/w17Mc2x2olB5CtewznUFxgpvne0.jpg,/tOTtJelsPKX0bvSdvDVL2ou3cGS.jpg,2016-06-01,6.3,3600,"['Adventure', 'Family', 'Fantasy']",140000000,195243411,117,medium
594767,tt10151854,Shazam! Fury of the Gods,Oh. My. Gods.,"Billy Batson and his foster siblings, who transform into superheroes by saying ""Shazam!"", are forced to get back into action and fight the Daughters of Atlas, who they must stop from using a weapon that could destroy the world.",/3GrRgt6CiLIUXUtoktcv1g2iwT5.jpg,/kQV9sV0IbastbU5FYxuYwxfMawz.jpg,2023-03-15,6.428,3598,"['Comedy', 'Action', 'Fantasy']",110000000,134221819,130,medium
280092,tt3195644,Insidious: Chapter 3,This is how you die.,"A twisted new tale of terror begins for a teenage girl and her family, and revealing more mysteries of the otherworldly realm, 'The Further'.",/iDdGfdNvY1EX0uDdA4Ru77fwMfc.jpg,/1fpwEe2GvNjAq2MN2xxdifNZLBT.jpg,2015-05-28,6.3,3580,"['Horror', 'Thriller']",10000000,120453155,97,medium
449563,tt2452244,Isn't It Romantic,None of the feels.,"For a long time, Natalie, an Australian architect living in New York City, had always believed that what she had seen in rom-coms is all fantasy. But after thwarting a mugger at a subway station only to be knocked out while fleeing, Natalie wakes up and discovers that her life has suddenly become her worst nightmare—a romantic comedy—and she is the leading lady.",/5xNBYXuv8wqiLVDhsfqCOr75DL7.jpg,/4epIlsVpzk2k1fuFS2pzurpIQTJ.jpg,2019-02-13,6.199,3577,"['Comedy', 'Fantasy', 'Romance']",31000000,48800000,88,medium
59962,tt1596350,This Means War,It's SPY Against SPY,Two top CIA operatives wage an epic battle against one another after they discover they are dating the same woman.,/7d1hwECRc1NZlGfAeYE42ki7Fem.jpg,/mBbWS0RCF0vmR1p0NI8dpThICjl.jpg,2012-02-14,6.18,3574,"['Action', 'Comedy', 'Romance']",65000000,156974557,98,medium
58233,tt1634122,Johnny English Reborn,A little intelligence goes a long way.,"The most prominent heads of state in the world begin gathering for a conference that could have a major impact on global politics. When MI-7 receives word that the Chinese premier has become the target of some high-powered killers, it falls on Johnny English to save the day. Armed with the latest high-tech weaponry and gadgets that would make even James Bond jealous, the once-disgraced agent uncovers evidence of a massive conspiracy involving some of the world's most powerful organisations, and vows to redeem his tarnished reputation by stopping the killers before they can strike.",/zDbrU0eSnRGh5gHc1iqTACTNNyT.jpg,/croOmkPszzl9p8ASq4NTYunFJ5E.jpg,2011-09-15,6.242,3550,"['Crime', 'Action', 'Comedy']",45000000,160078586,101,medium
6795,tt0406375,Zathura: A Space Adventure,Adventure is waiting.,"After their father is called into work, two young boys, Walter and Danny, are left in the care of their teenage sister, Lisa, and told they must stay inside. Walter and Danny, who anticipate a boring day, are shocked when they begin playing Zathura, a space-themed board game, which they realize has mystical powers when their house is shot into space. With the help of an astronaut, the boys attempt to return home.",/gDb5BW2NLqZ9cvg9nyzkZVvmgze.jpg,/s9Bn7Mx4U9cWOR1WdFZjU1DTAkh.jpg,2005-11-06,6.431,3540,"['Science Fiction', 'Adventure', 'Family']",65000000,65079104,101,medium
406759,tt5834426,Moonfall,Humanity will face the dark side of the Moon.,A mysterious force knocks the moon from its orbit around Earth and sends it hurtling on a collision course with life as we know it.,/bjTU4fmmGjAOOiOlE6WYDagoSsP.jpg,/8QpzqK3nPGxpqpKqhe6QasTGBWQ.jpg,2022-02-02,6.25,3529,"['Science Fiction', 'Adventure', 'Action']",146000000,67319703,131,medium
72331,tt1611224,Abraham Lincoln: Vampire Hunter,Are you a patriot or a vampire?,"President Lincoln's mother is killed by a supernatural creature, which fuels his passion to crush vampires and their slave-owning helpers.",/qv8deK0ZmutAuEpejruQKApIy6r.jpg,/ei4bXNp4hBrfUEvWkp7usnQeGQP.jpg,2012-06-20,5.765,3529,"['Action', 'Fantasy', 'Horror']",69000000,116500000,105,medium
384521,tt2548396,The Cloverfield Paradox,The future unleashed every thing.,"Orbiting above a planet on the brink of war, scientists test a device to solve an energy crisis and end up face-to-face with a dark alternate reality.",/vJi2ExTcWdJR3150VPKqqtdGxsT.jpg,/2cnUCcNmmj79hGmimvWlUo5P2K8.jpg,2018-02-04,5.63,3528,"['Horror', 'Mystery', 'Science Fiction']",45000000,0,102,medium
23631,tt0985694,Machete,They just messed with the wrong Mexican.,"After being set-up and betrayed by the man who hired him to assassinate a Texas Senator, an ex-Federale launches a brutal rampage of revenge against his former boss.",/dcPSm1rGEFdiEc7DaKz0t5kb66b.jpg,/wbjoD8BN5W9VusuLJYdd7tWUxqh.jpg,2010-09-01,6.342,3523,"['Action', 'Comedy', 'Thriller']",10500000,45491656,105,medium
277685,tt3713166,Unfriended,"Online, your memories last forever. But so do your mistakes.","While video chatting one night, six high school friends receive a Skype message from a classmate who killed herself exactly one year ago. At first they think it's a prank, but when the girl starts revealing the friends' darkest secrets, they realize they are dealing with something out of this world, something that wants them dead.",/8byPxREr3BqBNyyij5WHVSOVtYk.jpg,/5RtOlnBnXx54umgY8DXSNAKCFBp.jpg,2014-06-18,5.542,3512,"['Horror', 'Mystery']",1000000,64364198,83,medium
399361,tt1488606,Triple Frontier,,"Struggling to make ends meet, former special ops soldiers reunite for a high-stakes heist: stealing $75 million from a South American drug lord.",/aBw8zYuAljVM1FeK5bZKITPH8ZD.jpg,/s9I2LmQMYCanl6DvC3X1AOHs2r8.jpg,2019-03-06,6.327,3501,"['Action', 'Thriller', 'Crime', 'Adventure']",115000000,0,125,medium
109431,tt2024432,Identity Thief,She's having the time of his life,"When a mild-mannered businessman learns his identity has been stolen, he hits the road in an attempt to foil the thief -- a trip that puts him in the path of a deceptively harmless-looking woman.",/lIliJCGoWT6tEVaDivLpXEf038w.jpg,/lDc6JPsXm9ARe9w9PC9qegqYs94.jpg,2013-02-07,5.851,3497,"['Comedy', 'Crime']",35000000,173965010,111,medium
7512,tt0387808,Idiocracy,"In the future, intelligence is extinct.","To test its top-secret Human Hibernation Project, the Pentagon picks the most average Americans it can find - an Army private and a prostitute - and sends them to the year 2505 after a series of freak events. But when they arrive, they find a civilization so dumbed-down that they're the smartest people around.",/k75tEyoPbPlfHSKakJBOR5dx1Dp.jpg,/9Z4msMhKvNp63sOB1ZvxPMPvqz3.jpg,2006-09-01,6.369,3487,"['Comedy', 'Science Fiction', 'Adventure']",30000000,495303,84,medium
1966,tt0346491,Alexander,The greatest legend of all was real,"Alexander, the King of Macedonia, leads his legions against the giant Persian Empire. After defeating the Persians, he leads his army across the then known world, venturing farther than any westerner had ever gone, all the way to India.",/jrwQu72sGwGqwE8Ijne89PSIvhp.jpg,/h21dxRjtR7xOhyZljtSYeTETCht.jpg,2004-11-21,6.0,3477,"['War', 'History', 'Action', 'Adventure', 'Drama', 'Romance']",155000000,167298192,176,medium
22804,tt1233227,Saw VI,The game has come full circle.,"Special Agent Strahm is dead, and Detective Hoffman has emerged as the unchallenged successor to Jigsaw's legacy. However, when the FBI draws closer to Hoffman, he is forced to set a game into motion, and Jigsaw's grand scheme is finally understood.",/9JtluosCbioSXJSABZByaODyPpa.jpg,/gqR59DjJGr6i8mxRD1VfOzCueTI.jpg,2009-10-22,6.29,3474,"['Horror', 'Thriller']",11000000,69752402,90,medium
3594,tt0481369,The Number 23,First it takes hold of your mind...then it takes hold of your life.,"Animal control officer Walter Sparrow becomes obsessed with a novel that he believes was written about him, as more and more similarities between himself and his literary alter ego seem to arise.",/iPJwdvgX3I5dEw9QhDOG3hxUvMp.jpg,/zBFbGxw22wY2VTNGbcknd84CIEf.jpg,2007-02-23,6.412,3472,"['Thriller', 'Mystery', 'Crime']",30000000,77677553,97,medium
462919,tt3120280,Sierra Burgess Is a Loser,Just be you.,A case of mistaken identity results in unexpected romance when the most popular girl in high school and the biggest loser must come together to win over their crushes.,/vjnHRySiVM4YcBYzjCxw344y9g.jpg,/fdFIVBpq57ZbHok07SI3gNLWUbO.jpg,2018-09-07,6.287,3456,"['Comedy', 'Drama', 'Romance']",0,0,105,medium
109451,tt1985966,Cloudy with a Chance of Meatballs 2,Something big was leftover.,"After the disastrous food storm in the first film, Flint and his friends are forced to leave the town. Flint accepts the invitation from his idol Chester V to join The Live Corp Company, which has been tasked to clean the island, and where the best inventors in the world create technologies for the betterment of mankind. When Flint discovers that his machine still operates and now creates mutant food beasts like living pickles, hungry tacodiles, shrimpanzees and apple pie-thons, he and his friends must return to save the world.",/ss5NcK2NWFg2YcKKYXLrk8q1myS.jpg,/vWriOBVlgW0XWdgbOiijhyLW7B8.jpg,2013-09-26,6.455,3453,"['Animation', 'Family', 'Comedy']",78000000,248384621,95,medium
40805,tt0990407,The Green Hornet,Breaking the Law to Protect It.,"Britt Reid, the heir to the largest newspaper fortune in Los Angeles, is a spoiled playboy who has been, thus far, happy to lead an aimless life. After his father dies, Britt meets Kato, a resourceful company employee. Realizing that they have the talent and resources to make something of their lives, Britt and Kato join forces as costumed crime-fighters to bring down the city's most-powerful criminal, Chudnofsky.",/1YrRviphr3eXPus9iHyQX56QgIE.jpg,/aBCn1z1tJGivVhY1nHSrXOQqQwG.jpg,2011-01-12,5.595,3453,"['Action', 'Crime', 'Comedy']",120000000,227817248,119,medium
173897,tt2592614,Resident Evil: The Final Chapter,Evil comes home,"Picking up immediately after the events in Resident Evil: Retribution, Alice is the only survivor of what was meant to be humanity's final stand against the undead. Now, she must return to where the nightmare began - The Hive in Raccoon City, where the Umbrella Corporation is gathering its forces for a final strike against the only remaining survivors of the apocalypse.",/7glPlA0xPpxPxBu0TnY4ulQVCV1.jpg,/sQRfWdDxH53Vk7ZJ1UqzcaBHocO.jpg,2016-12-23,6.1,3441,"['Action', 'Horror', 'Science Fiction']",40000000,312242626,107,medium
531309,tt7752126,Brightburn,He's not here to save the world.,"What if a child from another world crash-landed on Earth, but instead of becoming a hero to mankind, he proved to be something far more sinister?",/sJWwkYc9ajwnPRSkqj8Aue5JbKz.jpg,/j3w3lT3ABvJsVE3byNOMCYmnGMB.jpg,2019-05-09,6.143,3425,"['Horror', 'Science Fiction']",6000000,33224654,91,medium
39451,tt0970866,Little Fockers,"Kids bring everyone closer, right?","It has taken 10 years, two little Fockers with wife Pam and countless hurdles for Greg to finally get in with his tightly wound father-in-law, Jack. After the cash-strapped dad takes a job moonlighting for a drug company, Jack's suspicions about his favorite male nurse come roaring back. When Greg and Pam's entire clan descends for the twins' birthday party, Greg must prove to the skeptical Jack that he's fully capable as the man of the house.",/90mwPRNMmX9RUGVgKMJMJNQnYX8.jpg,/sLDoVwrzmKNdiBmykPSxaJA7uQh.jpg,2010-12-21,5.7,3420,"['Comedy', 'Romance']",100000000,310650585,98,medium
274167,tt1528854,Daddy's Home,Choose your Daddy,"The story of a mild-mannered radio executive who strives to become the best stepdad ever to his wife's two children, but complications ensue when their freewheeling, freeloading real father arrives, forcing stepdad to compete for the affection of the kids.",/fB9lALk9zKsMYWvf0bJSkJN219Z.jpg,/4kui3QA55M2ZOmBgoRlrYj5MSlK.jpg,2015-12-25,6.294,3414,['Comedy'],50000000,242786137,96,medium
443791,tt5774060,Underwater,7 miles below the ocean surface something has awakened,"After an earthquake destroys their underwater station, six researchers must navigate two miles along the dangerous, unknown depths of the ocean floor to make it to safety in a race against time.",/gzlbb3yeVISpQ3REd3Ga1scWGTU.jpg,/tya34K7D4jtDrVbvExyvTx97Aen.jpg,2020-01-08,6.279,3410,"['Horror', 'Science Fiction', 'Action', 'Adventure']",50000000,40882928,95,medium
157433,tt0837563,Pet Sematary,Sometimes dead is better.,"Dr. Louis Creed and his wife, Rachel, move from Boston to Ludlow, in rural Maine, with their two young children. Hidden in the woods near the new family home, Ellie, their eldest daughter, discovers a mysterious cemetery where the pets of community members are buried.",/7SPhr7Qj39vbnfF9O2qHRYaKHAL.jpg,/t2sT9VGe6kwbKtNYUSaYcFX5JQn.jpg,2019-04-04,5.745,3401,['Horror'],21000000,113118226,101,medium
19959,tt0986263,Surrogates,How do you save humanity when the only thing that's real is you?,"Set in a futuristic world where humans live in isolation and interact through surrogate robots, a cop is forced to leave his home for the first time in years in order to investigate the murders of others' surrogates.",/v3Z0Hbl0oe57njrrIPh0fJPFoo.jpg,/cCjzu6OZIUDWowadzexCHNBTmjH.jpg,2009-09-24,6.139,3401,"['Science Fiction', 'Action', 'Thriller']",80000000,122444772,89,medium
9506,tt0305224,Anger Management,Feel the love.,"After a small misunderstanding aboard an airplane escalates out of control, timid businessman Dave Buznik is ordered by the court to undergo anger management therapy at the hands of specialist Dr. Buddy Rydell. But when Buddy steps up his aggressive treatment by moving in, Dave goes from mild to wild as the unorthodox treatment wreaks havoc with his life.",/8wX3S5HjL3bgb2yi4CfR2qIqbdH.jpg,/jDQcNjo5SM8YxlcSn06cFzlLH6L.jpg,2003-04-11,6.16,3401,['Comedy'],75000000,195745823,106,medium
818,tt0295178,Austin Powers in Goldmember,"The grooviest movie of the summer has a secret, baby!","The world's most shagadelic spy continues his fight against Dr. Evil. This time, the diabolical doctor and his clone, Mini-Me, team up with a new foe—'70s kingpin Goldmember. While pursuing the team of villains to stop them from world domination, Austin gets help from his dad and an old girlfriend.",/n8V61f1v7idya4WJzGEJNoIp9iL.jpg,/kuPpElzfYnzsCye0hF8EbJSrvwo.jpg,2002-07-26,6.015,3395,"['Comedy', 'Crime']",63000000,296938801,94,medium
100042,tt2096672,Dumb and Dumber To,The average person uses 10% of their brain capacity. Imagine what he could do with 1%.,"20 years since their first adventure, Lloyd and Harry go on a road trip to find Harry's newly discovered daughter, who was given up for adoption.",/cvEi0xV7TUkabJGuzulhvbMjrHi.jpg,/436HdmXTod7X0aafPPoIZyaecgh.jpg,2014-11-12,5.572,3394,['Comedy'],40000000,169837010,110,medium
6557,tt0988595,27 Dresses,She's about to find the perfect fit.,Altruistic Jane finds herself facing her worst nightmare as her younger sister announces her engagement to the man Jane secretly adores.,/rEfourJfgEyKiewwH8ZkUYt9AqE.jpg,/esArWR9sImBpEgq3sHCPyP5mcfd.jpg,2008-01-10,6.451,3380,"['Comedy', 'Romance']",30000000,160300000,111,medium
433808,tt5638642,The Ritual,Your darkest dream awaits you.,"A group of college friends reunite for a trip to the forest, but encounter a menacing presence in the woods that's stalking them.",/9022CYEGqYETCeXN1oE3uwYJWub.jpg,/vaArQHq1lHFNppoJlMlv30Gs2fQ.jpg,2017-10-11,6.273,3377,"['Horror', 'Mystery']",1000000,1786396,94,medium
18487,tt1111422,The Taking of Pelham 1 2 3,I can't get it out of my head. I'm gonna die today.,"Armed men hijack a New York City subway train, holding the passengers hostage in return for a ransom, and turning an ordinary day's work for dispatcher Walter Garber into a face-off with the mastermind behind the crime.",/rEnyQiBu6goqJfvQXpUZQjpoHVp.jpg,/kBWPHSszi8jKLqW5tMaQV1bISB2.jpg,2009-06-10,6.4,3365,"['Crime', 'Thriller', 'Action']",100000000,150166126,106,medium
76649,tt1921064,Pompeii,No warning. No escape.,"In 79 A.D., Milo, a slave turned gladiator, finds himself in a race against time to save his true love Cassia, the beautiful daughter of a wealthy merchant who has been unwillingly betrothed to a corrupt Roman Senator. As Mount Vesuvius erupts in a torrent of blazing lava, Milo must fight his way out of the arena in order to save his beloved as the once magnificent Pompeii crumbles around him.",/dxxM3lLDjGRC50i5rhvfQziskAN.jpg,/bPsExF2epwQeyP7HK9JK52FSgsi.jpg,2014-02-18,5.549,3364,"['Action', 'Adventure', 'History', 'Romance', 'Drama']",100000000,117831631,105,medium
511987,tt8364368,Crawl,If the storm doesn't get you... they will,"When a huge hurricane hits her hometown in Florida, Haley ignores evacuation orders to look for her father. After finding him badly wounded, both are trapped by the flood. With virtually no time to escape the storm, they discover that rising water levels are the least of their problems.",/4WH6AZd473lRZ3hUp8TYiv2LfZW.jpg,/lm4xH0YwFbVvTgdtau1thNK5S6J.jpg,2019-07-10,6.322,3350,"['Horror', 'Thriller']",13500000,91542097,87,medium
9334,tt0277296,The Scorpion King,Warrior. Legend. King.,"In ancient Egypt, peasant Mathayus is hired to exact revenge on the powerful Memnon and the sorceress Cassandra, who are ready to overtake Balthazar's village. Amid betrayals, thieves, abductions and more, Mathayus strives to bring justice to his complicated world.",/aITIsX20tACn6jgtyDcCYpRT216.jpg,/nZSUgauXlVUrJGdGUGWMXCtnZx4.jpg,2002-04-18,5.593,3346,"['Action', 'Adventure', 'Fantasy']",60000000,165333180,92,medium
259694,tt1292566,How to Be Single,Welcome to the party.,"New York City is full of lonely hearts seeking the right match, and what Alice, Robin, Lucy, Meg, Tom and David all have in common is the need to learn how to be single in a world filled with ever-evolving definitions of love.",/a4Ce3qHqIyHM3QfGsiVTAu3YADJ.jpg,/bCakS265nbi6fYB3bwuzVLAsjsv.jpg,2016-02-08,6.254,3341,"['Comedy', 'Romance']",38000000,112343513,110,medium
543540,tt8201170,The Perfect Date,He's whoever you want him to be.,"No beau? No problem! To earn money for college, a high schooler creates a dating app that lets him act as a stand-in boyfriend.",/rrAYdezO3h1mjdYTaQyTXoj8IZ4.jpg,/tHUzzVwshwidhQxZXj0WzAdKdto.jpg,2019-04-12,6.431,3318,"['Romance', 'Comedy']",0,0,90,medium
609681,tt10676048,The Marvels,Higher. Further. Faster. Together.,"When her duties send her to an anomalous wormhole linked to a Kree revolutionary, Carol's powers become entangled with that of Jersey City super-fan Kamala Khan, aka Ms. Marvel, and Carol's estranged niece, now S.A.B.E.R. astronaut Captain Monica Rambeau. Together, this unlikely trio must team up and learn to work in concert to save the universe.",/9GBhzXMFjgcZ3FdR9w3bUMMTps5.jpg,/JdT3ywizJIICTZCb4dteyCspON.jpg,2023-11-08,5.941,3306,"['Science Fiction', 'Adventure', 'Action']",274800000,206136825,105,medium
10066,tt0397065,House of Wax,Prey. Slay. Display.,A group of unwitting teens are stranded near a strange wax museum and soon must fight to survive and keep from becoming the next exhibit.,/aCLSgw1DaqkRvosYc3YUttBTtpT.jpg,/2J7re6BvXXxLFXCYZpTUmRKkTHn.jpg,2005-05-05,6.0,3298,"['Horror', 'Thriller', 'Mystery']",40000000,68766121,113,medium
9792,tt0454841,The Hills Have Eyes,The lucky ones die first.,"Based on Wes Craven's 1977 suspenseful cult classic, The Hills Have Eyes is the story of a family road trip that goes terrifyingly awry when the travelers become stranded in a government atomic zone. Miles from nowhere, the Carter family soon realizes the seemingly uninhabited wasteland is actually the breeding ground of a blood-thirsty mutant family...and they are the prey.",/2eJL1Ccr1FN3dm9OSDwyd8uaX1b.jpg,/vrFI0I3M8ROZduj9XbFDoQKZyao.jpg,2006-03-10,6.455,3298,"['Horror', 'Thriller']",15000000,69623713,107,medium
49730,tt1486185,Red Riding Hood,Who's afraid?,"Valerie is in love with a brooding outsider, Peter, but her parents have arranged for her to marry another man. Unwilling to lose each other, Valerie and Peter plan to run away together when Valerie's older sister is killed by a werewolf that prowls the dark forest surrounding their village. Panic grips the town as Valerie discovers that she has a unique connection to the beast--one that inexorably draws them together, making her both suspect ... and bait.",/ixQYkLeLlTTnAoT32dukndyObB6.jpg,/r4A5SQSGTfleodMm45w7MJgE2WF.jpg,2011-03-10,5.978,3296,"['Thriller', 'Drama', 'Fantasy', 'Mystery', 'Horror', 'Romance']",42000000,89162162,100,medium
447277,tt5971474,The Little Mermaid,"Watch and you'll see, some day I'll be, part of your world!","The youngest of King Triton’s daughters, and the most defiant, Ariel longs to find out more about the world beyond the sea, and while visiting the surface, falls for the dashing Prince Eric. With mermaids forbidden to interact with humans, Ariel makes a deal with the evil sea witch, Ursula, which gives her a chance to experience life on land, but ultimately places her life – and her father’s crown – in jeopardy.",/ym1dxyOk4jFcSl4Q2zmRrA5BEEN.jpg,/lAs4Y5a8Pi86xDwuv8cx2prOVI2.jpg,2023-05-18,6.3,3281,"['Adventure', 'Family', 'Fantasy', 'Romance']",297000000,569626289,135,medium
238615,tt2140379,Self/less,God Created Man. Man Created Immortality.,An extremely wealthy elderly man dying from cancer undergoes a radical medical procedure that transfers his consciousness to the body of a healthy young man but everything may not be as good as it seems when he starts to uncover the mystery of the body's origins and the secret organization that will kill to keep its secrets.,/6ri3y5n3BXahy6lu2i0ndrqA4CA.jpg,/vzbsqeoG7xH8EVOBiYBSIjU8wt1.jpg,2015-07-10,6.4,3277,"['Science Fiction', 'Action', 'Thriller']",26000000,31807156,117,medium
62764,tt1667353,Mirror Mirror,The Snow White legend comes alive.,"After she spends all her money, an evil enchantress queen schemes to marry a handsome, wealthy prince. There's just one problem - he's in love with a beautiful princess, Snow White. Now, joined by seven rebellious dwarves, Snow White launches an epic battle of good vs. evil...",/pys6zIJN8Sxlk2Ss2GZuYuXPbtw.jpg,/iFSO0glqR8wydqaRl9KxQI63xEd.jpg,2012-03-15,5.912,3273,"['Adventure', 'Comedy', 'Family', 'Fantasy']",85000000,183018522,106,medium
9029,tt1033643,What Happens in Vegas,Get Lucky,"During a wild vacation in Las Vegas, career woman Joy McNally and playboy Jack Fuller come to the sober realization that they have married each other after a night of drunken abandon. They are then compelled, for legal reasons, to live life as a couple for a limited period of time. At stake is a large amount of money.",/n7bQ7Lj6UhArgnx49wmkaTxM4iU.jpg,/bNzptaU34tK2AHU859M5ca0devW.jpg,2008-05-07,6.111,3272,"['Comedy', 'Romance']",35000000,219400000,99,medium
41439,tt1477076,Saw 3D,The traps come alive.,"As a deadly battle rages over Jigsaw's brutal legacy, a group of Jigsaw survivors gathers to seek the support of self-help guru and fellow survivor Bobby Dagen, a man whose own dark secrets unleash a new wave of terror.",/qHCZ6LjtmqWDfXXN28TlIC9OppK.jpg,/qXTSZkk8mQHnZjuRjW9fc2Ax5vj.jpg,2010-10-22,5.977,3267,"['Horror', 'Crime']",17000000,136151680,90,medium
249070,tt2679042,Hitman: Agent 47,Your Number is Up.,An assassin teams up with a woman to help her find her father and uncover the mysteries of her ancestry.,/cx9AOBOv9Qf5ufZYQMbfTV7w7VY.jpg,/yRtZmZa2bmDYaOKygG7IaroSXwg.jpg,2015-08-20,5.896,3264,"['Action', 'Crime', 'Thriller']",35000000,81967450,96,medium
8922,tt0263488,Jeepers Creepers,What's eating you?,"On a desolate country highway, two homeward-bound teens are nearly run off the road by a maniac in a beat-up truck, and later spot him shoving what appears to be a body down a sewer pipe.",/g410Y1U1ELbmJG14Zru3UAimm1G.jpg,/m0yTFeh8vrsMP0fQDdYGSh4xthX.jpg,2001-07-01,6.474,3245,['Horror'],10000000,59217789,90,medium
119283,tt1904996,Parker,"To get away clean, you have to play dirty.","A thief with a unique code of professional ethics is double-crossed by his crew and left for dead. Assuming a new disguise and forming an unlikely alliance with a woman on the inside, he looks to hijack the score of the crew's latest heist.",/ocTaizFzASVPClHsx6VRBi5yP9Z.jpg,/vBuw223bR0jeI3GHMfCjNBCGo6.jpg,2013-01-23,6.077,3238,"['Action', 'Crime']",35000000,46216641,118,medium
10022,tt0395699,The Pacifier,Welcome to the infantry.,Navy SEAL Shane Wolfe is handed a new assignment: Protect the five Plummer kids from enemies of their recently deceased father -- a government scientist whose top-secret experiment remains hidden in the kids' house.,/ayVLPibrtazh7U5FliWRLDMmG3d.jpg,/2OQkSOyC5HuCNpq0XO5EEPEdazX.jpg,2005-03-04,6.1,3228,"['Comedy', 'Family', 'Action']",56000000,198636868,95,medium
1738,tt0435705,Next,"If you can see the future, you can save it.","Las Vegas showroom magician Cris Johnson has a secret which torments him: he can see a few minutes into the future. Sick of the examinations he underwent as a child and the interest of the government and medical establishment in his power, he lies low under an assumed name in Vegas, performing cheap tricks and living off small-time gambling ""winnings."" But when a terrorist group threatens to detonate a nuclear device in Los Angeles, government agent Callie Ferris must use all her wiles to capture Cris and convince him to help her stop the cataclysm.",/wtBOCJBCP0MWNjmBwjMAzbwgtTK.jpg,/8OAuQm5Bxg4k4HIYfmcga5rYSzU.jpg,2007-04-25,6.121,3225,"['Action', 'Science Fiction', 'Thriller']",70000000,76066841,96,medium
415842,tt1961175,American Assassin,Assassins aren't born. They're made.,"Following the murder of his fiancée, Mitch Rapp trains under the instruction of Cold War veteran Stan Hurley. The pair then is enlisted to investigate a wave of apparently random attacks on military and civilian targets.",/w6vjeHx3UEaBXIyc8VFqyZYKznD.jpg,/wb78lmqAXsUVG84xrmAOJBfgZHr.jpg,2017-07-14,6.418,3224,"['Action', 'Adventure', 'Thriller']",33000000,67200000,112,medium
1234821,tt31036941,Jurassic World Rebirth,A new era is born.,"Five years after the events of Jurassic World Dominion, covert operations expert Zora Bennett is contracted to lead a skilled team on a top-secret mission to secure genetic material from the world's three most massive dinosaurs. When Zora's operation intersects with a civilian family whose boating expedition was capsized, they all find themselves stranded on an island where they come face-to-face with a sinister, shocking discovery that's been hidden from the world for decades.",/1RICxzeoNCAO5NpcRMIgg1XT6fm.jpg,/zNriRTr0kWwyaXPzdg1EIxf0BWk.jpg,2025-07-01,6.276,3209,"['Science Fiction', 'Adventure', 'Action']",180000000,869146189,134,medium
726209,tt12747748,Leave the World Behind,There's no going back to normal.,A family's getaway to a luxurious rental home takes an ominous turn when a cyberattack knocks out their devices—and two strangers appear at their door.,/29rhl1xopxA7JlGVVsf1UHfYPvN.jpg,/5cRw2QHQz5bp7W2KLdSpZoFoTTw.jpg,2023-11-22,6.377,3169,"['Drama', 'Mystery', 'Thriller']",0,0,140,medium
429351,tt1413492,12 Strong,The declassified true story of the horse soldiers,A team of special forces head into Afghanistan in the aftermath of the September 11th attacks in an attempt to dismantle the Taliban.,/37Qwani2g0jVPU7N4OkkTZ7aERz.jpg,/x5EUEv1N9g4BCX9GQXKvv3nqMVo.jpg,2018-01-18,6.4,3168,"['War', 'Drama', 'Action', 'History']",35000000,67450815,130,medium
60935,tt0905372,The Thing,It's not human. Yet.,"When paleontologist Kate Lloyd travels to an isolated outpost in Antarctica for the expedition of a lifetime, she joins an international team that unearths a remarkable discovery. Their elation quickly turns to fear as they realize that their experiment has freed a mysterious being from its frozen prison. Paranoia spreads like an epidemic as a creature that can mimic anything it touches will pit human against human as it tries to survive and flourish in this spine-tingling thriller.",/dmn2nVo8h7LMnk694JxCRIwK06p.jpg,/qgSlGJurPzgSHKYlqBiDmr3vjrc.jpg,2011-10-12,6.226,3168,"['Horror', 'Science Fiction', 'Mystery']",35000000,31505287,103,medium
10521,tt0901476,Bride Wars,Even best friends can't share the same wedding day.,Two best friends become rivals when their respective weddings are accidentally booked for the same day.,/eyXT8tmUoyHrg7YX1UVjmecHCWP.jpg,/bDYeMDIKeetY6J3ZM6POwnf1xc7.jpg,2009-01-09,6.244,3167,"['Comedy', 'Romance']",30000000,115375850,89,medium
1970,tt0391198,The Grudge,It never forgives. It never forgets.,"An American nurse living and working in Tokyo is exposed to a mysterious supernatural curse, one that locks a person in a powerful rage before claiming their life and spreading to another victim.",/7vPAVPKYexQVmvC578wPLn2CGCL.jpg,/yefSD6lp3jOBYkBeY5QxRRKTJME.jpg,2004-10-22,5.9,3160,"['Horror', 'Mystery', 'Thriller']",10000000,183474602,92,medium
157547,tt2388715,Oculus,You see what it wants you to see.,A woman tries to exonerate her brother's murder conviction by proving that the crime was committed by a supernatural phenomenon.,/yCzR1yKRLiJyTDLgY1ppazXEmdE.jpg,/o0EQmMhHA6Gpf7MS7KxPafWqTPp.jpg,2014-04-03,6.497,3157,['Horror'],5000000,44459951,104,medium
59108,tt0471042,Tower Heist,It's not just a robbery. It's payback.,"A luxury condo manager leads a staff of workers to seek payback on the Wall Street swindler who defrauded them. With only days until the billionaire gets away with the perfect crime, the unlikely crew of amateur thieves enlists the help of petty crook Slide to steal the $20 million they’re sure is hidden in the penthouse.",/jQrroNwP8hbFiUlNMs20emauwPE.jpg,/7BtEvieL4QRNW3j7OAw6Zv2CDap.jpg,2011-11-02,6.114,3151,"['Action', 'Comedy']",75000000,152930623,104,medium
58224,tt1396218,Mr. Popper's Penguins,,"Tom Popper is a successful businessman who’s clueless when it comes to the really important things in life...until he inherits six “adorable” penguins, each with its own unique personality. Soon Tom’s rambunctious roommates turn his swank New York apartment into a snowy winter wonderland — and the rest of his world upside-down.",/jGwZ1QI5DaL7mHQ2ZsMV1p8xvPS.jpg,/gtkROcxhItcEvGoRr0a12PWBLpf.jpg,2011-06-17,5.975,3148,"['Comedy', 'Family']",55000000,187361754,94,medium
32856,tt0817230,Valentine's Day,A love story. More or less.,Intertwining couples and singles in Los Angeles break-up and make-up based on the pressures and expectations of Valentine's Day.,/qOTcfD2DdnOTmhH0r1TOE09VvNh.jpg,/ceVkF5gRQSBhuceWnraTHBmH2TY.jpg,2010-02-10,5.919,3148,"['Comedy', 'Romance']",52000000,216528528,125,medium
303858,tt2241351,Money Monster,Not every conspiracy is a theory.,Financial TV host Lee Gates and his producer Patty are put in an extreme situation when an irate investor takes over their studio.,/DlgdAkAKirD01R1mBejhFjS6nQ.jpg,/ct5kjqyBwzH6OSxuOIluChs3FFN.jpg,2016-05-12,6.432,3130,"['Thriller', 'Drama']",27000000,93282604,99,medium
375588,tt4532826,Robin Hood,The legend you know. The story you don’t.,A war-hardened Crusader and his Moorish commander mount an audacious revolt against the corrupt English crown.,/AiRfixFcfTkNbn2A73qVJPlpkUo.jpg,/9KKT8qPAII0VJMpviThOTMLN0Wt.jpg,2018-11-03,5.908,3125,"['Adventure', 'Action', 'Thriller', 'Fantasy']",100000000,86493046,116,medium
458897,tt5033998,Charlie's Angels,Unseen. Undivided. Unstoppable.,"Elena Houghlin is a scientist, engineer and inventor of Calisto -- a sustainable energy source that will revolutionize the way people use power. It will be ready as soon as she works out the last issue, if not it could be turned into a dangerous weapon. But when the cutting edge technology is pushed to an investor before she can do that, Elena turns to the Townsend Agency for help. Now, it's up to the Angels -- Jane, Sabina, and the newly recruited Elena -- to retrieve Calisto before it can be transformed into a weapon of mass destruction.",/1DPUFG6QnGqzpvEaDEv7TaepycM.jpg,/a0xTB1vBxMGt6LGG4N7k1wO9lfL.jpg,2019-11-14,6.384,3124,"['Action', 'Adventure', 'Comedy']",48000000,73279888,118,medium
9889,tt0256380,Shallow Hal,Only a man this shallow could fall in love this deep.,"After taking his dying father's advice, Hal dates only the embodiments of female physical perfection. But that all changes after Hal has an unexpected run-in with self-help guru Tony Robbins. Intrigued by Hal's shallowness, Robbins hypnotizes him into seeing the beauty that exists even in the least physically appealing women. Hal soon falls for Rosemary, but he doesn't realize that his gorgeous girlfriend is actually a 300-pound-not-so-hottie.",/q4lZrHWTWuybb6pzMucj1c0ngCW.jpg,/7QkEgz9pEnS9AYzQmu465LMSwh0.jpg,2001-11-01,6.165,3120,"['Comedy', 'Romance', 'Fantasy', 'Drama']",40000000,141069860,114,medium
406563,tt5726086,Insidious: The Last Key,Fear comes home.,"Parapsychologist Elise Rainier and her team travel to Five Keys, NM, to investigate a man’s claim of a haunting. Terror soon strikes when Rainier realizes that the house he lives in was her family’s old home.",/6c9ti2JcR3dHyR3qFXoZqVMx0SH.jpg,/auSRjQyVLw212IjATAbO3KOyxZg.jpg,2018-01-03,6.3,3116,"['Horror', 'Thriller']",10000000,172811971,103,medium
15092,tt1121931,Crank: High Voltage,He was dead... but he got better.,Chelios faces a Chinese mobster who has stolen his nearly indestructible heart and replaced it with a battery-powered ticker that requires regular jolts of electricity to keep working.,/tzTC4EEvF0OPL63frEiogxL2T8M.jpg,/oTbIfHSLNxi9ihV6SG4K6jZ2PvM.jpg,2009-04-16,6.078,3116,"['Action', 'Thriller', 'Crime']",20000000,34600000,96,medium
23398,tt1231580,Alvin and the Chipmunks: The Squeakquel,The Boys are back in town... and they have competition.,"Pop sensations Alvin, Simon and Theodore end up in the care of Dave Seville's twenty-something nephew Toby. The boys must put aside music super stardom to return to school, and are tasked with saving the school's music program by winning the $25,000 prize in a battle of the bands. But the Chipmunks unexpectedly meet their match in three singing chipmunks known as The Chipettes - Brittany, Eleanor and Jeanette. Romantic and musical sparks are ignited when the Chipmunks and Chipettes square off.",/8mdPqOga5fty15nXmaNcK1fsNMa.jpg,/3lf6YCItKcF3Wrrs7tp1PL0eyOT.jpg,2009-12-21,5.656,3110,"['Comedy', 'Family', 'Animation', 'Fantasy', 'Music']",75000000,443140005,89,medium
7220,tt0330793,The Punisher,"There is no justice, there is only revenge.","When undercover FBI agent Frank Castle's wife and son are slaughtered, he becomes 'the Punisher' -- a ruthless vigilante willing to go to any length to avenge his family.",/7rmA1HwYp2GKM85BL0cVwCaosGr.jpg,/ziexSS07RmowuyqAdJMh1sGxjHg.jpg,2004-04-15,6.362,3096,"['Action', 'Crime', 'Drama']",33000000,54700105,124,medium
112205,tt2404311,The Family,Some call it organized crime. Others call it family.,"After ratting out his Mafia cohorts, Giovanni Manzoni and his family enter the Witness Protection Program and relocate to a sleepy town in France. Despite the best efforts of their handler to keep them in line, Giovanni (now called Fred Blake), his wife and children can't help but resort to doing things the ""family"" way. However, their dependence on such old habits places everyone in danger from vengeful mobsters.",/x2arN02JFsZcDKmBb0SIjG8Smc8.jpg,/mt4cfjeFHNKda7KDSvvJlG50swc.jpg,2013-09-13,6.363,3088,"['Crime', 'Comedy', 'Action']",30000000,36894225,111,medium
44040,tt1314655,Devil,Bad things happen for a reason.,"A group of people are trapped in an elevator high above Philadelphia, and one of them is the devil.",/aivXPSi53H95BoUa5njEYso389s.jpg,/yuGyks7DE9NrRfguRWYomN4KNcm.jpg,2010-09-16,6.101,3083,"['Horror', 'Mystery', 'Thriller']",10000000,33583175,80,medium
13027,tt1059786,Eagle Eye,"If you want to live, you will obey.","Jerry Shaw and Rachel Holloman are two strangers whose lives are suddenly thrown into turmoil by a mysterious woman they have never met. Threatening their lives and family, the unseen caller uses everyday technology to control their actions and push them into increasing danger. As events escalate, Jerry and Rachel become the country's most-wanted fugitives and must figure out what is happening to them.",/9KCOv0hL37IN3tWG3j86eZg3xDH.jpg,/xQc51OBY9UNF2fQKyAOXZE7az2w.jpg,2008-09-25,6.486,3080,"['Mystery', 'Thriller', 'Action']",80000000,178800000,118,medium
1268,tt0453451,Mr. Bean's Holiday,Disaster is just a small step away.,"Mr. Bean wins a trip to Cannes where he unwittingly separates a young boy from his father and must help the two reunite. On the way he discovers France, bicycling and true love, among other things.",/bSSx9Sq6irWwN9NTQmoT9KE8kXn.jpg,/6bsZQV3CBFs7JQySYVX5npZWkh0.jpg,2007-03-22,6.382,3079,"['Family', 'Comedy']",25000000,232225908,90,medium
540901,tt5503686,Hustlers,,A crew of savvy former strip club employees band together to turn the tables on their Wall Street clients.,/zBhv8rsLOfpFW2M5b6wW78Uoojs.jpg,/jTab4cf4X1dJJVS4F8UOGuesvPd.jpg,2019-09-12,6.47,3074,"['Drama', 'Comedy', 'Crime']",20000000,157563598,110,medium
77930,tt1915581,Magic Mike,Work all day. Work it all night.,"Mike, an experienced stripper, takes a younger performer called The Kid under his wing and schools him in the arts of partying, picking up women, and making easy money.",/cfRv1INLSSumjvxAqEGOP6b0Aw1.jpg,/7DWGkbncSGb3nG6MAd2ZqxDvwEt.jpg,2012-06-28,6.2,3074,"['Drama', 'Comedy']",7000000,167200000,110,medium
314095,tt1212428,The Lost City of Z,A man's reach should exceed his grasp... or what's a heaven for?,"A true-life drama in the 1920s, centering on British explorer Col. Percy Fawcett, who discovered evidence of a previously unknown, advanced civilization in the Amazon and disappeared whilst searching for it.",/dgDVkGFltTm1MCoFtlq91r7jwi9.jpg,/upatBMqiS0gSiNy52cwxKKcNne2.jpg,2017-03-15,6.391,3068,"['Adventure', 'Drama', 'History']",30000000,8574339,141,medium
95610,tt1473832,Bridget Jones's Baby,Relationship status: beyond complicated,"After breaking up, Bridget Jones' happily-ever-after hasn't quite gone according to plan. Fortysomething and single again, she decides to focus on her job and surround herself with old friends and new. For once, Bridget has everything completely under control. Then her love life takes a turn when she meets Jack. A week later, she runs into Mark before she finds herself pregnant, but with one hitch - she's not sure of the identity of her baby's father - Mark or Jack.",/5hHomngoPZrNoXOPlyaHV6eXaQW.jpg,/hTReEn9kCeZLxgQmC46hQszLKSq.jpg,2016-09-14,6.409,3068,"['Drama', 'Comedy', 'Romance']",35000000,211952420,123,medium
1656,tt0386140,The Legend of Zorro,Adventure begins with a Z.,"Despite trying to keep his swashbuckling to a minimum, a threat to California's pending statehood causes the adventure-loving Don Alejandro de la Vega and his wife, Elena, to take action.",/duZDsuIA2uX93Vujtm89oHeTFqE.jpg,/zrqHFQrF2HngVcEFRtW6sf1nIBD.jpg,2005-10-24,6.121,3067,"['Action', 'Adventure', 'Western']",75000000,142400065,129,medium
567748,tt9421570,The Guilty,Listen carefully.,A demoted police officer assigned to a call dispatch desk is conflicted when he receives an emergency phone call from a kidnapped woman.,/m8aR1k35oZMOzZ1kYWUyt401mwq.jpg,/5wPWgTvdoVKW6ICeEAg86IBJOBW.jpg,2021-09-24,6.423,3065,"['Drama', 'Thriller']",0,0,89,medium
631842,tt15679400,Knock at the Cabin,Save your family or save humanity. Make the choice.,"While vacationing at a remote cabin, a young girl and her two fathers are taken hostage by four armed strangers who demand that the family make an unthinkable choice to avert the apocalypse. With limited access to the outside world, the family must decide what they believe before all is lost.",/dm06L9pxDOL9jNSK4Cb6y139rrG.jpg,/sANUefL2v8VI6fSfK3gWAG3XBt4.jpg,2023-02-01,6.248,3050,"['Horror', 'Mystery', 'Thriller']",20000000,54700000,100,medium
137094,tt1205537,Jack Ryan: Shadow Recruit,Trust no one.,"Jack Ryan, as a young covert CIA analyst, uncovers a Russian plot to crash the U.S. economy with a terrorist attack.",/m7HcLUodrD4lM4s0Hui1tzO2pjO.jpg,/6KaCzcVKsdxlsTIq35xAix5U3Nb.jpg,2014-01-15,6.121,3049,"['Action', 'Drama', 'Thriller']",60000000,135500000,105,medium
753342,tt13287846,Napoleon,He came from nothing. He conquered everything.,"An epic that details the checkered rise and fall of French Emperor Napoleon Bonaparte and his relentless journey to power through the prism of his addictive, volatile relationship with his wife, Josephine.",/ytFOXyghxLzAM4KZyazDdEkM66q.jpg,/33pMXav77ICRnceEBLhL8lXTywv.jpg,2023-11-22,6.3,3045,"['History', 'War', 'Romance']",165000000,222435664,158,medium
35056,tt1279935,Date Night,One ordinary couple. One little white lie.,"Phil and Claire Foster fear that their mild-mannered relationship may be falling into a stale rut. During their weekly date night, their dinner reservation leads to their being mistaken for a couple of thieves—and now a number of unsavoury characters want Phil and Claire killed.",/9ftaHHJW2IrtnGbazdn5SP8V7Cf.jpg,/hZm2bAT9fB4EL93flj1fnrYXHdp.jpg,2010-04-08,6.108,3039,"['Comedy', 'Action', 'Adventure']",55000000,152300000,88,medium
27573,tt1038919,The Bounty Hunter,"It's a Job. It Isn't Personal. Well, Maybe a Little...","Milo Boyd, a down-on-his-luck bounty hunter, thinks he's seeing an upswing in fortune when he gets a call to bring in his bail-jumping ex-wife, a reporter named Nicole. Milo considers the job an easy payday, but Nicole quickly escapes to chase a lead on a murder case. The former spouses play an escalating game of one-upmanship, until they suddenly find themselves on the run for their lives.",/fJPKar0jnAsS09l3xfP6LL8sUkX.jpg,/zoBpc8yHzZMpOyFiiMP1iKSZzwH.jpg,2010-03-16,5.846,3030,"['Action', 'Comedy', 'Romance']",40000000,136300000,110,medium
605116,tt7550000,Project Power,What would you risk for five minutes of pure power?,"An ex-soldier, a teen and a cop collide in New Orleans as they hunt for the source behind a dangerous new pill that grants users temporary superpowers.",/TnOeov4w0sTtV2gqICqIxVi74V.jpg,/qVygtf2vU15L2yKS4Ke44U4oMdD.jpg,2020-08-14,6.432,3029,"['Action', 'Crime', 'Science Fiction']",0,0,113,medium
2310,tt0442933,Beowulf,Face your demons.,"A 6th-century Scandinavian warrior named Beowulf embarks on a mission to slay the man-like ogre, Grendel.",/7QsWYyJAV97N9jOh21pdRIqJeJq.jpg,/tNTtQ94CbxuVcAJRzOPbg2Z3TyP.jpg,2007-11-05,5.911,3027,"['Adventure', 'Action', 'Animation']",70000000,195735876,115,medium
4513,tt0389722,30 Days of Night,They're Coming!,"This is the story of an isolated Alaskan town that is plunged into darkness for a month each year when the sun sinks below the horizon. As the last rays of light fade, the town is attacked by a bloodthirsty gang of vampires bent on an uninterrupted orgy of destruction. Only the small town's husband-and-wife Sheriff team stand between the survivors and certain destruction.",/7LwSrvFA0gz1KAlcrGcinoQPene.jpg,/w8VDpCcKezdBbXJEWMHwttI35mU.jpg,2007-10-17,6.436,3025,"['Horror', 'Thriller']",30000000,80276156,113,medium
822119,tt14513804,Captain America: Brave New World,The future favors the brave.,"After meeting with newly elected U.S. President Thaddeus Ross, Sam finds himself in the middle of an international incident. He must discover the reason behind a nefarious global plot before the true mastermind has the entire world seeing red.",/pzIddUEMWhWzfvLI3TwxUG2wGoi.jpg,/8eifdha9GQeZAkexgtD45546XKx.jpg,2025-02-12,6.0,3019,"['Action', 'Thriller', 'Science Fiction']",180000000,415101577,119,medium
9801,tt0317198,Bridget Jones: The Edge of Reason,Big Liar. Big Lawyer. Big Dilemma.,"Bridget Jones is still dating her new love, barrister Mark Darcy, for a perfect six weeks. However, while on assignment in Thailand with her disreputable ex, Daniel Cleaver, claiming to be reformed, Bridget questions if she has everything she's ever dreamed of having.",/zDthRXkGnwFIWI0zWcJyS7h6lUl.jpg,/hNE0LvMfeiX6vS95VcLo9AUA6PR.jpg,2004-11-10,6.228,3012,"['Comedy', 'Romance']",40000000,265126918,108,medium
59965,tt1600195,Abduction,The fight for the truth will be the fight of his life.,"For many years, Nathan Harper has had the uneasy feeling that life with his family isn't quite what it seems. As he draws closer to uncovering the truth, he is hunted by assassins, forcing him to flee with his neighbor, Karen, the only person he can trust.",/d0TIDrwnMFVjg2EO4LsXQn1mbbc.jpg,/6wWIirFFZPQx7Lamh1iKMgbVezr.jpg,2011-09-22,5.838,3006,"['Thriller', 'Action', 'Mystery']",35000000,82087155,106,medium
5966,tt0343135,Along Came Polly,"For the most cautious man on Earth, life is about to get interesting.","Reuben Feffer is a guy who's spent his entire life playing it safe. Polly Prince is irresistible as a free-spirit who lives for the thrill of the moment. When these two comically mismatched souls collide, Reuben's world is turned upside down, as he makes an uproarious attempt to change his life from middle-of-the-road to totally-out-there.",/7Tp16THdpHkMrqgoiDresDz9CWL.jpg,/d0oHN3xA6TxOvADW64OiyYFpLOf.jpg,2004-01-16,6.026,2994,"['Comedy', 'Romance']",42000000,178300000,90,medium
169917,tt0365907,A Walk Among the Tombstones,Some people are afraid of all the wrong things.,Private investigator Matthew Scudder is hired by a drug kingpin to find out who kidnapped and murdered his wife.,/euPgyPsiNFp6gOBB7nUFxvN5ZaY.jpg,/k23FPWl97XKpJ1oTaDyADzxWxs6.jpg,2014-09-18,6.329,2986,"['Crime', 'Drama', 'Mystery', 'Thriller']",28000000,58834384,114,medium
531219,tt0805647,Roald Dahl's The Witches,WITCHES ARE REAL!,"In late 1967, a young orphaned boy goes to live with his loving grandma in the rural Alabama town of Demopolis. As the boy and his grandmother encounter some deceptively glamorous but thoroughly diabolical witches, she wisely whisks him away to a seaside resort. Regrettably, they arrive at precisely the same time that the world's Grand High Witch has gathered.",/ht6EfsM5hrsUPSR4ReJQFDVU71F.jpg,/4lWr2j3ZSEe8qlt3W3ma8TiiMQB.jpg,2020-10-26,6.336,2968,"['Comedy', 'Fantasy', 'Family', 'Horror']",0,29303571,104,medium
7484,tt0400717,Open Season,All Fur One. One Fur All.,"Boog, a domesticated 900lb. Grizzly bear finds himself stranded in the woods 3 days before Open Season. Forced to rely on Elliot, a fast-talking mule deer, the two form an unlikely friendship and must quickly rally other forest animals if they are to form a rag-tag army against the hunters.",/w5Lctmkc1yah215Luxmci4djaiW.jpg,/wttDKH1WRXGpebDVzrqnVSdh15u.jpg,2006-09-27,6.187,2964,"['Animation', 'Family', 'Adventure', 'Comedy']",85000000,200811689,86,medium
9902,tt0295700,Wrong Turn,It's the last one you'll ever take.,"Chris crashes into a carload of other young people, and the group of stranded motorists is soon lost in the woods of West Virginia, where they're hunted by three cannibalistic mountain men who are grossly disfigured by generations of inbreeding.",/7lyxwOg7SdGff79yKCQmJ3AKWSf.jpg,/uDN5vOzXjtThKdu4W07Xwk5IFub.jpg,2003-05-30,6.384,2959,"['Horror', 'Thriller']",12600000,28650575,84,medium
10202,tt0960731,Bedtime Stories,Whatever they dream up... he has to survive.,Skeeter Bronson is a down-on-his-luck guy who's always telling bedtime stories to his niece and nephew. But his life is turned upside down when the fantastical stories he makes up for entertainment inexplicably turn into reality. Can a bewildered Skeeter manage his own unruly fantasies now that the outrageous characters and situations from his mind have morphed into actual people and events?,/2PljsqbhxrFUzfTnaVhsseHhXN0.jpg,/gu9SE1fuuc5cA8w8om21lc4at3h.jpg,2008-12-24,6.157,2955,"['Fantasy', 'Comedy', 'Family', 'Romance']",80000000,212874864,99,medium
76640,tt1549920,The Last Stand,Not in his town. Not on his watch.,"Ray Owens is sheriff of the quiet US border town of Sommerton Junction after leaving the LAPD following a bungled operation. Following his escape from the FBI, a notorious drug baron, his gang, and a hostage are heading toward Sommerton Junction where the police are preparing to make a last stand to intercept them before they cross the border. Owens is reluctant to become involved but ultimately joins in with the law enforcement efforts.",/3tP4r47v8v6mEj5X5RuG9y8Frbh.jpg,/86yCBuxCX5PV60Y1Gp0VO6K8imM.jpg,2013-01-12,6.1,2951,"['Action', 'Crime', 'Thriller']",30000000,0,107,medium
241554,tt2199571,Run All Night,One night to live. To die. To run.,"Brooklyn mobster and prolific hit man Jimmy Conlon has seen better days. Longtime best friend of a mob boss, Jimmy is haunted by the sins of his past—as well as a dogged police detective who’s been one step behind Jimmy for 30 years. But when Jimmy’s estranged son becomes a target, Jimmy must make a choice between the crime family he chose and the real family he abandoned long ago. Now, with nowhere safe to turn, Jimmy has just one night to figure out exactly where his loyalties lie and to see if he can finally make things right.",/iGvSMoPbWZWDnIhh54yiq3sW7wH.jpg,/dqTvzfXhUWPoBuIbQInOBmYvEL4.jpg,2015-03-11,6.429,2950,"['Action', 'Crime', 'Thriller']",50000000,71561644,114,medium
193893,tt1924435,Let's Be Cops,Fake Cops. Real Trouble.,"Best pals Ryan and Justin are stalled in their respective careers -- a fact that is painfully driven home when they go to a college reunion. Dressed as police in the mistaken belief that they were to attend a costume party, Ryan and Justin find that the uniforms earn them much respect and attention. Although Justin is uncomfortable with the idea, Ryan decides to continue with the charade, putting them both in increasingly dangerous situations. When these newly-minted “heroes” get tangled in a real life web of mobsters and dirty detectives, they must put their fake badges on the line.",/pf4FoUr2phn5WyZjU7rLXSiW1Ve.jpg,/aa5P3DfHMD2Y5xotn2067A5OMAI.jpg,2014-08-13,6.459,2947,['Comedy'],17000000,136600000,104,medium
49520,tt1488555,The Change-Up,Who says men can't change?,"Lifelong friends Dave and Mitch are envious of the other's life. Mitch thinks Dave has it all: a beautiful, loving family and a high-paying job at a prestigious law firm. But Dave thinks Mitch’s stress-free playboy life without obligation or consequence is the real dream come true. One fateful drunken night, they both admit that they wish they had the other’s life while peeing in a fountain when lightning strikes. The next morning, they wake up, hungover, in each other’s bodies! With time not on their side, Mitch and Dave comically struggle to avoid completely destroying each other’s lives before they can find a way to get their old ones back.",/iV6ARQZyGpjygtzFMdWH9U1Lj9x.jpg,/mMxbSeNEkiddadwyuHrU21621U.jpg,2011-08-05,6.156,2942,['Comedy'],52000000,75500000,112,medium
261392,tt3316948,American Ultra,Everyone's getting smoked.,"Mike is an unmotivated stoner whose small-town life with his live-in girlfriend, Phoebe, is suddenly turned upside down.  Unbeknownst to him, Mike is actually a highly trained, lethal sleeper agent. In the blink of an eye, as his secret past comes back to haunt him, Mike is thrust into the middle of a deadly government operation and is forced to summon his inner action-hero in order to survive.",/g9JX6RZQoTInDJhbrKItnOr47qr.jpg,/wSdXmiaTcdfREfUa3cGfbgYHHlV.jpg,2015-08-19,6.092,2933,"['Action', 'Comedy']",28000000,27100000,96,medium
9315,tt0408790,Flightplan,If someone took everything you live for... how far would you go to get it back?,"Flying at 40,000 feet in a state-of-the art aircraft that she helped design, Kyle Pratt's 6-year-old daughter Julia vanishes without a trace. Or did she? No one on the plane believes Julia was ever onboard. And now Kyle, desperate and alone, can only count on her own wits to unravel the mystery and save her daughter.",/oNjZFzbe7PfF3TxztNHDkinOPyB.jpg,/59vrJSluVcM4bs9nnGMYnXX569o.jpg,2005-09-22,6.448,2931,"['Thriller', 'Drama', 'Mystery']",55000000,223387299,98,medium
109491,tt1559547,Beautiful Creatures,Dark secrets will come to light.,"Ethan Wate just wants to get to know Lena Duchannes better, but unbeknownst to him, Lena has strange powers.  As Lena's 16th birthday approaches she might decide her fate, to be good or evil.  A choice which will impact her relationship forever.",/t7PWQHpJHb2ozALCfaPaC5aHxBs.jpg,/6eDiL5UvFBnbalrxzrLKbIKwg8t.jpg,2013-02-13,6.0,2929,"['Fantasy', 'Drama', 'Romance']",60000000,60052138,124,medium
11007,tt0349205,Cheaper by the Dozen,The more...the scarier!,"The Baker brood moves to Chicago after patriarch Tom gets a job coaching football at Northwestern University, forcing his writer wife, Kate, and the couple's 12 children to make a major adjustment. The transition works well until work demands pull the parents away from home, leaving the kids bored -- and increasingly mischievous.",/afclGGoQslTYFTnyW1LRMtJMiBp.jpg,/h1jqCWsSWudxQv7uYguDkXaAjPF.jpg,2003-12-24,6.3,2927,"['Comedy', 'Family', 'Drama']",40000000,190212113,98,medium
4442,tt0355295,The Brothers Grimm,No curse they can't reverse. No demon they can't exterminate. No spell they can't break.,"Folklore collectors and con artists, Jake and Will Grimm, travel from village to village pretending to protect townsfolk from enchanted creatures and performing exorcisms. However, they are put to the test when they encounter a real magical curse in a haunted forest with real magical beings, requiring genuine courage.",/v6J7QGCSrtvwvqAt6783BbO3h61.jpg,/aDfGKWdtNHzDmnHkdDyXz7zoDuy.jpg,2005-08-26,5.849,2926,"['Adventure', 'Fantasy', 'Action', 'Comedy', 'Thriller']",88000000,105300000,118,medium
420634,tt4281724,Terrifier,You never forget your first kill.,A maniacal clown named Art terrorizes three young women on Halloween night and everyone else who stands in his way.,/fjXqhGmaeQpB73WerhrYU6HlyV5.jpg,/naNXYdBzTEb1KwOdi1RbBkM9Zv1.jpg,2018-01-25,6.32,2919,['Horror'],35000,421798,84,medium
950387,tt3566834,A Minecraft Movie,Be there and be square.,"Four misfits find themselves struggling with ordinary problems when they are suddenly pulled through a mysterious portal into the Overworld: a bizarre, cubic wonderland that thrives on imagination. To get back home, they'll have to master this world while embarking on a magical quest with an unexpected, expert crafter, Steve.",/yFHHfHcUgGAxziP1C3lLt0q2T4s.jpg,/2Nti3gYAX513wvhp8IiLL6ZDyOm.jpg,2025-03-31,6.264,2912,"['Family', 'Fantasy', 'Comedy', 'Adventure']",150000000,958287780,101,medium
9705,tt0244244,Swordfish,Log on. Hack in. Go anywhere. Steal everything.,"Rogue agent Gabriel Shear is determined to get his mitts on $9 billion stashed in a secret Drug Enforcement Administration account. He wants the cash to fight terrorism, but lacks the computer skills necessary to hack into the government mainframe. Enter Stanley Jobson, a n'er-do-well encryption expert who can log into anything.",/mM6h4jMqC4q5IaFgBIGKQDLnRU.jpg,/eSxvC0Qw0A9AfI355MF9dSItrfR.jpg,2001-06-08,6.261,2912,"['Action', 'Crime', 'Thriller']",102000000,147080413,99,medium
9477,tt0349683,King Arthur,Rule Your Fate.,"The story of the Arthurian legend, based on the 'Sarmatian hypothesis' which contends that the legend has a historical nucleus in the Sarmatian heavy cavalry troops stationed in Britain, and that the Roman-British military commander, Lucius Artorius Castus is the historical person behind the legend.",/iKLZEAnjzr51Ij7TJtNejc5CN3i.jpg,/zmtOyU6pE6PbyMJiNqiISMOIRS5.jpg,2004-07-07,6.3,2896,"['Adventure', 'War', 'History', 'Action', 'Drama']",120000000,203567857,126,medium
452507,tt6214928,1922,Your darkest secrets never stay buried.,"A simple yet proud rancher conspires to murder his wife for financial gain, convincing his teenage son to participate.",/q4FQOiSRhTLWulHl5Vpg37FMArH.jpg,/3uwyXMZN93PRkShUxvLrufwVAc2.jpg,2017-10-20,5.944,2895,"['Horror', 'Crime', 'Drama']",5000000,2943477,102,medium
11024,tt0331632,Scooby-Doo 2: Monsters Unleashed,Doo the fright thing.,"A masked villain wreaks mayhem on the city of Coolsville with a monster machine that creates real-life versions of Mystery Inc.'s former foes like The 10,000 Volt Ghost, The Cotton Candy Glob, The Skelemen and The Pterodactyl Ghost. Fred, Daphne, Shaggy, Velma and Scooby-Doo launch an investigation into the monster outbreak that leaves Shaggy and Scooby questioning their roles in Mystery Inc. Eager to prove their detective skills, the ever-ravenous duo comes up with a secret plan to solve the mystery all by themselves. Can the gang unravel their most challenging case?",/5BrXCJrs22bR5KR6mLHluYo6y4m.jpg,/m8y7OjvCBLmJfG6CIb5gpXFSLec.jpg,2004-03-24,6.091,2894,"['Mystery', 'Adventure', 'Comedy']",80000000,181466833,93,medium
23437,tt1179056,A Nightmare on Elm Street,Welcome to your new nightmare.,"Teenagers Nancy, Quentin, Kris, Jesse and Dean are all neighborhood friends who begin having the same dream of a horribly disfigured man who wears a tattered sweater and a glove made of knives. The man terrorizes them in their dreams, and the only escape is to wake up. But when, one by one, they start dying violently, the friends realize that what happens in the dream world is real, and the only way to stay alive is to stay awake.",/nsmW28GcNabCUZfP5YtUEe8Li0f.jpg,/Aur8dDhjDDJBuSDa9Y9GNrvlPI5.jpg,2010-04-30,5.522,2887,"['Horror', 'Mystery', 'Thriller']",35000000,115665418,95,medium
257091,tt2561572,Get Hard,An education in incarceration.,"When millionaire hedge fund manager James is convicted of fraud and sentenced to a stretch in San Quentin, the judge gives him one month to get his affairs in order. Knowing that he won't survive more than a few minutes in prison on his own, James desperately turns to Darnell-- a black businessman who's never even had a parking ticket -- for help. As Darnell puts James through the wringer, both learn that they were wrong about many things, including each other.",/rJPbS2cYOYhDCjT5NmW1Fm6gFl3.jpg,/b52Vpc5NZTdoj1mlcgc9xd14i3i.jpg,2015-03-26,6.023,2882,['Comedy'],40000000,111800000,100,medium
610253,tt10665338,Halloween Kills,Evil dies tonight.,"Michael manages to free himself from Laurie Strode's trap to resume his ritual bloodbath. As she fights for her life from injuries from their last encounter, she inspires her daughter Karen, her granddaughter Allyson, and all of Haddonfield to rise up against the unstoppable monster.",/ir9eyz1mtgsohjvo7UYtqUfFuES.jpg,/fuuZFPc8x6gQ8mLGoBp9vrmcQMT.jpg,2021-10-14,6.4,2880,"['Horror', 'Thriller']",20000000,133423964,105,medium
9373,tt0324216,The Texas Chainsaw Massacre,What you know about fear...doesn't even come close.,"After picking up a traumatized young hitchhiker, five friends find themselves stalked and hunted by a chainsaw-wielding killer and his family of equally psychopathic killers.",/781px1eOtfVt1RdIsL4Dt1s3x7R.jpg,/xnShZK7y4lupUmXghz75HRSooW9.jpg,2003-05-21,6.301,2869,['Horror'],9500000,107385515,98,medium
8054,tt1054606,The Imaginarium of Doctor Parnassus,The man who tried to cheat the devil.,"After a carnival troupe saves his life, a man agrees to help its immortal leader collect five souls and win a bet with the devil.",/DtrqQHa0wT9AWrk2WA9beROJJx.jpg,/vBw4z7l3NI32th7nR34zqRgdvXS.jpg,2009-10-01,6.384,2862,"['Adventure', 'Fantasy', 'Mystery']",30000000,64352607,123,medium
38117,tt1152398,Beastly,Love is never ugly.,"A modern-day take on the ""Beauty and the Beast"" tale where a New York teen is transformed into a hideous monster in order to find true love.",/uSAXWZsSD0pE4HYVUiDgusnEyyl.jpg,/hU4OdICqRXj3JFnSJsrR0SJejZy.jpg,2011-01-21,6.3,2855,"['Romance', 'Fantasy', 'Drama']",17000000,43200000,86,medium
403119,tt2932536,47 Meters Down,No way out. No way up. No chance in hell.,"Two sisters on Mexican vacation are trapped in a shark observation cage at the bottom of the ocean, with oxygen running low and great whites circling nearby, they have less than an hour of air left to figure out how to get to the surface.",/2IgdRUTdHyoI3nFORcnnYEKOGIH.jpg,/5JIdbM1SPymEge4f0pMy23Zj26m.jpg,2017-05-25,5.8,2837,"['Horror', 'Thriller']",5500000,62198461,89,medium
306947,tt2400463,The Invitation,There is nothing to be afraid of.,"Will and his new girlfriend Kira are invited to a dinner with old friends at the house of Will’s ex Eden and her new partner David. Although the evening appears to be relaxed, Will soon gets a creeping suspicion that their charming host David is up to something.",/otZMaGHWnKPgOODF6SSVNGqbI4X.jpg,/UT0FaX3djSmvphvDopomPNWXIQ.jpg,2016-04-08,6.431,2834,"['Thriller', 'Horror']",1000000,354835,100,medium
22894,tt1038686,Legion,"When the last angel falls, the fight for mankind begins.","When God loses faith in humankind, he sends his legion of angels to bring on the Apocalypse. Humanity's only hope for survival lies in a group of strangers trapped in an out-of-the-way, desert diner with the Archangel Michael.",/ykocDqwg5PRUopnBVb1x1DWnEJF.jpg,/7HzdWt7Rz3VeoHk5QEBEZaa0m1S.jpg,2010-01-21,5.893,2831,"['Action', 'Fantasy', 'Horror']",26000000,67918658,100,medium
417384,tt3387520,Scary Stories to Tell in the Dark,They're not just stories anymore.,"Mill Valley, Pennsylvania, Halloween night, 1968. After playing a joke on a school bully, Stella and her friends decide to sneak into a supposedly haunted house that once belonged to the powerful Bellows family, unleashing dark forces that they will be unable to control.",/uy0dNFbhRhHBLwpOGpcTw9UEwdX.jpg,/snll1zUi2oxIah9qifXOvbfjcrG.jpg,2019-08-08,6.488,2831,"['Horror', 'Mystery']",25000000,104545505,108,medium
266647,tt3332064,Pan,Every legend has a beginning.,"Living a bleak existence at a London orphanage, 12-year-old Peter finds himself whisked away to the fantastical world of Neverland. Adventure awaits as he meets new friend James Hook and the warrior Tiger Lily. They must band together to save Neverland from the ruthless pirate Blackbeard. Along the way, the rebellious and mischievous boy discovers his true destiny, becoming the hero forever known as Peter Pan.",/w8i0mZR7MEL7c3bXSsuYg7VJsew.jpg,/fACoy2VWw9lz1UbqrgtbIcSYi5e.jpg,2015-09-24,5.955,2829,"['Fantasy', 'Adventure', 'Family', 'Action']",150000000,128388320,111,medium
13207,tt0758746,Friday the 13th,Welcome to Crystal Lake.,A group of young adults visit a boarded up campsite named Crystal Lake where they soon encounter the mysterious Jason Voorhees and his deadly intentions.,/88wlJ4teYlck4hJ2bnlxBrAVh0m.jpg,/nQvMQWJtd5cSRJelDTp5WfEqyx5.jpg,2009-02-11,5.774,2829,"['Horror', 'Thriller']",19000000,91509154,97,medium
740985,tt13143964,Borat Subsequent Moviefilm: Delivery of Prodigious Bribe to American Regime for Make Benefit Once Glorious Nation of Kazakhstan,Wear mask. Save live.,"14 years after making a film about his journey across the USA, Borat risks life and limb when he returns to the United States with his young daughter, and reveals more about the culture, the COVID-19 pandemic, and the political elections.",/3L1Ml5RWjFVfVq3rQENvgFymT0U.jpg,/3Ysvp4ODDC6sucdQ9quHWkMiKED.jpg,2020-10-23,6.43,2825,['Comedy'],0,0,96,medium
9767,tt0452594,The Break-Up,…pick a side.,"Pushed to the breaking-up point after their latest 'why can't you do this one little thing for me?' argument, Brooke calls it quits with her boyfriend Gary. What follows is a hilarious series of remedies, war tactics, overtures and undermining tricks – all encouraged by the former couple's friends and confidantes …and the occasional total stranger! When neither ex is willing to move out of their shared apartment, the only solution is to continue living as hostile roommates until one of them reaches breaking point.",/ghCLIPRZNAndBoIZJ8f7lN5Mlly.jpg,/tukmcuDcTgFesqveQQWKhKXKEzg.jpg,2006-06-01,5.898,2810,"['Romance', 'Comedy']",52000000,205700000,106,medium
700391,tt12261776,65,When past meets future.,"65 million years ago, the only 2 survivors of a spaceship from Somaris that crash-landed on Earth, must fend off dinosaurs to reach the escape vessel in time before an imminent asteroid strike threatens to destroy the planet.",/rzRb63TldOKdKydCvWJM8B6EkPM.jpg,/eSVu1FvGPy86TDo4hQbpuHx55DJ.jpg,2023-03-02,5.95,2806,"['Action', 'Adventure', 'Science Fiction']",45000000,60730568,92,medium
339397,tt4513674,Café Society,Anyone who is anyone will be seen at Café Society.,"The story of a young man who arrives in Hollywood during the 1930s hoping to work in the film industry, falls in love, and finds himself swept up in the vibrant café society that defined the spirit of the age.",/q9fohCRpQ7m8OTyi82fxa3B86te.jpg,/p0pqnu9URsFzYwo55QbS3bfAamU.jpg,2016-05-11,6.44,2806,"['Comedy', 'Drama', 'Romance']",30000000,43763247,97,medium
6466,tt0329101,Freddy vs. Jason,Even a killer has something to fear.,"Freddy Krueger and Jason Voorhees return to terrorize the teenagers of Elm Street. Only this time, they're out to get each other, too.",/f9ZASRUfl8Jlco7rgRx3ujPR0P7.jpg,/hCAOQTMRop2fHjsl8n7yNwpkMJn.jpg,2003-08-15,6.083,2805,['Horror'],30000000,116643421,97,medium
602269,tt10016180,The Little Things,Some things never let us go.,"Deputy Sheriff Joe ""Deke"" Deacon joins forces with Sgt. Jim Baxter to search for a serial killer who's terrorizing Los Angeles. As they track the culprit, Baxter is unaware that the investigation is dredging up echoes of Deke's past, uncovering disturbing secrets that could threaten more than his case.",/tLO1aD1ghdtVMT32z2sRmzgYKYd.jpg,/vfuzELmhBjBTswXj2Vqxnu5ge4g.jpg,2021-01-28,6.343,2789,"['Drama', 'Crime', 'Thriller']",30000000,29942746,128,medium
109443,tt1229340,Anchorman 2: The Legend Continues,Bigger. Better. Burgundy-er.,"With the 70s behind him, San Diego's top rated newsman, Ron Burgundy, returns to take New York's first 24-hour news channel by storm.",/BAdmxMdCqzjs6hx3KuEtnoWP8d.jpg,/hYY7wC3vuwSmoRdcMalVMjPC0a0.jpg,2013-12-18,6.144,2785,['Comedy'],50000000,173700000,119,medium
37958,tt1253864,Immortals,The Gods need a hero.,"Theseus is a mortal man chosen by Zeus to lead the fight against the ruthless King Hyperion, who is on a rampage across Greece to obtain a weapon that can destroy humanity.",/4SPPX5KIyaQ9O8n5rLvvUIiIhpF.jpg,/vbcUqIQZl7q7O2op2NT0ZqTLXxH.jpg,2011-11-10,6.042,2783,"['Fantasy', 'Action', 'Drama']",75000000,226904017,110,medium
49527,tt1568338,Man on a Ledge,You can only push an innocent man so far,"An ex-cop turned con threatens to jump to his death from a Manhattan hotel rooftop. The NYPD dispatch a female police psychologist to talk him down. However, unbeknownst to the police on the scene, the suicide attempt is a cover for the biggest diamond heist ever pulled.",/pziTpiYy5dtVdvXctYIZv09r5Nk.jpg,/z7dLToPL37g8AbaFkMTwgxWh2GT.jpg,2012-01-13,6.431,2781,"['Action', 'Thriller', 'Crime']",42000000,46221189,102,medium
438650,tt5719748,Cold Pursuit,Meet Nels Coxman. Citizen of the Year.,"The quiet family life of Nels Coxman, a snowplow driver, is upended after his son's murder. Nels begins a vengeful hunt for Viking, the drug lord he holds responsible for the killing, eliminating Viking's associates one by one. As Nels draws closer to Viking, his actions bring even more unexpected and violent consequences, as he proves that revenge is all in the execution.",/5RILVnOchQyL1LbcVzmabipdJfc.jpg,/aiM3XxYE2JvW1vJ4AC6cI1RjAoT.jpg,2019-02-07,5.873,2779,"['Crime', 'Action']",60000000,76419755,119,medium
395990,tt1137450,Death Wish,They came for his family. Now he's coming for them.,A mild-mannered father is transformed into a killing machine after his family is torn apart by a violent act.,/g0eEEZAqMf98ULQnoiORuazjOpn.jpg,/uQqQvmptJLPTcWDrZXn22p7j7s3.jpg,2018-03-01,6.225,2775,"['Action', 'Crime', 'Thriller', 'Drama']",30000000,34017028,107,medium
52451,tt1509767,The Three Musketeers,Every legend has a new beginning.,The hot-headed young D'Artagnan along with three former legendary but now down on their luck Musketeers must unite and defeat a beautiful double agent and her villainous employer from seizing the French throne and engulfing Europe in war.,/woCADkkDIIKrOMEokbFOEsAYtUa.jpg,/gxInxrSdEDUA5J3DT2wTj9vQIXr.jpg,2011-08-31,5.8,2764,"['Adventure', 'Action', 'Thriller']",75000000,132274484,110,medium
1032823,tt26753003,Trap,"30,000 fans. 300 cops. 1 serial killer. No escape.","A father and teen daughter attend a pop concert, where they realize they're at the center of a dark and sinister event.",/jwoaKYVqPgYemFpaANL941EF94R.jpg,/nra0mwygGORHlD0Rd84DhQ9jkdf.jpg,2024-07-31,6.236,2757,"['Crime', 'Horror', 'Thriller']",30000000,83677281,105,medium
210860,tt3045616,Mortdecai,Sophistication has a name.,"An art dealer, Charles Mortdecai, searches for a stolen painting rumored to contain a secret code that gains access to hidden Nazi gold.",/zIRDhdAuMevOuY2vs3s1HNcqDq7.jpg,/6Sg4UUs0OksCbR0TZxUtQWPOMDV.jpg,2015-01-21,5.519,2748,"['Comedy', 'Adventure']",60000000,47318560,107,medium
80271,tt1592873,LOL,"You can change your status, but not your heart.","In a world connected by YouTube, iTunes, and Facebook, Lola and her friends navigate the peer pressures of high school romance and friendship while dodging their sometimes overbearing and confused parents. When Lola's mom, Anne, ""accidentally"" reads her teenage daughter's racy journal, she realizes just how wide their communication gap has grown.",/AlnBUoKzzPnczrzzxuh0SYwDa3Z.jpg,/2AnshBpKeHcvSUYy3xNdVpPbuWM.jpg,2012-02-10,6.099,2742,"['Drama', 'Comedy', 'Romance']",11000000,10500000,97,medium
20048,tt1093908,Confessions of a Shopaholic,All she ever wanted was a little credit...,"In the glamorous world of New York City, Rebecca Bloomwood is a fun-loving girl who is really good at shopping – a little too good, perhaps. She dreams of working for her favorite fashion magazine, but can't quite get her foot in the door – until ironically, she snags a job as an advice columnist for a financial magazine published by the same company.",/r17R9OIC0pKDqqsNore6atYLCVZ.jpg,/CfSec5mH7xVMxCekhsqY4NUCCx.jpg,2009-02-05,6.481,2739,"['Comedy', 'Romance']",40000000,108394089,104,medium
8584,tt0184894,Shanghai Noon,The old west meets the far east.,"Chon Wang, a clumsy imperial guard, trails Princess Pei Pei when she's kidnapped from the Forbidden City and transported to America. Wang follows her captors to Nevada, where he teams up with an unlikely partner, outcast outlaw Roy O'Bannon, and tries to spring the princess from her imprisonment.",/b0WwWRcDiDahkah5vZ0KjB4N9ZZ.jpg,/x4dH86KvLTGlIBMQb7kNTB0svy5.jpg,2000-05-26,6.413,2739,"['Adventure', 'Action', 'Comedy', 'Western']",55000000,99274467,110,medium
463272,tt6921996,Johnny English Strikes Again,His licence renewed. His intelligence restricted.,"Disaster strikes when a criminal mastermind reveals the identities of all active undercover agents in Britain. The secret service can now rely on only one man - Johnny English. Currently teaching at a minor prep school, Johnny springs back into action to find the mysterious hacker. For this mission to succeed, he’ll need all of his skills - what few he has - as the man with yesterday’s analogue methods faces off against tomorrow’s digital technology.",/tCBxnZwLiY1BOKw3tH6AxHZdqPh.jpg,/qw6nuv56NW1JqzMoONlM84Iciwz.jpg,2018-09-13,6.274,2733,"['Action', 'Adventure', 'Comedy']",25000000,158972570,88,medium
9383,tt0164052,Hollow Man,Think you’re alone? Think again.,"Cocky researcher Sebastian Caine is working on a project to make living creatures invisible. Determined to achieve the ultimate breakthrough, Caine pushes his team to move to the next phase — using himself as the subject. The test is a success, but when the process can't be reversed and Caine seems doomed to future without flesh, he starts to turn increasingly dangerous.",/sd3qUIv5uoP2oTbqv66CzXSPjKG.jpg,/g6UIASElC5M6jwtV4TZlz1sok3h.jpg,2000-08-04,5.956,2731,"['Action', 'Science Fiction', 'Thriller']",95000000,190213455,112,medium
539885,tt8784956,Ava,Kill. Or be killed.,A black ops assassin is forced to fight for her own survival after a job goes dangerously wrong.,/qzA87Wf4jo1h8JMk9GilyIYvwsA.jpg,/54yOImQgj8i85u9hxxnaIQBRUuo.jpg,2020-07-02,5.826,2727,"['Action', 'Thriller', 'Crime']",0,2987741,96,medium
225565,tt1800246,That Awkward Moment,When you realize getting some means wanting more.,"Best pals Jason and Daniel indulge in casual flings and revel in their carefree, unattached lives. After learning that the marriage of their friend Mikey is over, they gladly welcome him back into their circle. The three young men make a pact to have fun and avoid commitment. However, when all three find themselves involved in serious relationships, they must keep their romances secret from one another.",/tjDAdesZNYFyRNnZvLT0osc7S2t.jpg,/2FfNbWD2ss7BrI1jYVbkWT3CunU.jpg,2014-01-29,6.145,2720,"['Comedy', 'Romance']",8000000,45600000,94,medium
419680,tt5657846,Daddy's Home 2,More Daddies. More Problems.,"Father and stepfather Dusty and Brad join forces to make Christmastime perfect for the children. Their newfound partnership soon gets put to the test when Dusty's old-school, macho dad and Brad's gentle father arrive to turn the holiday upside down. After a sudden change in plans, the four men decide to take the kids to a luxury resort for a fun-filled getaway that turns into a hilarious and chaotic adventure.",/rF2IoKL0IFmumEXQFUuB8LajTYP.jpg,/wGQZepzZbZpzZW7a4aTZyAu8huy.jpg,2017-11-09,6.31,2717,['Comedy'],69000000,180613180,100,medium
9408,tt0423294,Surf's Up,A Major Ocean Picture,"With a documentary crew in tow, Cody Maverick—a young surfer from Antarctica—travels to the pacific for his first professional competition. Determined to earn respect and live up to his idol, Big Z, Cody pushes himself to the limit. But all that changes when an encounter with a laid-back local forces him to rethink his values.",/kAeZfUDmuhnL8pLnxxFxBhYVdm6.jpg,/Y50RfoNVKIj9dSJavE8uBdN377.jpg,2007-06-08,6.493,2717,"['Animation', 'Comedy', 'Family']",85000000,149000000,85,medium
23048,tt1231587,Hot Tub Time Machine,Forget the present. Change the future. Kick some past.,"Four pals are stuck in a rut in adulthood: Adam has just been dumped, Lou is a hopeless party animal, Nick is a henpecked husband, and Jacob does nothing but play video games in his basement. But they get a chance to brighten their future by changing their past after a night of heavy drinking in a ski-resort hot tub results in their waking up in 1986.",/wjzbVXAes1acbh6k4OO5xVfy5.jpg,/wwzuxanisjA7GhZOPYaWlfmlCKY.jpg,2010-03-26,6.042,2714,"['Science Fiction', 'Comedy', 'Adventure']",36000000,64780213,101,medium
271718,tt3152624,Trainwreck,We all know one.,"Ever since her father drilled into her head that monogamy isn't realistic, magazine writer Amy has made promiscuity her credo. As much as she enjoys an uninhibited life free of commitment, Amy is really in a rut. While writing a profile about charming and successful sports doctor Aaron Conners, she finds herself actually falling in love for the first time -- and what's more, Aaron seems to really like her too. Amy starts to wonder if it's time to clean up her act and face her fears.",/wrY629UTCUAKLJ4CxQXz6DCE7pr.jpg,/9O6pLFE630h7IxslegYR9CV64aE.jpg,2015-07-17,5.786,2706,"['Comedy', 'Romance']",35000000,140795793,125,medium
10204,tt0327437,Around the World in 80 Days,Let your imagination soar.,"A bet pits a British inventor, a Chinese thief and a French artist on a worldwide adventure that they can circle the globe in 80 days.",/bBiMw6Jtg8tSTcEq8jFV7qk9TRW.jpg,/lpZPrfmWrcSkYQx8JHT9APj2uPB.jpg,2004-06-16,5.95,2680,"['Action', 'Adventure', 'Comedy']",110000000,72178895,120,medium
9257,tt0257076,S.W.A.T.,You're either S.W.A.T. or you're not.,"Hondo Harrelson recruits Jim Street to join an elite unit of the Los Angeles Police Department. Together they seek out more members, including tough Deke Kay and single mom Chris Sanchez. The team's first big assignment is to escort crime boss Alex Montel to prison. It seems routine, but when Montel offers a huge reward to anyone who can break him free, criminals of various stripes step up for the prize.",/bon63yPVIgUFLP2653Dg9GCOJLJ.jpg,/dfSAFTqNLfB3YAs9Ppy13EUaNYI.jpg,2003-08-08,6.155,2679,"['Action', 'Thriller', 'Crime']",80000000,207700000,117,medium
449562,tt1298644,The Hustle,They're giving dirty rotten men a run for their money.,"Two female scam artists, one low rent and the other high class, compete to swindle a naïve tech prodigy out of his fortune. A remake of the 1988 comedy ""Dirty Rotten Scoundrels.""",/qZniBGQRESLIfxw6GeZLZ2G1osa.jpg,/s6awXOxTKYQLSktiIJfI3969dZH.jpg,2019-05-09,6.189,2675,"['Comedy', 'Crime']",21000000,97400000,94,medium
460458,tt6920084,Resident Evil: Welcome to Raccoon City,Witness the beginning of evil.,"Once the booming home of pharmaceutical giant Umbrella Corporation, Raccoon City is now a dying Midwestern town. The company’s exodus left the city a wasteland…with great evil brewing below the surface. When that evil is unleashed, the townspeople are forever…changed…and a small group of survivors must work together to uncover the truth behind Umbrella and make it through the night.",/bArhvjRHl535XMaSh9VjInF2mSZ.jpg,/wYtEvBmpBRXPdwGgr1gcWiwJSI7.jpg,2021-11-24,5.935,2659,"['Action', 'Horror', 'Science Fiction']",25000000,41914915,107,medium
72387,tt1656190,Safe,She has the code. He is the key.,"After a former elite agent rescues a 12-year-old Chinese girl who's been abducted, they find themselves in the middle of a standoff between Triads, the Russian Mafia and high-level corrupt New York City politicians and police.",/kOCpkoMUVae9UIf85gO71SyjLbW.jpg,/sNtRc8pq28UBjzcl0ty556UbDoO.jpg,2012-04-16,6.499,2652,"['Action', 'Crime', 'Thriller']",30000000,40300000,94,medium
10665,tt0482606,The Strangers,Lock the door. Pretend you're safe.,"After a 4 a.m. knock at the door and haunting voices, Kristen McKay and James Hoyt’s remote getaway becomes a psychological night of terror as three masked strangers invade. Now they must go far beyond what they thought themselves capable of if they hope to survive.",/gwsg4qFmLOvlhwXj4OZuxfFUdP0.jpg,/3Eiui4wxrOWHAhDTQFkbRIVI4vX.jpg,2008-05-29,6.124,2644,"['Horror', 'Thriller']",9000000,83051676,86,medium
10358,tt1007028,Zack and Miri Make a Porno,What would you do to get out of debt?,"Lifelong platonic friends Zack and Miri look to solve their respective cash-flow problems by making an adult film together. As the cameras roll, however, the duo begin to sense that they may have more feelings for each other than they previously thought.",/ipePhKf87FixwfAVJ8MMWK53caI.jpg,/p8z3V9jL00gIGKSEF2lIVQcDe2O.jpg,2008-09-18,6.343,2639,"['Comedy', 'Romance']",24000000,42105111,102,medium
480414,tt4913966,The Curse of La Llorona,She wants your children.,"In 1970s Los Angeles, the legendary ghost La Llorona is stalking the night -- and the children. Ignoring the eerie warning of a troubled mother, a social worker and her own kids are drawn into a frightening supernatural realm. Their only hope of surviving La Llorona's deadly wrath is a disillusioned priest who practices mysticism to keep evil at bay.",/hETrPpoKs6BwoilK64YJ7Z5GcRT.jpg,/8MCCpfOe7hkG28cNmkXVrOWRIlK.jpg,2019-04-17,5.651,2636,['Horror'],9000000,123233739,93,medium
7552,tt0369441,Fun with Dick and Jane,Giving big businesses a run for their money!,"After Dick Harper loses his job at Globodyne in an Enron-esque collapse, he and his wife, Jane, turn to crime in order to handle the massive debt they now face. Two intelligent people, Dick and Jane actually get pretty good at robbing people and even enjoy it -- but they have second thoughts when they're reminded that crime can hurt innocent people. When the couple hears that Globodyne boss Jack McCallister actually swindled the company, they plot revenge.",/xTcIPKpzCqQUQixNPS0Rb7HPEAf.jpg,/ooi2vJaIvqeq5byrT2tIe9xJCaP.jpg,2005-12-21,6.221,2635,"['Comedy', 'Crime']",100000000,202026112,90,medium
68737,tt1121096,Seventh Son,"When darkness falls, the son will rise.","John Gregory, who is a seventh son of a seventh son and also the local spook, has protected the country from witches, boggarts, ghouls and all manner of things that go bump in the night. However John is not young anymore, and has been seeking an apprentice to carry on his trade. Most have failed to survive. The last hope is a young farmer's son named Thomas Ward. Will he survive the training to become the spook that so many others couldn't?",/7Q8DfXSjcFSSQDOxz1Sk865wNqI.jpg,/2EyK8wpLdYFaS35o0worjqsiuZn.jpg,2014-12-12,5.514,2634,"['Adventure', 'Fantasy']",95000000,114178613,102,medium
325348,tt3072482,Hardcore Henry,First they made him dangerous. Then they made him mad.,"Henry, a newly resurrected cyborg who must save his wife/creator from the clutches of a psychotic tyrant with telekinetic powers, AKAN, and his army of mercenaries. Fighting alongside Henry is Jimmy, who is Henry's only hope to make it through the day. Hardcore Henry takes place over the course of one day, in Moscow, Russia.",/ik1uZyiMSxF9HqrgRKUNfMCfr3z.jpg,/agxzi8QIXWnZgLxwHck8wdjfYk7.jpg,2015-09-12,6.407,2634,"['Action', 'Adventure', 'Science Fiction']",2000000,16810562,97,medium
9645,tt0288477,Ghost Ship,Sea Evil,"After discovering a passenger ship missing since 1962 floating adrift on the Bering Sea, salvagers claim the vessel as their own. Once they begin towing the ghost ship towards harbor, a series of bizarre occurrences happen and the group becomes trapped inside the ship, which they soon learn is inhabited by a demonic creature.",/kIlzZJqV4SCGHrrjoGLBhmsO7z2.jpg,/r4yVwsLF2pJr4C50pWizn9fYNbF.jpg,2002-10-25,5.997,2627,"['Horror', 'Mystery', 'Thriller']",35000000,71142361,91,medium
23047,tt0479997,Season of the Witch,Not all souls can be saved.,"A 14th century Crusader returns with his comrade to a homeland devastated by the Black Plague. The Church commands the two knights to transport a witch to a remote abbey, where monks will perform a ritual in hopes of ending the pestilence.",/dNVqi8EsBtnnwfR6TgiWM51JOuS.jpg,/9Lm94WVtV4HPxr7NWNlwkhLKSeH.jpg,2011-01-07,5.521,2623,"['Adventure', 'Fantasy', 'Action']",40000000,91627228,95,medium
539537,tt0983946,Fantasy Island,Anything you desire. Everything you fear.,"A group of contest winners arrive at an island hotel to live out their dreams, only to find themselves trapped in nightmare scenarios.",/8ZMrZGGW65ePWIgRn1260nA1uUm.jpg,/dzfiE2VHY362dGI62XfZ2iI87CT.jpg,2020-02-12,5.763,2615,"['Adventure', 'Fantasy', 'Horror', 'Mystery']",7000000,49447308,109,medium
41436,tt1536044,Paranormal Activity 2,In 2009 you demanded it. Nothing can prepare you for what's next.,"Just as Daniel and Kristi welcome a newborn baby into their home, a demonic presence begins terrorizing them, tearing apart their perfect world and turning it into an inescapable nightmare.",/gfdrkBZAyUUXJJ2iLQe03SAYRD3.jpg,/lcw9r76AzazaUxRWVgC7YSPA4ua.jpg,2010-10-20,5.788,2615,"['Horror', 'Mystery']",3000000,177512032,91,medium
38167,tt0879870,Eat Pray Love,Let yourself go.,"A married woman realizes how unhappy her marriage really is, and that her life needs to go in a different direction. After a painful divorce, she takes off on a round-the-world journey to ""find herself"".",/nPLoZSLqUeQV37Brm71cRQTVUuY.jpg,/elzrIY3nfzWz4AXh0lxxBsXLCGI.jpg,2010-08-12,6.239,2607,"['Drama', 'Romance']",60000000,204594016,133,medium
335796,tt4361050,Ouija: Origin of Evil,"When you talk to the other side, you never know who will be listening.","In 1967 Los Angeles, a widowed mother and her two daughters add a new stunt to bolster their séance scam business and unwittingly invite authentic evil into their home. When the youngest daughter is overtaken by the merciless spirit, this small family confronts unthinkable fears to save her and send her possessor back to the other side.",/gwynHc2RrOFaplYMMpQRpr3TIA4.jpg,/gcwRlIbVurhcqbpYeCJU9HJgYmQ.jpg,2016-10-20,6.153,2608,['Horror'],9000000,81831866,99,medium
58244,tt1374992,Upside Down,Two worlds. One future.,"In an alternate universe where twinned worlds have opposite gravities, a young man battles interplanetary prejudice and the laws of physics in his quest to reunite with the long-lost girl of his dreams in this visually stunning romantic adventure that poses the question: what if love was stronger than gravity?",/wImo0dC72HRoI5QO85dGavmxW6q.jpg,/sKWh9hF0ekVhHHyGuJwdA3fnMGZ.jpg,2012-09-27,6.3,2601,"['Romance', 'Science Fiction', 'Drama', 'Fantasy']",60000000,22187813,104,medium
18501,tt1034032,Gamer,"In the near future, you don't live to play... you'll play to live.","Mind-control technology has taken society by a storm, a multiplayer on-line game called ""Slayers"" allows players to control human prisoners in mass-scale. Simon controls Kable, the online champion of the game. Kable's ultimate challenge becomes regaining his identity and independence by defeating the game's mastermind.",/d5BTNmr87p7EvguTFW72vlL9l9H.jpg,/nRBt4c7X56HexYhgt9Exl7upvRo.jpg,2009-09-03,5.689,2600,"['Action', 'Thriller', 'Science Fiction']",50000000,40800000,95,medium
418078,tt4695012,It Comes at Night,Fear turns men into monsters.,"Secure within a desolate home as an unnatural threat terrorizes the world, a man has established a tenuous domestic order with his wife and son, but this will soon be put to test when a desperate young family arrives seeking refuge.",/rNKJpFMlOZn5zkzBPZxEJrQn5Km.jpg,/6h9pjTsWzaUWuUszHHbeI1JWE1.jpg,2017-06-09,5.866,2596,"['Drama', 'Horror', 'Mystery']",5000000,19280931,91,medium
316023,tt2823054,Mike and Dave Need Wedding Dates,They needed hot dates. They got hot messes.,"Mike and Dave are young, adventurous, fun-loving brothers who tend to get out of control at family gatherings. When their sister Jeanie reveals her Hawaiian wedding plans, the rest of the Stangles insist that the brothers bring respectable dates. After placing an ad on Craigslist, the siblings decide to pick Tatiana and Alice, two charming and seemingly normal women. Once they arrive on the island, however, Mike and Dave realize that their companions are ready to get wild and party.",/alWBdyvXf1LSixnn1IfID5HMtLx.jpg,/4lfP1eVs5Q3Gk0K2kn1RvWs5alH.jpg,2016-07-07,6.0,2590,['Comedy'],33000000,77100000,98,medium
407436,tt2388771,Mowgli: Legend of the Jungle,The greatest journey is finding where you belong,"A human child raised by wolves, must face off against a menacing tiger named Shere Khan, as well as his own origins.",/clRnzMsFoMIdC7I5JsG6dnnHH8l.jpg,/pApaVlxJCp2o4mrzCAD3AaLjq77.jpg,2018-11-25,6.473,2587,"['Adventure', 'Drama']",175000000,0,105,medium
115782,tt2357129,Jobs,"Some see what's possible, others change what's possible.",The story of Steve Jobs' ascension from college dropout into one of the most revered creative entrepreneurs of the 20th century.,/mOyZ0UAWaOJartFq2G3Cv0soFtQ.jpg,/wCAMVsPUcDjq9UeELNKB71hz6Mj.jpg,2013-08-15,6.124,2581,"['Drama', 'History']",12000000,42100000,129,medium
9757,tt0477051,Norbit,Have you ever made a really big mistake?,"A mild-mannered guy who is engaged to a monstrous woman meets the woman of his dreams, and schemes to find a way to be with her.",/XcZ5NzygPp54csxCnzvQKuxFL2.jpg,/nMgQD51KzAqrt4F6iwxw5TetVLW.jpg,2007-02-08,5.668,2570,['Comedy'],10000000,159814490,102,medium
88794,tt1616195,J. Edgar,The most powerful man in the world.,"As the face of law enforcement in the United States for almost 50 years, J. Edgar Hoover was feared and admired, reviled and revered. But behind closed doors, he held secrets that would have destroyed his image, his career, and his life.",/hWHFPhGvCvfHbZCxJSR3n6GsXIf.jpg,/sl7VRkF2bMGUBShAHgkWzTeOFlW.jpg,2011-11-09,6.228,2568,"['Drama', 'Crime', 'History']",35000000,84606030,137,medium
77987,tt1602613,Only God Forgives,Time to meet the Devil.,"Julian, who runs a Thai boxing club as a front organization for his family's drug smuggling operation, is forced by his mother Crystal to find and kill the individual responsible for his brother's recent death.",/kWjjFSng1JttmDRwDROoGcIArEh.jpg,/pRrQMx00P8LaXGwJXYJ2tRGoVOs.jpg,2013-05-30,5.82,2564,"['Drama', 'Thriller', 'Crime']",4800000,10300000,89,medium
10996,tt0243585,Stuart Little 2,A Little goes a long way.,"Stuart, an adorable white mouse, still lives happily with his adoptive family, the Littles, on the east side of Manhattan's Central Park. More crazy mouse adventures are in store as Stuart, his human brother, George, and their mischievous cat, Snowbell, set out to rescue a friend.",/hjfeMLWqJY44mqqJKZSa6jx4Y1j.jpg,/iEvlXeDvLW5IjmWa5jwO0Tieu1g.jpg,2002-07-19,5.766,2531,"['Family', 'Adventure', 'Comedy']",120000000,169956806,78,medium
2133,tt0177971,The Perfect Storm,Feel its fury.,"In October 1991, a confluence of weather conditions combined to form a killer storm in the North Atlantic. Caught in the storm was the sword-fishing boat Andrea Gail.",/vJPoxqgpfFNbGi0HyoNsjFeLCio.jpg,/tO1wEUOSmZLyttwkhOMzUxTiR7k.jpg,2000-06-29,6.5,2531,"['Drama', 'Adventure', 'Action']",130000000,328718434,130,medium
457335,tt6902676,Guns Akimbo,Get loaded.,"An ordinary guy suddenly finds himself forced to fight a gladiator-like battle for a dark website that streams the violence for viewers. In order to survive and rescue his kidnapped ex-girlfriend, he must battle Nix, a heavily armed and much more experienced fighter.",/vV23MzddmlZJ6TIXpmRUyGV9961.jpg,/jKnZ3CavwSTsBbgSpAhQU8Z9nOy.jpg,2020-02-27,6.4,2529,"['Action', 'Comedy', 'Crime', 'Thriller']",15000000,835102,98,medium
2082,tt0373883,Halloween,Evil has a destiny.,"The early years of young Michael Myers and the events leading up to his fateful Halloween night murder rampage in the quiet town of Haddonfield, Illinois.",/cD8JrfSEI4j7WVnKM1GdiYzMoUh.jpg,/1tvvKnKyb4sLjF9znlE9vS5f9WJ.jpg,2007-08-31,6.226,2523,['Horror'],15000000,80460948,110,medium
228165,tt2279373,The SpongeBob Movie: Sponge Out of Water,Making waves in our world.,"Evil pirate Burger Beard is in search of the final page of a magical book that makes any evil plan he writes in it come true, but the final page happens to be the Krabby Patty secret formula. When Burger Beard endangers Bikini Bottom, SpongeBob, Patrick, Mr. Krabs, Squidward, Sandy, and Plankton must embark on a quest to retrieve the recipe and save their city...a quest that takes them to the surface world and transforms them into superheroes.",/2WDmjUlSAPlA27i2OwEC7sRTFw3.jpg,/sqcqFzAj3IPSFprQSLHr5JOBU4m.jpg,2015-01-28,6.098,2513,"['Family', 'Animation', 'Adventure', 'Fantasy', 'Comedy']",74000000,325186032,93,medium
848326,tt14998742,Rebel Moon - Part One: A Child of Fire,There are no heroes. Only rebels.,"When the ruthless forces of the Motherworld threaten a quiet farming village on a distant moon, a mysterious outsider becomes its best hope for survival.",/ui4DrH1cKk2vkHshcUcGt2lKxCm.jpg,/w4d1jESRZK12oTMMgmh0IWqlHw.jpg,2023-12-15,6.217,2512,"['Science Fiction', 'Action', 'Adventure']",83000000,0,134,medium
2135,tt0268695,The Time Machine,The greatest adventure THROUGH all time!,"Hoping to alter the events of the past, a 19th-century inventor instead travels 800,000 years into the future, where he finds mankind divided into two warring races.",/iYayQahkghlbAsfOQX8b5eBzGVy.jpg,/i0eOILDW8HipIkOUSKhB1dvZzNJ.jpg,2002-03-04,6.302,2510,"['Science Fiction', 'Adventure', 'Action']",80000000,123729176,96,medium
3563,tt0762107,I Now Pronounce You Chuck & Larry,"They're as straight as can be, but don't tell anyone.","Firefighters Chuck Ford and Larry Valentine are guy's guys, loyal to the core—which is why when widower Larry asks Chuck to pose as his lover so that he can get domestic partner benefits for his kids, his buddy agrees. However, things get dicey when a bureaucrat comes calling, and the boys are forced to present a picture of domestic bliss.",/vF0yEaGyXYsHWRTMmeJaJKp43bj.jpg,/yMMz1odQRQJu2YV7FJdod5Zderj.jpg,2007-07-12,6.079,2507,"['Comedy', 'Romance']",85000000,187134117,115,medium
11460,tt0421239,Red Eye,Fear takes flight.,"An overnight flight to Miami quickly becomes a battle for survival when Lisa realizes her seatmate plans to use her as part of a chilling assassination plot against the Deputy Secretary of Homeland Security. If she refuses to cooperate, her own father will be killed. As the miles tick by, she's in a race against time to find a way to warn the potential victims before it's too late.",/j33szyBdJjrmnItyUgPBsqaBECE.jpg,/1uRkvEDPvZUIGtGnJz895ajvb7Y.jpg,2005-08-10,6.394,2495,"['Thriller', 'Mystery']",26000000,57891803,85,medium
9384,tt0335438,Starsky & Hutch,They're the man.,"Join uptight David Starsky and laid-back Ken ""Hutch"" Hutchinson as they're paired for the first time as undercover cops. The new partners must overcome their differences to solve an important case with help from street informant Huggy Bear and persuasive criminal Reese Feldman.",/fmBYVkBjhVspPv3GGus84qhBo1a.jpg,/k6Qnu4fTXskJwjFBEZRtTPSLHu9.jpg,2004-03-05,5.824,2494,"['Comedy', 'Crime']",60000000,170300000,101,medium
2022,tt0280590,Mr. Deeds,Don't let the fancy clothes fool you.,"When Longfellow Deeds, a small-town pizzeria owner and poet, inherits $40 billion from his deceased uncle, he quickly begins rolling in a different kind of dough. Moving to the big city, Deeds finds himself besieged by opportunists all gunning for their piece of the pie. Babe, a television tabloid reporter, poses as an innocent small-town girl to do an exposé on Deeds.",/7gGk3pkpRsNlJ4PrJgEfgY9PG43.jpg,/7P3VyWQTnZOYIQnk5seM0YQ9ucg.jpg,2002-06-28,5.9,2493,"['Comedy', 'Romance']",50000000,171269565,97,medium
625568,tt10059518,Unhinged,He can happen to anyone.,"Rachel is a divorced single mother whose bad day gets even worse. She's running late to drop her son off at school when she honks her horn impatiently at a fellow driver during rush-hour traffic. After an exchange of words, she soon realizes that the mysterious man is following her and her young son in his truck. A case of road rage quickly escalates, at horrifyingly psychotic proportions, into full-blown terror as Rachel discovers the psychopath's sinister plan for revenge. He is single-mindedly determined to teach her a deadly lesson.",/xfIcONZO4AiWpzm3jEpbR4llzVX.jpg,/wXk9y36eTmNl6XwEuOfw6yNNClr.jpg,2020-07-16,6.435,2490,"['Action', 'Thriller', 'Horror']",33000000,39238300,90,medium
38321,tt0822847,Priest,The war is eternal. His mission is just the beginning.,"In an alternate world, humanity and vampires have warred for centuries. After the last Vampire War, the veteran Warrior Priest lives in obscurity with other humans inside one of the Church's walled cities. When the Priest's niece is kidnapped by vampires, the Priest breaks his vows to hunt them down. He is accompanied by the niece's boyfriend, who is a wasteland sheriff, and a former Warrior Priestess.",/fYHiA7LPGl9DG7m3DUs0Td1VMcO.jpg,/srrzHjAzhYzUulBbllQCNekgnQb.jpg,2011-05-05,5.854,2486,"['Action', 'Fantasy', 'Horror']",60000000,84154026,87,medium
267193,tt3381008,Grimsby,Behind every hero is an embarrassing sibling.,"Wrongfully accused and on the run, a top MI6 assassin joins forces with his long-lost, football hooligan brother to save the world from a sinister plot.",/2jQGFmShpdflApc5oidJZ97m1d1.jpg,/tt0QtXBnUBq3Lt4WSkcORyAJ6YP.jpg,2016-02-24,5.957,2478,"['Action', 'Comedy']",35000000,28000000,83,medium
134411,tt0882977,Snitch,How far would you go to save your son?,"Construction company owner John Matthews learns that his estranged son, Jason, has been arrested for drug trafficking. Facing an unjust prison sentence for a first time offender courtesy of mandatory minimum sentence laws, Jason has nothing to offer for leniency in good conscience. Desperately, John convinces the DEA and the opportunistic DA Joanne Keeghan to let him go undercover to help make arrests big enough to free his son in return. With the unwitting help of an ex-con employee, John enters the narcotics underworld where every move could be his last in an operation that will demand all his resources, wits and courage to survive.",/1suKSCm8gVUIIOh4MgtWAtzkMe4.jpg,/80seex5P196f7pff3R8xqwd2Zo.jpg,2013-02-21,6.121,2470,"['Thriller', 'Drama', 'Action']",35000000,42930462,112,medium
458305,tt8368406,Vivarium,You're home. Forever.,"A young woman and her fiancé are in search of the perfect starter home. After following a mysterious real estate agent to a new housing development, the couple finds themselves trapped in a maze of identical houses and forced to raise an otherworldly child.",/myf3qzpeN0JbuFRPwSpJcz7rmAT.jpg,/zLa8fA7boGtNoNH7n6iYi9UqoaH.jpg,2019-09-07,6.049,2465,"['Science Fiction', 'Mystery', 'Horror']",4000000,488000,99,medium
4970,tt0348836,Gothika,Because someone is dead doesn't mean they're gone.,"After a car crash, criminal psychologist Dr. Miranda Grey regains consciousness only to find that she's a patient in the same mental institution that currently employs her. She's been accused of murdering her husband Dr. Douglas Grey — but she has no memory of committing the crime. As she tries to regain her memory and convince her co-worker, Dr. Pete Graham, of her innocence, a vengeful spirit uses her as an earthly pawn, which further convinces everyone of her guilt.",/frSGNQcWx1ek8dCduFYCux1ho7n.jpg,/eLBHPVQkJZyaSEUAGAFWNJJwmeo.jpg,2003-11-21,6.119,2463,"['Horror', 'Thriller', 'Mystery']",40000000,141591324,98,medium
401469,tt4218572,Widows,Left with nothing. Capable of anything.,"A police shootout leaves four thieves dead during an explosive armed robbery attempt in Chicago. Their widows have nothing in common except a debt left behind by their spouses' criminal activities. Hoping to forge a future on their own terms, they join forces to pull off a heist.",/d31SGJSaX29ba5ZUbZcesGoDE7I.jpg,/tkri1hMrb1FhWfb2bWpprsvq9Sd.jpg,2018-11-06,6.487,2454,"['Crime', 'Thriller', 'Drama']",42000000,73900000,129,medium
9397,tt0251075,Evolution,Coming to wipe that silly smile off your planet.,"A comedy that follows the chaos that ensues when a meteor hits the Earth carrying alien life forms that give new meaning to the term ""survival of the fittest."" David Duchovny, Orlando Jones, Seann William Scott, and Julianne Moore are the only people standing between the aliens and world domination... which could be bad news for the Earth.",/dwIrP544LxJtXToLpzkEa08pIMm.jpg,/uQVXQ7VI0jbLDo5QwGGyLQUd1so.jpg,2001-06-08,6.105,2453,"['Comedy', 'Science Fiction', 'Action']",80000000,98376292,102,medium
80035,tt1298649,The Watch,Got protection?,"Four everyday suburban guys come together as an excuse to escape their humdrum lives one night a week. But when they accidentally discover that their town has become overrun with aliens posing as ordinary suburbanites, they have no choice but to save their neighborhood – and the world – from total extermination.",/gwfgYA9wGpV4QLB0LrcexwfwC19.jpg,/iQkWo6MQ1pDxbZQ0DNxwW5J3Ysk.jpg,2012-07-26,5.59,2451,"['Comedy', 'Action', 'Science Fiction']",68000000,68267862,102,medium
747188,tt14230388,Asteroid City,"""You can't wake up if you don't fall asleep""","In an American desert town circa 1955, the itinerary of a Junior Stargazer/Space Cadet convention is spectacularly disrupted by world-changing events.",/hfo7pvL9Fys7rocfL4VOzw9qDEQ.jpg,/iloUOSs3Rcq3aMr04CrGRWVVBkq.jpg,2023-06-08,6.452,2449,"['Comedy', 'Drama']",25000000,53857743,105,medium
483906,tt4139588,Polar,"If the job doesn't kill you, retirement will.","When a retiring assassin realizes that he is the target of a hit, he winds up back in the game going head to head with a gang of younger, ruthless killers.",/qOBEpKVLl8Q9CZScbOcRRVISezV.jpg,/lSCKo6QGJ88Gn3espNnvL87CinA.jpg,2019-01-25,6.358,2449,"['Action', 'Crime', 'Drama']",0,0,118,medium
9600,tt0208003,Big Momma's House,This FBI agent is going undercover... and he's concealing more than a weapon.,"When a street-smart FBI agent is sent to Georgia to protect a beautiful single mother and her son from an escaped convict, he is forced to impersonate a crass Southern granny known as Big Momma in order to remain incognito.",/5YoSFqpTz5qIxsX61CPMGKONQIY.jpg,/wAmg1DdrJgHYE4I3K2IVv1S5orO.jpg,2000-05-31,5.815,2441,"['Crime', 'Comedy']",30000000,173959438,98,medium
11459,tt0405325,Sky High,Saving The World... One Homework Assignment At A Time.,"Set in a world where superheroes are commonly known and accepted, young Will Stronghold, the son of the Commander and Jetstream, tries to find a balance between being a normal teenager and an extraordinary being.",/nBB0XNMwvYvWpo67EcxQqKMoMKf.jpg,/jdPlX87pp3s7BplR2m7ldVJyP3z.jpg,2005-07-29,6.259,2440,"['Adventure', 'Comedy', 'Family']",35000000,86369815,99,medium
11199,tt0486946,Wild Hogs,A lot can happen on the road to nowhere.,"Restless and ready for an adventure, four suburban bikers leave the safety of their subdivision and head out on the open road. But complications ensue when they cross paths with an intimidating band of New Mexico bikers known as the Del Fuegos.",/qYyPCZcpNGZwbyBo1gwdCiW5hHC.jpg,/es74vwJqbT6cwMdJmTeSIcjJjoo.jpg,2007-03-02,5.966,2431,"['Action', 'Adventure', 'Comedy']",60000000,253625427,100,medium
10320,tt0377109,The Ring Two,Fear comes full circle,"After the ordeal with Samara, Rachel and Aiden move to a rural town. But soon Rachel learns about the death of a girl in a similar fashion. To save Aiden, she must dig into Samara's past even further.",/bHbz7z2pecTawhkqLpuC2m0qywe.jpg,/teKPSU5AMM38oFHqPvGasViQzKQ.jpg,2005-03-10,5.751,2431,"['Drama', 'Horror', 'Thriller']",50000000,161451538,109,medium
8202,tt0402022,Æon Flux,The perfect world meets the perfect assassin.,"400 years into the future, disease has wiped out the majority of the world's population, except one walled city, Bregna, ruled by a congress of scientists. When Æon Flux, the top operative in the underground 'Monican' rebellion, is sent on a mission to kill a government leader, she uncovers a world of secrets.",/5958Nt4QX6aRSUdQnvNw8wqjTJQ.jpg,/uTqxyztRGHSq96JYhByyNFuqqld.jpg,2005-11-30,5.638,2430,"['Science Fiction', 'Action', 'Thriller']",62000000,53321673,93,medium
63492,tt0770703,What's Your Number?,Ally's looking for the best ex of her life.,"Ally Darling is realizing she's a little lost in life. Her latest romance has just fizzled out, and she's just been fired from her marketing job. Then she reads an eye-opening magazine article that warns that 96 percent of women who've been with 20 or more lovers are unlikely to find a husband. Determined to turn her life around and prove the article wrong, Ally embarks on a mission to find the perfect mate from among her numerous ex-boyfriends.",/eqn3UeXMY9W1Ow3jIZ6COqbjUWX.jpg,/dN4L6qx63sly7SJki2YBXjGcnEy.jpg,2011-09-30,6.5,2429,"['Comedy', 'Romance']",20000000,30426096,106,medium
99861,tt2395427,Avengers: Age of Ultron,A new age has come.,"When Tony Stark tries to jumpstart a dormant peacekeeping program, things go awry and Earth’s Mightiest Heroes are put to the ultimate test as the fate of the planet hangs in the balance. As the villainous Ultron emerges, it is up to The Avengers to stop him from enacting his terrible plans, and soon uneasy alliances and unexpected action pave the way for an epic and unique global adventure.",/4ssDuvEDkSArWEdyBl2X5EHvYKU.jpg,/kIBK5SKwgqIIuRKhhWrJn3XkbPq.jpg,2015-04-22,7.27,24276,"['Action', 'Adventure', 'Science Fiction']",235000000,1405403694,141,good
271110,tt3498820,Captain America: Civil War,United we stand. Divided we fall.,"Following the events of Age of Ultron, the collective governments of the world pass an act designed to regulate all superhuman activity. This polarizes opinion amongst the Avengers, causing two factions to side with Iron Man or Captain America, which causes an epic battle between former allies.",/rAGiXaUfPzY7CDEyNKUofk3Kw2e.jpg,/wdwcOBMkt3zmPQuEMxB3FUtMio2.jpg,2016-04-27,7.447,23896,"['Adventure', 'Action', 'Science Fiction']",250000000,1155046416,147,good
284054,tt1825683,Black Panther,Long live the king.,"King T'Challa returns home to the reclusive, technologically advanced African nation of Wakanda to serve as his country's new leader. However, T'Challa soon finds that he is challenged for the throne by factions within his own country as well as without. Using powers reserved to Wakandan kings, T'Challa assumes the Black Panther mantle to join with ex-girlfriend Nakia, the queen-mother, his princess-kid sister, members of the Dora Milaje (the Wakandan 'special forces') and an American secret agent, to prevent Wakanda from being dragged into a world war.",/uxzzxijgPIY7slzFvMotPv8wjKA.jpg,/19Ed4XgjahPm4U8JT7SnntERIlt.jpg,2018-02-13,7.362,23356,"['Action', 'Adventure', 'Science Fiction']",200000000,1349926083,135,good
284052,tt1211837,Doctor Strange,The impossibilities are endless.,"After his career is destroyed, a brilliant but arrogant surgeon gets a new lease on life when a sorcerer takes him under her wing and trains him to defend the world against evil.",/xf8PbyQcR5ucXErmZNzdKR0s8ya.jpg,/3zvZ699gMW2RhWc0GisIukzq0Ls.jpg,2016-10-25,7.419,23305,"['Fantasy', 'Adventure', 'Action']",180000000,676343174,115,good
68721,tt1300854,Iron Man 3,Unleash the power behind the armor.,"When Tony Stark's world is torn apart by a formidable terrorist called the Mandarin, he starts an odyssey of rebuilding and retribution.",/qhPtAc1TKbMPqNvcdXSOn9Bn7hZ.jpg,/iVped1djsF0tvGkvnHbzsE3ZPTF.jpg,2013-04-18,6.931,23299,"['Action', 'Adventure', 'Science Fiction']",200000000,1215577205,130,good
70160,tt1392170,The Hunger Games,The world will be watching.,"In a dystopian society where the Capitol forces each district to send two young tributes to fight to the death in a televised spectacle, a girl volunteers to take her sister’s place, setting the stage for a struggle of survival and defiance.",/yXCbOiVDCxO71zI7cuwBRXdftq8.jpg,/3sndNmvdF0R8AeyCmVoNv8LKtNy.jpg,2012-03-12,7.222,23165,"['Science Fiction', 'Adventure', 'Action', 'Thriller']",75000000,694000000,142,good
315635,tt2250912,Spider-Man: Homecoming,Homework can wait. The city can't.,"Following the events of Captain America: Civil War, Peter Parker, with the help of his mentor Tony Stark, tries to balance his life as an ordinary high school student in Queens, New York City, with fighting crime as his superhero alter ego Spider-Man as a new threat, the Vulture, emerges.",/c24sv2weTHPsmDa7jEMN0m2P3RT.jpg,/tPpYGm2mVecue7Bk3gNVoSPA5qn.jpg,2017-07-05,7.33,23021,"['Action', 'Adventure', 'Science Fiction']",175000000,880978185,133,good
1771,tt0458339,Captain America: The First Avenger,The one who never gives up awakens.,"During World War II, Steve Rogers is a sickly man from Brooklyn who's transformed into super-soldier Captain America to aid in the war effort. Rogers must stop the Red Skull – Adolf Hitler's ruthless head of weaponry, and the leader of an organization that intends to use a mysterious device of untold powers for world domination.",/vSNxAJTlD0r02V9sPYpOjqDZXUK.jpg,/yFuKvT4Vm3sKHdFY4eG6I4ldAnn.jpg,2011-07-22,7.0,22602,"['Action', 'Adventure', 'Science Fiction']",140000000,370569774,124,good
10138,tt1228705,Iron Man 2,"It's not the armor that makes the hero, but the man inside.","With the world now aware of his dual life as the armored superhero Iron Man, billionaire inventor Tony Stark faces pressure from the government, the press and the public to share his technology with the military. Unwilling to let go of his invention, Stark, with Pepper Potts and James 'Rhodey' Rhodes at his side, must forge new alliances – and confront powerful enemies.",/6WBeq4fCfn7AN0o21W9qNcRF2l9.jpg,/7lmBufEG7P7Y1HClYK3gCxYrkgS.jpg,2010-04-28,6.851,22237,"['Adventure', 'Action', 'Science Fiction']",200000000,623933331,124,good
10195,tt0800369,Thor,Courage is immortal.,"Against his father Odin's will, The Mighty Thor - a powerful but arrogant warrior god - recklessly reignites an ancient war. Thor is cast down to Earth and forced to live among humans as punishment. Once here, Thor learns what it takes to be a true hero when the most dangerous villain of his world sends the darkest forces of Asgard to invade Earth.",/prSfAi1xGrhLQNxVSUFh61xQ4Qy.jpg,/cDJ61O1STtbWNBwefuqVrRe3d7l.jpg,2011-04-21,6.8,22218,"['Adventure', 'Fantasy', 'Action']",150000000,449326618,115,good
135397,tt0369610,Jurassic World,The park is open.,"Twenty-two years after the events of Jurassic Park, Isla Nublar now features a fully functioning dinosaur theme park, Jurassic World, as originally envisioned by John Hammond.",/rhr4y79GpxQF9IsfJItRXVaoGs4.jpg,/s5QfDFqRO6sjgPtKkjxD0WqXQef.jpg,2015-06-06,6.699,21460,"['Action', 'Adventure', 'Science Fiction', 'Thriller']",150000000,1671537444,124,good
297762,tt0451279,Wonder Woman,Power. Grace. Wisdom. Wonder.,An Amazon princess comes to the world of Man in the grips of the First World War to confront the forces of evil and bring an end to human conflict.,/v4ncgZjG2Zu8ZW5al1vIZTsSjqX.jpg,/AaABt75ZzfMGrscUR2seabz4PEX.jpg,2017-05-30,7.208,20810,"['Action', 'Adventure', 'Fantasy']",149000000,823970682,141,good
102899,tt0478970,Ant-Man,Heroes don't get any bigger.,"Armed with the astonishing ability to shrink in scale but increase in strength, master thief Scott Lang must embrace his inner-hero and help his mentor, Doctor Hank Pym, protect the secret behind his spectacular Ant-Man suit from a new generation of towering threats. Against seemingly insurmountable obstacles, Pym and Lang must plan and pull off a heist that will save the world.",/rQRnQfUl3kfp78nCWq8Ks04vnq1.jpg,/1K3JmSNUN8OpjYsCjc0Hy0SYxAb.jpg,2015-07-14,7.066,20756,"['Science Fiction', 'Adventure', 'Action']",130000000,519311965,117,good
245891,tt2911666,John Wick,Don't set him off.,Ex-hitman John Wick comes out of retirement to track down the gangsters that took everything from him.,/wXqWR7dHncNRbxoEGybEy7QTe9h.jpg,/ff2ti5DkA9UYLzyqhQfI2kZqEuh.jpg,2014-10-22,7.456,20668,"['Action', 'Thriller']",20000000,86085191,101,good
557,tt0145487,Spider-Man,Go for the ultimate spin.,"After being bitten by a genetically altered spider at Oscorp, nerdy but endearing high school student Peter Parker is endowed with amazing powers to become the superhero known as Spider-Man.",/kjdJntyBeEvqm9w97QGBdxPptzj.jpg,/zQ8AxTPiCiS5nnwXpwTBPBHSaa5.jpg,2002-05-01,7.324,20501,"['Action', 'Science Fiction']",139000000,821708551,121,good
140607,tt2488496,Star Wars: The Force Awakens,Every generation has a story.,"Thirty years after defeating the Galactic Empire, Han Solo and his allies face a new threat from the evil Kylo Ren and his army of Stormtroopers.",/wqnLdwVXoBjKibFRR5U3y0aDUhs.jpg,/8BTsTfln4jlQrLXUBquXJ0ASQy9.jpg,2015-12-15,7.25,20430,"['Adventure', 'Action', 'Science Fiction']",245000000,2068223624,136,good
346364,tt1396484,It,You'll float too.,"In a small town in Maine, seven children known as The Losers Club come face to face with life problems, bullies and a monster that takes the shape of a clown called Pennywise.",/9E2y5Q7WlCVNEhP5GiVTjhEhx1o.jpg,/qVGpxnjrGlHaSTCqTQI6viBDSfp.jpg,2017-09-06,7.2,20212,"['Horror', 'Thriller', 'Drama']",35000000,719766009,135,good
259316,tt3183660,Fantastic Beasts and Where to Find Them,From J.K. Rowling's wizarding world.,"In 1926, Newt Scamander arrives at the Magical Congress of the United States of America with a magically expanded briefcase, which houses a number of dangerous creatures and their habitats. When the creatures escape from the briefcase, it sends the American wizarding authorities after Newt, and threatens to strain even further the state of magical and non-magical relations.",/fLsaFKExQt05yqjoAvKsmOMYvJR.jpg,/8Qsr8pvDL3s1jNZQ4HK1d1Xlvnh.jpg,2016-11-16,7.307,19616,"['Fantasy', 'Adventure']",180000000,809342332,133,good
49051,tt0903624,The Hobbit: An Unexpected Journey,From the smallest beginnings come the greatest legends.,"Bilbo Baggins, a hobbit enjoying his quiet life, is swept into an epic quest by Gandalf the Grey and thirteen dwarves who seek to reclaim their mountain home from Smaug, the dragon.",/yHA9Fc37VmpUA5UncTxxo3rTGVA.jpg,/xyXmtuvsoM5J3yNad0nvcetpBdY.jpg,2012-12-12,7.37,19506,"['Adventure', 'Fantasy', 'Action']",250000000,1021103568,169,good
383498,tt5463162,Deadpool 2,Prepare for the Second Coming.,Wisecracking mercenary Deadpool battles the evil and powerful Cable and other bad guys to save a boy's life.,/to0spRl1CMDvyUbOnbb4fTk3VAd.jpg,/3P52oz9HPQWxcwHOwxtyrVV1LKi.jpg,2018-05-15,7.49,19091,"['Action', 'Comedy', 'Adventure']",110000000,785896632,120,good
1930,tt0948470,The Amazing Spider-Man,The untold story begins.,"Peter Parker is an outcast high schooler abandoned by his parents as a boy, leaving him to be raised by his Uncle Ben and Aunt May. Like most teenagers, Peter is trying to figure out who he is and how he got to be the person he is today. As Peter discovers a mysterious briefcase that belonged to his father, he begins a quest to understand his parents' disappearance – leading him directly to Oscorp and the lab of Dr. Curt Connors, his father's former partner. As Spider-Man is set on a collision course with Connors' alter ego, The Lizard, Peter will make life-altering choices to use his powers and shape his destiny to become a hero.",/jexoNYnPd6vVrmygwF6QZmWPFdu.jpg,/HVcza6tJtWFrLriuh3Ano4Vt46.jpg,2012-06-23,6.7,18383,"['Action', 'Adventure', 'Science Fiction']",215000000,758725893,136,good
101299,tt1951264,The Hunger Games: Catching Fire,Remember who the enemy is.,"After surviving the Hunger Games, Katniss and Peeta struggle with the consequences of their victory as unrest spreads across Panem. Forced back into the spotlight, they become symbols of hope and resistance while the Capitol prepares a new and deadly challenge that will change the future of the nation forever.",/vrQHDXjVmbYzadOXQ0UaObunoy2.jpg,/eHaazLxM5LRMh0ySkVy7SK6wUWt.jpg,2013-11-15,7.428,18329,"['Adventure', 'Action', 'Science Fiction']",130000000,865011746,146,good
381288,tt4972582,Split,Kevin has 23 distinct personalities. The 24th is about to be unleashed.,"Though Kevin has evidenced 23 personalities to his trusted psychiatrist, Dr. Fletcher, there remains one still submerged who is set to materialize and dominate all the others. Compelled to abduct three teenage girls led by the willful, observant Casey, Kevin reaches a war for survival among all of those contained within him — as well as everyone around him — as the walls between his compartments shatter apart.",/lli31lYTFpvxVBeFHWoe5PMfW5s.jpg,/9pkZesKMnblFfKxEhQx45YQ2kIe.jpg,2017-01-19,7.341,18234,"['Horror', 'Thriller']",9000000,278454358,117,good
76338,tt1981115,Thor: The Dark World,Delve into the darkness.,"Thor fights to restore order across the cosmos… but an ancient race led by the vengeful Malekith returns to plunge the universe back into darkness. Faced with an enemy that even Odin and Asgard cannot withstand, Thor must embark on his most perilous and personal journey yet, one that will reunite him with Jane Foster and force him to sacrifice everything to save us all.",/wp6OxE4poJ4G7c0U2ZIXasTSMR7.jpg,/5QEOy0QEpad9QsXeMxuGHPXMale.jpg,2013-10-30,6.51,18224,"['Action', 'Adventure', 'Fantasy']",170000000,644783140,112,good
198663,tt1790864,The Maze Runner,Get ready to run.,"A teenager with no memory of his past finds himself among a group of boys living in a walled enclosure surrounded by a massive, ever-changing maze. As he struggles to adapt to their rules and society, he begins to uncover clues that may lead to escape and the truth behind their confinement.",/ode14q7WtDugFDp78fo9lCsmay9.jpg,/eTlcNXGv32zkVI7ZDHhfeaKHXKQ.jpg,2014-09-10,7.2,17991,"['Action', 'Mystery', 'Science Fiction', 'Thriller']",34000000,348319861,113,good
18785,tt1119646,The Hangover,Some guys just can't handle Vegas.,"When three friends finally come to after a raucous night of bachelor-party revelry, they find a baby in the closet and a tiger in the bathroom. But they can't seem to locate their best friend, Doug – who's supposed to be tying the knot. Launching a frantic search for Doug, the trio perseveres through a nasty hangover to try to make it to the church on time.",/A0uS9rHR56FeBtpjVki16M5xxSW.jpg,/iuRVt8tFiXDPGgzavhuSa3QHRxD.jpg,2009-06-02,7.33,17967,['Comedy'],35000000,469310836,100,good
109445,tt2294629,Frozen,Who will save the day? The ice guy? The nice guy? The snow man? Or no man?,"Young princess Anna of Arendelle dreams about finding true love at her sister Elsa’s coronation. Fate takes her on a dangerous journey in an attempt to end the eternal winter that has fallen over the kingdom. She's accompanied by ice delivery man Kristoff, his reindeer Sven, and snowman Olaf. On an adventure where she will find out what friendship, courage, family, and true love really means.",/itAKcobTYGpYT8Phwjd8c9hleTo.jpg,/rj58WQ9ImI0mYDptXdM7euX1Wjt.jpg,2013-11-20,7.248,17484,"['Animation', 'Family', 'Adventure', 'Fantasy']",150000000,1274219009,102,good
374720,tt5013056,Dunkirk,"When 400,000 men couldn't get home, home came for them.","The story of the miraculous evacuation of Allied soldiers from Belgium, Britain, Canada and France, who were cut off and surrounded by the German army from the beaches and harbour of Dunkirk between May 26th and June 4th 1940 during World War II.",/b4Oe15CGLL61Ped0RAS9JpqdmCt.jpg,/ddIkmH3TpR6XSc47jj0BrGK5Rbz.jpg,2017-07-19,7.45,17460,"['War', 'Action', 'Drama']",150000000,549136737,107,good
335983,tt1270797,Venom,The world has enough Superheroes.,"Investigative journalist Eddie Brock attempts a comeback following a scandal, but accidentally becomes the host of Venom, a violent, super powerful alien symbiote. Soon, he must rely on his newfound powers to protect the world from a shadowy organization looking for a symbiote of their own.",/2uNW4WbgBXL25BAbXGLnLqX71Sw.jpg,/hNsYUryiwxcdeTMkaBcPF3iEg0p.jpg,2018-09-28,6.825,17129,"['Science Fiction', 'Action']",116000000,856085151,112,good
58,tt0383574,Pirates of the Caribbean: Dead Man's Chest,Captain Jack is back!,"Captain Jack Sparrow’s got a blood debt to pay: he owes his soul to the legendary Davy Jones, ghastly Ruler of the Ocean Depths. To escape eternal servitude aboard the Flying Dutchman, ever-crafty Jack must track down the still-beating heart of Jones. But he won’t do it alone: Will Turner and Elizabeth Swann are drawn back into another one of his perilous quests—assuming they can evade execution for aiding a pirate.",/uXEqmloGyP7UXAiphJUu2v2pcuE.jpg,/vr6n6ZFUZvedvIlhfYcbCWcaKyW.jpg,2006-07-06,7.375,17019,"['Adventure', 'Fantasy', 'Action']",200000000,1066179747,151,good
429617,tt6320628,Spider-Man: Far From Home,It's time to step up.,"Peter Parker and his friends go on a summer trip to Europe. However, they will hardly be able to rest - Peter will have to agree to help Nick Fury uncover the mystery of creatures that cause natural disasters and destruction throughout the continent.",/4q2NNj4S5dG2RLF9CpXsej7yXl.jpg,/34jW8LvjRplM8Pv06cBFDpLlenR.jpg,2019-06-28,7.396,16828,"['Action', 'Adventure', 'Science Fiction']",160000000,1132723226,129,good
339403,tt3890160,Baby Driver,All you need is one killer track.,"After being coerced into working for a crime boss, a young getaway driver finds himself taking part in a heist doomed to fail.",/tYzFuYXmT8LOYASlFCkaPiAFAl0.jpg,/yir5430WblZSZuIMd9C6pIZerfA.jpg,2017-06-28,7.442,16725,"['Action', 'Crime']",34000000,226945087,113,good
6479,tt0480249,I Am Legend,The last man on Earth is not alone.,"Robert Neville is a scientist who was unable to stop the spread of the terrible virus that was incurable and man-made. Immune, Neville is now the last human survivor in what is left of New York City and perhaps the world. For three years, Neville has faithfully sent out daily radio messages, desperate to find any other survivors who might be out there. But he is not alone.",/iPDkaSdKk2jRLTM65UOEoKtsIZ8.jpg,/aTLq0TMKdsmIy1ZyFM1LfPs326d.jpg,2007-12-12,7.21,16710,"['Drama', 'Science Fiction', 'Thriller']",150000000,585410052,101,good
75656,tt1670345,Now You See Me,"The closer you look, the less you’ll see.",An FBI agent and an Interpol detective track a team of illusionists who pull off bank heists during their performances and reward their audiences with the money.,/tWsNYbrqy1p1w6K9zRk0mSchztT.jpg,/xEY0MV2jSQBz9iOJfCFvLTiPGMA.jpg,2013-05-29,7.332,16658,"['Thriller', 'Crime']",75000000,351723989,116,good
131631,tt1951265,The Hunger Games: Mockingjay - Part 1,Fire burns brighter in the darkness.,"After surviving the Quarter Quell, Katniss finds herself in the hidden stronghold of District 13, where the rebellion against the Capitol is gaining momentum. Struggling with the weight of becoming the symbol of resistance, she must navigate fragile alliances while trying to protect those she loves. As propaganda battles rage and Panem moves closer to full-scale war, Katniss is forced to confront the true cost of revolution.",/4FAA18ZIja70d1Tu5hr5cj2q1sB.jpg,/lV1P1Q5gLDXVG1ZYCxZHStkcQC3.jpg,2014-11-19,6.817,16644,"['Science Fiction', 'Adventure', 'Thriller']",125000000,755356711,123,good
299537,tt4154664,Captain Marvel,Higher. Further. Faster.,"The story follows Carol Danvers as she becomes one of the universe’s most powerful heroes when Earth is caught in the middle of a galactic war between two alien races. Set in the 1990s, Captain Marvel is an all-new adventure from a previously unseen period in the history of the Marvel Cinematic Universe.",/AtsgWhDnHTq68L0lLsUrCnM7TjG.jpg,/qAzYK4YPSWDc7aa4R43LcwRIAyb.jpg,2019-03-06,6.8,16636,"['Action', 'Adventure', 'Science Fiction']",152000000,1131416446,124,good
72190,tt0816711,World War Z,There will come a day when the world we know will end.,"Life for former United Nations investigator Gerry Lane and his family seems content. Suddenly, the world is plagued by a mysterious infection turning whole human populations into rampaging mindless zombies. After barely escaping the chaos, Lane is persuaded to go on a mission to investigate this disease. What follows is a perilous trek around the world where Lane must brave horrific dangers and long odds to find answers before human civilization falls.",/aCnVdvExw6UWSeQfr0tUH3jr4qG.jpg,/31VpBgUX5O4Z3dn5ZbX8HLqoXH3.jpg,2013-06-19,6.825,16391,"['Action', 'Horror', 'Science Fiction', 'Thriller']",200000000,531865000,116,good
49047,tt1454468,Gravity,Don't let go.,"Dr Ryan Stone, an engineer on her first space mission, and Matt Kowalski, an astronaut on his final expedition, have to survive in space after they are hit by debris while spacewalking.",/kZ2nZw8D681aphje8NJi8EfbL1U.jpg,/a2n6bKD7qhCPCAEALgsAhWOAQcc.jpg,2013-10-03,7.168,16229,"['Science Fiction', 'Thriller', 'Drama']",105000000,723192705,91,good
181808,tt2527336,Star Wars: The Last Jedi,Let the past die.,"Rey develops her newly discovered abilities with the guidance of Luke Skywalker, who is unsettled by the strength of her powers. Meanwhile, the Resistance prepares to do battle with the First Order.",/kOVEVeg59E0wsnXmF9nrh6OmWII.jpg,/bIUaCtWaRgd78SnoHJDI8TNf7Sd.jpg,2017-12-13,6.755,16227,"['Adventure', 'Action', 'Science Fiction']",300000000,1332698830,152,good
558,tt0316654,Spider-Man 2,There's a hero in all of us.,"Peter Parker is going through a major identity crisis. Burned out from being Spider-Man, he decides to shelve his superhero alter ego, which leaves the city suffering in the wake of carnage left by the evil Doc Ock. In the meantime, Parker still can't act on his feelings for Mary Jane Watson, a girl he's loved since childhood. A certain anger begins to brew in his best friend Harry Osborn as well...",/eg8XHjA7jkM3ulBLnfGTczR9ytI.jpg,/6al048Lat3eLVQOuKtc9h6Tu94d.jpg,2004-06-25,7.303,16215,"['Action', 'Adventure', 'Science Fiction']",200000000,788976453,127,good
49521,tt0770828,Man of Steel,You are not alone.,"A young boy learns that he has extraordinary powers and is not of this earth. As a young man, he journeys to discover where he came from and what he was sent here to do. But the hero in him must emerge if he is to save the world from annihilation and become the symbol of hope for all mankind.",/8GFtkImmK0K1VaUChR0n9O61CFU.jpg,/dlPw6SESWNudgriKvNxJJLJryLq.jpg,2013-06-12,6.641,16075,"['Action', 'Adventure', 'Science Fiction']",225000000,668045518,143,good
37724,tt1074638,Skyfall,Think on your sins.,"When Bond's latest assignment goes gravely wrong, agents around the world are exposed and MI6 headquarters is attacked. While M faces challenges to her authority and position from Gareth Mallory, the new Chairman of the Intelligence and Security Committee, it's up to Bond, aided only by field agent Eve, to locate the mastermind behind the attack.",/d0IVecFQvsGdSbnMAHqiYsNYaJT.jpg,/qB2eFmGEh5YCzhXUpz7As2PaDCh.jpg,2012-10-24,7.26,16033,"['Action', 'Adventure', 'Thriller']",200000000,1108594176,143,good
118,tt0367594,Charlie and the Chocolate Factory,Prepare for a taste of adventure.,"A young boy wins a tour through the most magnificent chocolate factory in the world, led by the world's most unusual candy maker.",/iKP6wg3c6COUe8gYutoGG7qcPnO.jpg,/3nqxXZ7QixMeWoQD10cw6FZf277.jpg,2005-07-13,7.038,16031,"['Adventure', 'Comedy', 'Family', 'Fantasy']",150000000,475000000,115,good
20352,tt1323594,Despicable Me,Superbad. Superdad.,"Gru is a supervillain determined to prove he’s the greatest by stealing the Moon. To pull off his plan, he adopts three orphaned girls—Margo, Edith, and Agnes—intending to use them as part of his scheme. However, as Gru bonds with the girls, his cold, villainous exterior begins to melt.",/b1BT309QWjtFUlJPLmXmrcHOWEL.jpg,/2XSeKDmIa2KxaiJy4J9e8FrIZhk.jpg,2010-07-08,7.257,15972,"['Family', 'Comedy', 'Animation', 'Science Fiction', 'Crime']",69000000,543284256,95,good
321612,tt2771200,Beauty and the Beast,Be our guest.,A live-action adaptation of Disney's version of the classic tale of a cursed prince and a beautiful young woman who helps him break the spell.,/hKegSKIDep2ewJWPUQD7u0KqFIp.jpg,/uU1Mt4JWhDvl4vKb3AfxNsorkoM.jpg,2017-03-16,6.968,15960,"['Family', 'Fantasy', 'Romance']",160000000,1266115964,129,good
285,tt0449088,Pirates of the Caribbean: At World's End,"At the end of the world, the adventure begins.","After losing Captain Jack Sparrow to the locker of Davy Jones, Will Turner, Elizabeth Swann, and Captain Barbossa journey to the ends of the earth to rescue him. And as the East India Trading Company tightens its grip on the seas under Lord Cutler Beckett—now in control of Davy Jones—the fate of piracy hangs by a thread. Now, they must unite the pirate lords for one final stand. But as loyalties are tested and alliances shift, each must ultimately choose where they stand in the battle for freedom on the high seas.",/jGWpG4YhpQwVmjyHEGkxEkeRf0S.jpg,/1jHxkVXMI5s3vRiyiZooUy1shB5.jpg,2007-05-19,7.266,15344,"['Adventure', 'Fantasy', 'Action']",300000000,961691209,169,good
122917,tt2310332,The Hobbit: The Battle of the Five Armies,Will you follow me... one last time?,"Following Smaug's attack on Laketown, Bilbo and the dwarves try to defend Erebor's mountain of treasure from others who claim it: the men of the ruined Laketown and the elves of Mirkwood. Meanwhile an army of Orcs led by Azog the Defiler is marching on Erebor, fueled by the rise of the dark lord Sauron. Dwarves, elves and men must unite, and the hope for Middle-Earth falls into Bilbo's hands.",/xT98tLqatZPQApyRmlPL12LtiWp.jpg,/3UbaCMmqOd7mca4Y5DOzY2ZVTyX.jpg,2014-12-10,7.332,15250,"['Action', 'Adventure', 'Fantasy']",250000000,956019788,144,good
447332,tt6644200,A Quiet Place,"If they hear you, they hunt you.",A family is forced to live in silence while hiding from creatures that hunt by sound.,/nAU74GmpUk7t5iklEp3bufwDq4n.jpg,/nHRUtBwFNnNN70vcQ7lAsjc2T6S.jpg,2018-04-03,7.392,15229,"['Horror', 'Drama', 'Science Fiction']",17000000,340955294,91,good
920,tt0317219,Cars,Ahhh... it's got that new movie smell.,"Lightning McQueen, a hotshot rookie race car driven to succeed, discovers that life is about the journey, not the finish line, when he finds himself unexpectedly detoured in the sleepy Route 66 town of Radiator Springs. On route across the country to the big Piston Cup Championship in California to compete against two seasoned pros, McQueen gets to know the town's offbeat characters.",/2Touk3m5gzsqr1VsvxypdyHY5ci.jpg,/sd4xN5xi8tKRPrJOWwNiZEile7f.jpg,2006-06-08,7.024,15019,"['Animation', 'Adventure', 'Comedy', 'Family']",120000000,461983149,117,good
1865,tt1298650,Pirates of the Caribbean: On Stranger Tides,Live forever or die trying.,"When Jack crosses paths with a woman from his past, he's not sure if it's love...or if she's a ruthless con artist using him to find the fabled Fountain of Youth.",/keGfSvCmYj7CvdRx36OdVrAEibE.jpg,/uzIGtyS6bbnJzGsPL93WCF1FWm8.jpg,2011-05-15,6.565,14854,"['Adventure', 'Action', 'Fantasy']",379000000,1046721266,136,good
297802,tt1477834,Aquaman,Home is calling.,"Half-human, half-Atlantean Arthur Curry is taken on the journey of his lifetime to discover if he is worth of being a king.",/ufl63EFcc5XpByEV2Ecdw6WJZAI.jpg,/9QusGjxcYvfPD1THg6oW3RLeNn7.jpg,2018-12-07,6.867,14827,"['Action', 'Adventure', 'Fantasy']",160000000,1152028393,143,good
1895,tt0121766,Star Wars: Episode III - Revenge of the Sith,Every story has a hero. Every hero has a destiny. Every saga has an end.,"When the sinister Sith unveil a thousand-year-old plot to rule the galaxy, the Republic crumbles and from its ashes rises the evil Galactic Empire. Jedi hero Anakin Skywalker must choose a side.",/xfSAoBEm9MNBjmlNcDYLvLSMlnq.jpg,/jniabJVBSW3EqLlyhjxWCZjVkiE.jpg,2005-05-17,7.463,14816,"['Adventure', 'Action', 'Science Fiction']",113000000,850000000,140,good
466272,tt7131622,Once Upon a Time... in Hollywood,"In this town, it can all change… Like that.","Los Angeles, 1969. TV star Rick Dalton, a struggling actor specializing in westerns, and stuntman Cliff Booth, his best friend, try to survive in a constantly changing movie industry. Dalton is the neighbor of the young and promising actress and model Sharon Tate, who has just married the prestigious Polish director Roman Polanski…",/8j58iEBw9pOXFD2L0nt0ZXeHviB.jpg,/kKTPv9LKKs5L3oO1y5FNObxAPWI.jpg,2019-07-24,7.4,14720,"['Comedy', 'Drama', 'Thriller']",95000000,392105159,162,good
12155,tt1014759,Alice in Wonderland,You're invited to a very important date.,"Alice, now 19 years old, returns to the whimsical world she first entered as a child and embarks on a journey to discover her true destiny.",/o0kre9wRCZz3jjSjaru7QU0UtFz.jpg,/ocOWbTzHcJVTw9Tz173KPeskDOP.jpg,2010-03-03,6.639,14714,"['Family', 'Fantasy', 'Adventure']",200000000,1025467110,108,good
10528,tt0988045,Sherlock Holmes,Nothing escapes him.,Eccentric consulting detective Sherlock Holmes and Doctor John Watson battle to bring down a new nemesis and unravel a deadly plot that could destroy England.,/momkKuWburNTqKBF6ez7rvhYVhE.jpg,/85g84VtSf9tu1A9JqqruXEHspb7.jpg,2009-12-23,7.219,14692,"['Adventure', 'Crime', 'Mystery', 'Action']",90000000,524028679,129,good
1271,tt0416449,300,Prepare for glory!,"A story very loosely based the 480 B.C. Battle of Thermopylae, where the King of Sparta led his army against the advancing Persians.",/h7Lcio0c9ohxPhSZg42eTlKIVVY.jpg,/lgBZlJ1LHQel5nneNQMoesmvc7l.jpg,2007-03-07,7.196,14621,"['Action', 'Adventure', 'War']",65000000,456082343,117,good
353486,tt2283362,Jumanji: Welcome to the Jungle,The game has evolved.,"Four teenagers in detention discover an old video game console with a game they’ve never heard of. When they decide to play, they are immediately sucked into the jungle world of Jumanji in the bodies of their avatars. They’ll have to complete the adventure of their lives filled with fun, thrills and danger or be stuck in the game forever!",/pSgXKPU5h6U89ipF7HBYajvYt7j.jpg,/rz3TAyd5kmiJmozp3GUbYeB5Kep.jpg,2017-12-09,6.817,14389,"['Adventure', 'Comedy', 'Fantasy', 'Action']",90000000,995339117,119,good
1894,tt0121765,Star Wars: Episode II - Attack of the Clones,A Jedi shall not know anger. Nor hatred. Nor love.,"Following an assassination attempt on Senator Padmé Amidala, Jedi Knights Anakin Skywalker and Obi-Wan Kenobi investigate a mysterious plot into the heart of the Separatist movement and the beginning of the Clone Wars.",/oZNPzxqM2s5DyVWab09NTQScDQt.jpg,/msYmRFJfXy0zsFd73PAEqdetKpO.jpg,2002-05-15,6.591,14223,"['Adventure', 'Action', 'Science Fiction']",120000000,649398328,142,good
425,tt0268380,Ice Age,Sub-zero heroes.,"Manny the mammoth, Sid the loquacious sloth, and Diego the sabre-toothed tiger go on a comical quest to return a human baby back to his father, across a world on the brink of an ice age.",/gLhHHZUzeseRXShoDyC4VqLgsNv.jpg,/8pwIhymsxfAVjrAE7syDjQULn37.jpg,2002-03-14,7.369,14183,"['Animation', 'Comedy', 'Family', 'Adventure']",59000000,383257136,81,good
324552,tt4425200,John Wick: Chapter 2,Never stab the devil in the back!,"John Wick is forced out of retirement by a former associate looking to seize control of a shadowy international assassins’ guild. Bound by a blood oath to aid him, Wick travels to Rome and does battle against some of the world’s most dangerous killers.",/hXWBc0ioZP3cN4zCu6SN3YHXZVO.jpg,/r17jFHAemzcWPPtoO0UxjIX0xas.jpg,2017-02-08,7.337,14139,"['Action', 'Thriller', 'Crime']",40000000,171539887,122,good
274870,tt1355644,Passengers,There is a reason they woke up.,"A spacecraft traveling to a distant colony planet and transporting thousands of people has a malfunction in its sleep chambers. As a result, two passengers are awakened 90 years early.",/jK9S6HANSf2no64v1x1HxfcpmcA.jpg,/gHz4ZQytRs8YGrqFMwB3Vrr8pig.jpg,2016-12-21,6.952,14132,"['Drama', 'Romance', 'Science Fiction']",110000000,303144152,116,good
102382,tt1872181,The Amazing Spider-Man 2,His greatest battle begins.,"For Peter Parker, life is busy. Between taking out the bad guys as Spider-Man and spending time with the person he loves, Gwen Stacy, high school graduation cannot come quickly enough. Peter has not forgotten about the promise he made to Gwen’s father to protect her by staying away, but that is a promise he cannot keep. Things will change for Peter when a new villain, Electro, emerges, an old friend, Harry Osborn, returns, and Peter uncovers new clues about his past.",/bU7nTmvmy0h3VUP01v1T2imgH6N.jpg,/k0hlAzTryCYX1O1LyC6P8tAa8s0.jpg,2014-04-16,6.531,14117,"['Action', 'Adventure', 'Science Fiction']",200000000,716934779,141,good
363088,tt5095030,Ant-Man and the Wasp,Real heroes. Not actual size.,"Just when his time under house arrest is about to end, Scott Lang once again puts his freedom at risk to help Hope van Dyne and Dr. Hank Pym dive into the quantum realm and try to accomplish, against time and any chance of success, a very dangerous rescue mission.",/cFQEO687n1K6umXbInzocxcnAQz.jpg,/iYdgEUE2W2aJkgqfSjf1x3gFfuV.jpg,2018-07-04,6.905,14089,"['Action', 'Adventure', 'Science Fiction']",140000000,622674139,119,good
62177,tt1217209,Brave,Change your fate.,"In the mystical Scottish Highlands, Merida is the princess of a kingdom ruled by King Fergus and Queen Elinor. An unruly daughter and an accomplished archer, Merida one day defies a sacred custom of the land and inadvertently brings turmoil to the kingdom. In an attempt to set things right, Merida seeks out an eccentric old Wise Woman and is granted an ill-fated wish. Also figuring into Merida's quest — and serving as comic relief — are the kingdom's three lords: the enormous Lord MacGuffin, the surly Lord Macintosh, and the disagreeable Lord Dingwall.",/1XAuDtMWpL0sYSFK0R6EZate2Ux.jpg,/qx9ts2hBYJrkIQxhryitxnLlm2u.jpg,2012-06-21,7.0,14077,"['Animation', 'Family', 'Fantasy', 'Adventure']",185000000,538983207,93,good
87827,tt0454876,Life of Pi,Take the journey of a lifetime.,"The story of an Indian boy named Pi, a zookeeper's son who finds himself in the company of a hyena, zebra, orangutan, and a Bengal tiger after a shipwreck sets them adrift in the Pacific Ocean.",/iLgRu4hhSr6V1uManX6ukDriiSc.jpg,/8oeXbjMtaYYGgjJl9RJNe7umkuS.jpg,2012-11-20,7.408,13690,"['Adventure', 'Drama']",120000000,609016565,127,good
246655,tt3385516,X-Men: Apocalypse,Only the strong will survive.,"After the re-emergence of the world's first mutant, world-destroyer Apocalypse, the X-Men must unite to defeat his extinction level plan.",/2mtQwJKVKQrZgTz49Dizb25eOQQ.jpg,/sTQNRqLbfCXolrb5CizAW1dj528.jpg,2016-05-18,6.522,13682,"['Science Fiction', 'Fantasy', 'Action']",178000000,543934787,144,good
102651,tt1587310,Maleficent,Don't believe the fairy tale.,"A beautiful, pure-hearted young woman, Maleficent has an idyllic life growing up in a peaceable forest kingdom, until one day when an invading army threatens the harmony of the land. She rises to be the land's fiercest protector, but she ultimately suffers a ruthless betrayal – an act that begins to turn her heart into stone. Bent on revenge, Maleficent faces an epic battle with the invading King's successor and, as a result, places a curse upon his newborn infant Aurora. As the child grows, Maleficent realizes that Aurora holds the key to peace in the kingdom – and to Maleficent's true happiness as well.",/bDG3yei6AJlEAK3A5wN7RwFXQ7V.jpg,/bNiiUCQUD7ij5Ybh2GoWSZwqAb1.jpg,2014-05-28,7.087,13651,"['Fantasy', 'Adventure', 'Action', 'Family', 'Romance']",180000000,758539785,97,good
260513,tt3606756,Incredibles 2,"It's been too long, dahlings.","Elastigirl springs into action to save the day, while Mr. Incredible faces his greatest challenge yet – taking care of the problems of his three children.",/9lFKBtaVIhP7E2Pk0IY1CwTKTMZ.jpg,/mabuNsGJgRuCTuGqjFkWe1xdu19.jpg,2018-06-14,7.451,13605,"['Action', 'Adventure', 'Animation', 'Family']",200000000,1243225667,118,good
190859,tt2179136,American Sniper,The most lethal sniper in U.S. history.,"U.S. Navy SEAL Chris Kyle takes his sole mission—protect his comrades—to heart and becomes one of the most lethal snipers in American history. His pinpoint accuracy not only saves countless lives but also makes him a prime target of insurgents. Despite grave danger and his struggle to be a good husband and father to his family back in the States, Kyle serves four tours of duty in Iraq. However, when he finally returns home, he finds that he cannot leave the war behind.",/vJgtfUmZE5i4L12sOryAPuBa04K.jpg,/rl95VDEP3nsUQmGzE0S1S7y6T0N.jpg,2014-12-25,7.412,13564,"['War', 'Action']",58800000,542300000,133,good
194662,tt2562232,Birdman or (The Unexpected Virtue of Ignorance),How did we end up here?,"A fading actor best known for his portrayal of a popular superhero attempts to mount a comeback by appearing in a Broadway play. As opening night approaches, his attempts to become more altruistic, rebuild his career, and reconnect with friends and family prove more difficult than expected.",/rHUg2AuIuLSIYMYFgavVwqt1jtc.jpg,/s0OrExdg7i3RLR7oqzHRk4q2kL4.jpg,2014-10-17,7.444,13504,"['Drama', 'Comedy']",18000000,103215094,120,good
49538,tt1270798,X-Men: First Class,Witness the moment that will change our world.,"Before Charles Xavier and Erik Lensherr took the names Professor X and Magneto, they were two young men discovering their powers for the first time. Before they were arch-enemies, they were closest of friends, working together with other mutants (some familiar, some new), to stop the greatest threat the world has ever known.",/hNEokmUke0dazoBhttFN0o3L7Xv.jpg,/mCinjxmq2tRDzSgc8QcuRkV8yTo.jpg,2011-06-01,7.3,13459,"['Action', 'Science Fiction', 'Adventure']",160000000,353624124,132,good
157350,tt1840309,Divergent,What makes you different makes you dangerous.,"In a world divided into factions based on personality types, Tris learns that she's been classified as Divergent and won't fit in. When she discovers a plot to destroy Divergents, Tris and the mysterious Four must find out what makes Divergents dangerous before it's too late.",/aNh4Q3iuPKDMPi2SL7GgOpiLukX.jpg,/bgkFOoXEQMRjKkCvgoj7smdGbuh.jpg,2014-03-14,6.9,13383,"['Action', 'Adventure', 'Science Fiction']",85000000,288885818,140,good
809,tt0298148,Shrek 2,What happens after happily ever after?,"Happily ever after never seemed so far far away when a trip to meet the in-laws turns into a hilariously twisted adventure for Shrek and Fiona. With the help of his faithful Donkey, Shrek takes on a potion-brewing Fairy Godmother, the pompous Prince Charming, and the ogre-killer, Puss In Boots.",/2yYP0PQjG8zVqturh1BAqu2Tixl.jpg,/8ohobj5lAIbl5XWw11FywS3IRrS.jpg,2004-05-19,7.31,13331,"['Animation', 'Family', 'Comedy', 'Fantasy', 'Romance']",150000000,935454538,92,good
131634,tt1951266,The Hunger Games: Mockingjay - Part 2,The fire will burn forever.,"As the war between the Capitol and the districts reaches its peak, Katniss Everdeen embarks on a perilous mission to liberate Panem and confront President Snow. Joined by a team of trusted allies, she navigates deadly traps, shifting loyalties, and the heavy cost of rebellion, determined to bring freedom to her people and end the Hunger Games once and for all.",/lImKHDfExAulp16grYm8zD5eONE.jpg,/qVgLMRVNB5bHU0inmRa0ueShacN.jpg,2015-11-18,6.9,13258,"['Action', 'Adventure', 'Science Fiction']",160000000,653428261,137,good
68726,tt1663662,Pacific Rim,"To fight monsters, we created monsters.","Using massive piloted robots to combat the alien threat, earth's survivors take the fight to the invading alien force lurking in the depths of the Pacific Ocean. Nearly defenseless in the face of the relentless enemy, the forces of mankind have no choice but to turn to two unlikely heroes who now stand as earth's final hope against the mounting apocalypse.",/8wo4eN8dWKaKlxhSvBz19uvj8gA.jpg,/9X7Im1YuBhyHYVD8r7CAONPJR5k.jpg,2013-07-11,6.918,13243,"['Action', 'Science Fiction', 'Adventure']",180000000,411000000,131,good
70981,tt1446714,Prometheus,The search for our beginning could lead to our end.,"A team of explorers discover a clue to the origins of mankind on Earth, leading them on a journey to the darkest corners of the universe. There, they must fight a terrifying battle to save the future of the human race.",/qsYQflQhOuhDpQ0W2aOcwqgDAeI.jpg,/sM42bpH73dmf3kJrE8xr4kztYqR.jpg,2012-05-30,6.593,13153,"['Science Fiction', 'Mystery', 'Horror']",130000000,403354469,124,good
19908,tt1156398,Zombieland,Nut up or shut up.,"Columbus has made a habit of running from what scares him. Tallahassee doesn't have fears. If he did, he'd kick their ever-living ass. In a world overrun by zombies, these two are perfectly evolved survivors. But now, they're about to stare down the most terrifying prospect of all: each other.",/dUkAmAyPVqubSBNRjRqCgHggZcK.jpg,/oihWVx3imvRKujnGmSDYhfG1gI5.jpg,2009-10-02,7.26,13070,"['Comedy', 'Horror']",23600000,102391540,87,good
37799,tt1285016,The Social Network,You don't get to 500 million friends without making a few enemies.,"In 2003, Harvard undergrad and computer programmer Mark Zuckerberg begins work on a new concept that eventually turns into the global social network known as Facebook. Six years later, Mark is one of the youngest billionaires ever, but his unprecedented success leads to both personal and legal complications when he ends up on the receiving end of two lawsuits, one involving his former friend.",/n0ybibhJtQ5icDqTp8eRytcIHJx.jpg,/1GlZNA9L5trst3ItgRiyQTUH1uf.jpg,2010-10-01,7.372,13055,['Drama'],40000000,224920315,121,good
82690,tt1772341,Wreck-It Ralph,"When the game is over, the fun begins.","Wreck-It Ralph is the 9-foot-tall, 643-pound villain of an arcade video game named Fix-It Felix Jr., in which the game's titular hero fixes buildings that Ralph destroys. Wanting to prove he can be a good guy and not just a villain, Ralph escapes his game and lands in Hero's Duty, a first-person shooter where he helps the game's hero battle against alien invaders. He later enters Sugar Rush, a kart racing game set on tracks made of candies, cookies and other sweets. There, Ralph meets Vanellope von Schweetz who has learned that her game is faced with a dire threat that could affect the entire arcade, and one that Ralph may have inadvertently started.",/zWoIgZ7mgmPkaZjG0102BSKFIqQ.jpg,/3IFRjBDwtk0DlIsDfJ2zEzLjUBi.jpg,2012-11-01,7.355,12998,"['Family', 'Animation', 'Comedy', 'Adventure']",165000000,471222889,101,good
350,tt0458352,The Devil Wears Prada,Meet Andy Sachs. A million girls would kill to have her job. She's not one of them.,"A young woman from the Midwest gets more than she bargained for when she moves to New York to become a writer and ends up as the assistant to the tyrannical, larger-than-life editor-in-chief of a major fashion magazine.",/8912AsVuS7Sj915apArUFbv6F9L.jpg,/CpLAfXgSNeNRRbRzPrTuzKmIHO.jpg,2006-06-29,7.4,12930,"['Drama', 'Comedy']",35000000,326706115,109,good
64682,tt1343092,The Great Gatsby,Dream dangerously.,"An adaptation of F. Scott Fitzgerald's Long Island-set novel, where Midwesterner Nick Carraway is lured into the lavish world of his neighbor, Jay Gatsby. Soon enough, however, Carraway will see through the cracks of Gatsby's nouveau riche existence, where obsession, madness, and tragedy await.",/tyxfCBQv6Ap74jcu3xd7aBiaa29.jpg,/5mQZqk2qSJCsYmvw1cQJLEcLNYM.jpg,2013-05-09,7.353,12881,"['Drama', 'Romance']",105000000,351040419,143,good
399055,tt5580390,The Shape of Water,A fairy tale for troubled times.,"An other-worldly story, set against the backdrop of Cold War era America circa 1962, where a mute janitor working at a lab falls in love with an amphibious man being held captive there and devises a plan to help him escape.",/9zfwPffUXpBrEP26yp0q1ckXDcj.jpg,/abirSHwWgKajV3hXhaIR5lcCIXe.jpg,2017-12-01,7.237,12782,"['Drama', 'Fantasy', 'Romance']",19500000,195300000,123,good
166426,tt1790809,Pirates of the Caribbean: Dead Men Tell No Tales,All pirates must die.,"Thrust into an all-new adventure, a down-on-his-luck Capt. Jack Sparrow feels the winds of ill-fortune blowing even more strongly when deadly ghost sailors led by his old nemesis, the evil Capt. Salazar, escape from the Devil's Triangle. Jack's only hope of survival lies in seeking out the legendary Trident of Poseidon, but to find it, he must forge an uneasy alliance with a brilliant and beautiful astronomer and a headstrong young man in the British navy.",/6lAPOAFYFWIO3SQRemEY2wInQMC.jpg,/7C921eWK06n12c1miRXnYoEu5Yv.jpg,2017-05-23,6.653,12722,"['Adventure', 'Action', 'Fantasy']",230000000,795922298,129,good
351286,tt4881806,Jurassic World: Fallen Kingdom,The park is gone.,"Three years after Jurassic World was destroyed, Isla Nublar now sits abandoned. When the island's dormant volcano begins roaring to life, Owen and Claire mount a campaign to rescue the remaining dinosaurs from this extinction-level event.",/x2Us3jR6ToMJjbcPbLimYoxf6xr.jpg,/6WA9stUMbIkEPxn3D5SWlA8FIi7.jpg,2018-06-06,6.531,12672,"['Action', 'Adventure', 'Science Fiction', 'Thriller']",170000000,1310469037,129,good
61791,tt1318514,Rise of the Planet of the Apes,Evolution Becomes Revolution.,"A highly intelligent chimpanzee named Caesar has been living a peaceful suburban life ever since he was born. But when he gets taken to a cruel primate facility, Caesar decides to revolt against those who have harmed him.",/oqA45qMyyo1TtrnVEBKxqmTPhbN.jpg,/6cCF0KMUO2QmrVsQFujkQduREXX.jpg,2011-08-03,7.341,12666,"['Thriller', 'Action', 'Drama', 'Science Fiction']",93000000,481800873,105,good
127380,tt2277860,Finding Dory,An unforgettable journey she probably won't remember.,Dory is reunited with her friends Nemo and Marlin in the search for answers about her past. What can she remember? Who are her parents? And where did she learn to speak Whale?,/3UVe8NL1E2ZdUZ9EDlKGJY5UzE.jpg,/wijltj1toRcicHlCn8Cpsp4yPXe.jpg,2016-06-16,7.039,12600,"['Adventure', 'Animation', 'Family']",200000000,1029266989,97,good
82693,tt1045658,Silver Linings Playbook,Watch for the signs.,"After losing his job and wife, and spending time in an institution, a former teacher winds up living with his parents. He wants to rebuild his life and reconcile with his wife, but his father would be happy if he shared his obsession with the Philadelphia Eagles. Things get complicated when he meets Tiffany Maxwell who offers to help him reconnect with his wife if he will do something very important for her in exchange.",/fhHB1uvfFKKFbj6bTKE8xdtsjKi.jpg,/nJuw7xhJ1tTz1PRlNSNVcrbYClQ.jpg,2012-11-16,7.149,12582,"['Drama', 'Comedy', 'Romance']",21000000,236412453,122,good
2048,tt0343818,"I, Robot",One man saw it coming.,"In 2035, where robots are commonplace and abide by the three laws of robotics, a technophobic cop investigates an apparent suicide. Suspecting that a robot may be responsible for the death, his investigation leads him to believe that humanity may be in danger.",/efwv6F2lGaghjPpBRSINHtoEiZB.jpg,/lOXVbF2mBK0xUt8sLInF3TIk5YS.jpg,2004-07-15,6.96,12557,"['Action', 'Science Fiction']",120000000,347234916,115,good
9502,tt0441773,Kung Fu Panda,Prepare for awesomeness.,"Chosen by prophecy but doubted by all, Po is an unlikely Dragon Warrior—a clumsy panda thrust into the world of kung fu as a deadly enemy threatens the Valley of Peace. Under reluctant guidance by Master Shifu and the Furious Five, Po must embrace who he is to unlock the power that no scroll can teach.",/wWt4JYXTg5Wr3xBW2phBrMKgp3x.jpg,/qdthf9WrRDSaIkGVQGhhJ9pz1hn.jpg,2008-06-04,7.318,12530,"['Animation', 'Family', 'Drama', 'Comedy', 'Action']",130000000,632091832,90,good
161,tt0240772,Ocean's Eleven,Are you in or out?,"Less than 24 hours into his parole, charismatic thief Danny Ocean is already rolling out his next plan: In one night, Danny's hand-picked crew of specialists will attempt to steal more than $150 million from three Las Vegas casinos. But to score the cash, Danny risks his chances of reconciling with ex-wife, Tess.",/hQQCdZrsHtZyR6NbKH2YyCqd2fR.jpg,/ncoqdHs1poUaBqyKic9YI8ai7MP.jpg,2001-12-07,7.457,12447,"['Thriller', 'Crime']",85000000,450717150,116,good
23483,tt1250777,Kick-Ass,Shut up. Kick-ass.,"Dave Lizewski is an unnoticed high school student and comic book fan who one day decides to become a super-hero, even though he has no powers, training or meaningful reason to do so.",/iHMbrTHJwocsNvo5murCBw0CwTo.jpg,/P4bGyJQF0shAcRku3I2perNUQR.jpg,2010-03-26,7.123,12305,"['Action', 'Crime']",28000000,96188903,118,good
332562,tt1517451,A Star Is Born,,"Seasoned musician Jackson Maine discovers — and falls in love with — struggling artist Ally. She has just about given up on her dream to make it big as a singer — until Jack coaxes her into the spotlight. But even as Ally's career takes off, the personal side of their relationship is breaking down, as Jack fights an ongoing battle with his own internal demons.",/wrFpXMNBRj2PBiN4Z5kix51XaIZ.jpg,/wqtaHWOEZ3rXDJ8c6ZZShulbo18.jpg,2018-10-03,7.493,12180,"['Music', 'Drama', 'Romance']",36000000,436388866,136,good
1359,tt0144084,American Psycho,Killer looks.,"A wealthy New York investment banking executive hides his alternate psychopathic ego from his co-workers and friends as he escalates deeper into his illogical, gratuitous fantasies.",/9uGHEgsiUXjCNq8wdq4r49YL8A1.jpg,/5oaMV2q0qzxkIW2ukU3lldLu5q2.jpg,2000-04-13,7.407,12162,"['Thriller', 'Drama', 'Crime']",7000000,34269748,102,good
119450,tt2103281,Dawn of the Planet of the Apes,The future is worth fighting for.,"A group of scientists in San Francisco struggle to stay alive in the aftermath of a plague that is wiping out humanity, while Caesar tries to maintain dominance over his community of intelligent apes.",/mSmAc9G25fhOHH45SLEeagR0qi7.jpg,/3SozaNPOYUadcmTPgndDibMyDNC.jpg,2014-07-08,7.338,12150,"['Science Fiction', 'Action', 'Drama', 'Thriller']",170000000,710644566,130,good
36657,tt0120903,X-Men,Trust a few. Fear the rest.,"Two mutants, Rogue and Wolverine, come to a private academy for their kind whose resident superhero team, the X-Men, must oppose a terrorist organization with similar powers.",/bRDAc4GogyS9ci3ow7UnInOcriN.jpg,/3QUVzbcNyfGe3ocWkYAT8emK8Co.jpg,2000-07-13,7.012,12103,"['Adventure', 'Action', 'Science Fiction']",75000000,296339527,104,good
1858,tt0418279,Transformers,Their war. Our world.,Young teenager Sam Witwicky becomes involved in the ancient struggle between two extraterrestrial factions of transforming robots – the heroic Autobots and the evil Decepticons. Sam holds the clue to unimaginable power and the Decepticons will stop at nothing to retrieve it.,/4N4sipl8T72tNE4earcctQa2Kw2.jpg,/iCDMBi6WLjUBnt24dNwHqqF81UL.jpg,2007-06-27,6.821,12098,"['Adventure', 'Science Fiction', 'Action']",150000000,709709780,144,good
49530,tt1637688,In Time,Live forever or die trying.,"In the not-too-distant future, the aging gene has been switched off. To avoid overpopulation, time has become the currency and the way people pay for luxuries and necessities. The rich can live forever, while the rest struggle to negotiate for their immortality. A poor young man who suddenly comes into a fortune of time finds himself on the run from a corrupt police force known as the ""time keepers"".",/3Mwj2sIONQckOZP3YwsUXF7U5I4.jpg,/pxL08w7Eq0vKrQ3mJzYp0VHGaKG.jpg,2011-10-27,6.969,12065,"['Action', 'Thriller', 'Science Fiction']",40000000,173900000,109,good
8681,tt0936501,Taken,They took his daughter. He'll take their lives.,"Bryan Mills, a former government operative, is trying to reconnect with his teenage daughter Kim. After reluctantly agreeing with his ex-wife to let Kim go to Paris on vacation with a friend, his worst nightmare comes true. While on the phone with his daughter shortly after she arrives in Paris, she and her friend are abducted by a gang of human traffickers. Working against the clock, Bryan relies on his extensive training and skills to track down the ruthless gang that abducted her and launch a one-man war to rescue his daughter.",/ognkaUSNgJe1a2pjB4UNdzEo5jT.jpg,/lMRMjd9yJsZLyaT97eiURu2zVb4.jpg,2008-02-18,7.402,12007,"['Action', 'Thriller']",25000000,226830568,94,good
93456,tt1690953,Despicable Me 2,More minions. More despicable.,Gru is recruited by the Anti-Villain League to help deal with a powerful new super criminal.,/5Fh4NdoEnCjCK9wLjdJ9DJNFl2b.jpg,/uD267eSiACfWLxp47t3gYymOQRj.jpg,2013-06-26,6.944,11935,"['Animation', 'Comedy', 'Family']",76000000,970766005,98,good
604,tt0234215,The Matrix Reloaded,Free your mind.,"The Resistance builds in numbers as humans are freed from the Matrix and brought to the city of Zion. Neo discovers his superpowers, including the ability to see the code inside the Matrix. With machine sentinels digging to Zion in 72 hours, Neo, Morpheus and Trinity must find the Keymaker to ultimately reach the Source.",/aA5qHS0FbSXO8PxcxUIHbDrJyuh.jpg,/ihOJcrorpDQtHTzIOrobbOhpJsj.jpg,2003-05-15,7.071,11844,"['Adventure', 'Action', 'Thriller', 'Science Fiction']",150000000,738599701,138,good
953,tt0351283,Madagascar,They weren't born in the wild... They were shipped there.,Four animal friends get a taste of the wild life when they break out of captivity at the Central Park Zoo and wash ashore on the island of Madagascar.,/zMpJY5CJKUufG9OTw0In4eAFqPX.jpg,/tPaurpIUskVji5vwV0dhy9pq4Vs.jpg,2005-05-25,6.921,11638,"['Animation', 'Adventure', 'Comedy', 'Family']",75000000,542064525,86,good
458156,tt6146586,John Wick: Chapter 3 - Parabellum,"If you want peace, prepare for war.","Super-assassin John Wick returns with a $14 million price tag on his head and an army of bounty-hunting killers on his trail. After killing a member of the shadowy international assassin’s guild, the High Table, John Wick is excommunicado, but the world’s most ruthless hit men and women await his every turn.",/ziEuG1essDuWuC5lpWUaw1uXY2O.jpg,/vVpEOvdxVBP2aV166j5Xlvb5Cdc.jpg,2019-05-15,7.438,11624,"['Action', 'Thriller', 'Crime']",55000000,328349908,131,good
291805,tt3110958,Now You See Me 2,You haven't seen anything yet.,"One year after outwitting the FBI and winning the public’s adulation with their mind-bending spectacles, the Four Horsemen resurface only to find themselves face to face with a new enemy who enlists them to pull off their most dangerous heist yet.",/A81kDB6a1K86YLlcOtZB27jriJh.jpg,/oFQilRMEq6yQbtMPxIYWpXeQ5ZN.jpg,2016-06-02,6.827,11492,"['Crime', 'Thriller']",120000000,334897606,129,good
411,tt0363771,"The Chronicles of Narnia: The Lion, the Witch and the Wardrobe",The beloved masterpiece comes to life.,"Siblings Lucy, Edmund, Susan and Peter step through a magical wardrobe and find the land of Narnia. There, they discover a charming, once peaceful kingdom that has been plunged into eternal winter by the evil White Witch, Jadis. Aided by the wise and magnificent lion, Aslan, the children lead Narnia into a spectacular, climactic battle to be free of the Witch's glacial powers forever.",/iREd0rNCjYdf5Ar0vfaW32yrkm.jpg,/tuDhEdza074bA497bO9WFEPs6O6.jpg,2005-12-07,7.136,11420,"['Adventure', 'Family', 'Fantasy']",180000000,745013115,143,good
310,tt0315327,Bruce Almighty,"If you could be God for one week, what would you do?","Bruce Nolan toils as a ""human interest"" television reporter in Buffalo, NY, but despite his high ratings and the love of his beautiful girlfriend, Bruce remains unfulfilled. At the end of the worst day in his life, he angrily ridicules God — and the Almighty responds, endowing Bruce with all of His divine powers.",/3XJKBKh9Km89EoUEitVTSnrlAkZ.jpg,/cgjLr9VVQzp0mYQ6IUc3JlZ8Frp.jpg,2003-05-23,6.725,11418,"['Fantasy', 'Comedy']",80000000,484592874,101,good
338952,tt4123430,Fantastic Beasts: The Crimes of Grindelwald,Fate of one. Future of all.,"Gellert Grindelwald has escaped imprisonment and has begun gathering followers to his cause—elevating wizards above all non-magical beings. The only one capable of putting a stop to him is the wizard he once called his closest friend, Albus Dumbledore. However, Dumbledore will need to seek help from the wizard who had thwarted Grindelwald once before, his former student Newt Scamander, who agrees to help, unaware of the dangers that lie ahead. Lines are drawn as love and loyalty are tested, even among the truest friends and family, in an increasingly divided wizarding world.",/fMMrl8fD9gRCFJvsx0SuFwkEOop.jpg,/i3rRY0EKYhSpyOLRAQ7iB05zhAp.jpg,2018-11-14,6.835,11410,"['Fantasy', 'Adventure']",200000000,654900000,134,good
75612,tt1483013,Oblivion,Earth is a memory worth fighting for.,"Jack Harper is one of the last few drone repairmen stationed on Earth. Part of a massive operation to extract vital resources after decades of war with a terrifying threat known as the Scavs, Jack’s mission is nearly complete. His existence is brought crashing down when he rescues a beautiful  stranger from a downed spacecraft. Her arrival triggers a chain of events that  forces him to question everything he knows and puts the fate of humanity in his hands.",/bYLM3GpNUZnoFElPXp1zlhDPdtv.jpg,/2kVt8oj1cSz4GAP0Hi8SESOiH0T.jpg,2013-04-10,6.673,11406,"['Action', 'Science Fiction', 'Adventure', 'Mystery']",120000000,286168572,124,good
51876,tt1219289,Limitless,What if a pill could make you rich and powerful?,The life of an unsuccessful writer is transformed by a top-secret 'smart drug' that allows him to use 100% of his brain and become a perfect version of himself. His enhanced abilities soon attract shadowy forces that threaten his new life.,/kCokPP4WCQRrrAuZ7FcpIyHr8b2.jpg,/9V6Yq2ZVUmyAPcPyDcCBPnkluKF.jpg,2011-03-17,7.196,11370,"['Thriller', 'Mystery', 'Science Fiction']",27000000,161900000,106,good
62211,tt1453405,Monsters University,"Before they were incorporated, they had to be educated.",A look at the relationship between Mike and Sulley during their days at Monsters University — when they weren't necessarily the best of friends.,/y7thwJ7z5Bplv6vwl6RI0yteaDD.jpg,/hmAOMwVeJfdWXgK1Ikyl2eYkE99.jpg,2013-06-19,7.046,11247,"['Animation', 'Family']",200000000,743559465,104,good
168259,tt2820852,Furious 7,Vengeance hits home.,Deckard Shaw seeks revenge against Dominic Toretto and his family for his comatose brother.,/ktofZ9Htrjiy0P6LEowsDaxd3Ri.jpg,/ehzI1mVcnHqB58NqPyQwpMqcVoz.jpg,2015-04-01,7.2,11216,"['Action', 'Crime', 'Thriller']",190000000,1515400000,139,good
45243,tt1411697,The Hangover Part II,The Wolfpack Is Back,"The Hangover crew heads to Thailand for Stu's wedding. After the disaster of a bachelor party in Las Vegas last year, Stu is playing it safe with a mellow pre-wedding brunch. However, nothing goes as planned and Bangkok is the perfect setting for another adventure with the rowdy group.",/cKZu0Fdkj7dmwbfMpgDqVVCkLJQ.jpg,/aGmsekNU5cMOkJMpbdRutkvmVMl.jpg,2011-05-25,6.501,11193,['Comedy'],80000000,586764305,102,good
206647,tt2379713,Spectre,The Dead Are Alive.,"A cryptic message from Bond’s past sends him on a trail to uncover a sinister organization. While M battles political forces to keep the secret service alive, Bond peels back the layers of deceit to reveal the terrible truth behind SPECTRE.",/zj8ongFhtWNsVlfjOGo8pSr7PQg.jpg,/8lBViysvNJBPkl6zG1LVAaW3qhj.jpg,2015-10-26,6.569,11169,"['Action', 'Adventure', 'Thriller']",245000000,880707597,148,good
497698,tt3480822,Black Widow,Her world. Her secrets. Her legacy.,"Natasha Romanoff, also known as Black Widow, confronts the darker parts of her ledger when a dangerous conspiracy with ties to her past arises. Pursued by a force that will stop at nothing to bring her down, Natasha must deal with her history as a spy and the broken relationships left in her wake long before she became an Avenger.",/7JPpIjhD2V0sKyFvhB9khUMa30d.jpg,/keIxh0wPr2Ymj0Btjh4gW7JJ89e.jpg,2021-07-07,7.17,11135,"['Action', 'Adventure', 'Science Fiction']",200000000,379751131,134,good
787,tt0356910,Mr. & Mrs. Smith,'Til death do us part.,"A husband and wife struggle to keep their marriage alive until they realize they are both secretly working as assassins. Now, their respective assignments require them to kill each other.",/kjD700RtyhveN3ZbOnSvUSne0Qj.jpg,/iFaWUETEE2umP1WY0LUAmjSpzm7.jpg,2005-06-07,6.691,11132,"['Action', 'Comedy', 'Drama', 'Thriller']",110000000,487287646,120,good
82992,tt1905041,Fast & Furious 6,All roads lead to this.,"Hobbs has Dominic and Brian reassemble their crew to take down a team of mercenaries; Dominic unexpectedly gets sidetracked with facing his presumed deceased girlfriend, Letty.",/thSmnRdrzPBBospIOJjLZBReqzo.jpg,/oqxCzAO8sn1rSco2Pc19DlitgEn.jpg,2013-05-21,6.814,11107,"['Action', 'Thriller', 'Crime']",160000000,788700000,130,good
580489,tt7097896,Venom: Let There Be Carnage,You are what you eat.,"After finding a host body in investigative reporter Eddie Brock, the alien symbiote must face a new enemy, Carnage, the alter ego of serial killer Cletus Kasady.",/pzKsRuKLFmYrW5Q0q8E8G78Tcgo.jpg,/eENEf62tMXbhyVvdcXlnQz2wcuT.jpg,2021-09-30,6.747,11097,"['Science Fiction', 'Action', 'Adventure']",110000000,506863592,97,good
343668,tt4649466,Kingsman: The Golden Circle,A proper spy movie.,"When an attack on the Kingsman headquarters takes place and a new villain rises, Eggsy and Merlin are forced to work together with the American agency known as the Statesman to save the world.",/34xBL6BXNYFqtHO9zhcgoakS4aP.jpg,/eVHVwP71el20fofkCHo78ebQv7Q.jpg,2017-09-20,6.946,11066,"['Action', 'Adventure', 'Comedy', 'Crime']",104000000,410902662,141,good
293167,tt3731562,Kong: Skull Island,All hail the king.,"Explore the mysterious and dangerous home of the king of the apes as a team of explorers ventures deep inside the treacherous, primordial island.",/r2517Vz9EhDhj88qwbDVj8DCRZN.jpg,/nVodCGKYLpqNC8YwQAbivKlWCgZ.jpg,2017-03-08,6.552,11067,"['Action', 'Adventure', 'Fantasy']",185000000,566652812,118,good
577922,tt6723592,Tenet,Time runs out.,"Armed with only one word - Tenet - and fighting for the survival of the entire world, the Protagonist journeys through a twilight world of international espionage on a mission that will unfold in something beyond real time.",/aCIFMriQh8rvhxpN1IWGgvH0Tlg.jpg,/7BYtnXUfweV6EryNYDpZFeS31Ia.jpg,2020-08-22,7.172,10992,"['Action', 'Thriller', 'Science Fiction']",205000000,365304105,150,good
346698,tt1517268,Barbie,She's everything. He's just Ken.,"Barbie and Ken are having the time of their lives in the colorful and seemingly perfect world of Barbie Land. However, when they get a chance to go to the real world, they soon discover the joys and perils of living among humans.",/iuFNMS8U5cb6xfzi51Dbkovj7vM.jpg,/3N5QNUqS76GFYNoEayfkkJyAyTN.jpg,2023-07-19,6.926,10963,"['Comedy', 'Adventure']",145000000,1447138421,114,good
19913,tt1022603,(500) Days of Summer,This is not a love story. This is a story about love.,"Tom, greeting-card writer and hopeless romantic, is caught completely off-guard when his girlfriend, Summer, suddenly dumps him. He reflects on their 500 days together to try to figure out where their love affair went sour, and in doing so, Tom rediscovers his true passions in life.",/qXAuQ9hF30sQRsXf40OfRVl0MJZ.jpg,/1M2i4Mxd03elGOTmEkIvqrHfmyS.jpg,2009-07-17,7.3,10955,"['Comedy', 'Drama', 'Romance']",7500000,60781545,95,good
294254,tt4046784,Maze Runner: The Scorch Trials,The Maze Was Just the Beginning.,"Thomas and his fellow Gladers face their greatest challenge yet: searching for clues about the mysterious and powerful organization known as WCKD. Their journey takes them to the Scorch, a desolate landscape filled with unimaginable obstacles. Teaming up with resistance fighters, the Gladers take on WCKD’s vastly superior forces and uncover its shocking plans for them all.",/mYw7ZyejqSCPFlrT2jHZOESZDU3.jpg,/4mcOCiR06dqQ5eoEJcG3zvonjOa.jpg,2015-09-09,6.729,10946,"['Science Fiction', 'Action', 'Thriller', 'Adventure']",61000000,312296056,131,good
652,tt0332452,Troy,For passion. For honor. For destiny. For victory. For love.,"In year 1250 B.C. during the late Bronze age, two emerging nations begin to clash. Paris, the Trojan prince, convinces Helen, Queen of Sparta, to leave her husband Menelaus, and sail with him back to Troy. After Menelaus finds out that his wife was taken by the Trojans, he asks his brother Agamemnon to help him get her back. Agamemnon sees this as an opportunity for power. They set off with 1,000 ships holding 50,000 Greeks to Troy.",/51auXjXepW1zblzhaN7CAhwvf5i.jpg,/d3z8MH9OvTOOSxy5QwAG0cS6GKU.jpg,2004-05-13,7.168,10941,"['War', 'Action', 'History']",175000000,497409852,163,good
64688,tt1232829,21 Jump Street,The only thing getting blown tonight is their cover.,"When cops Schmidt and Jenko join the secret Jump Street unit, they use their youthful appearances to go undercover as high school students. They trade in their guns and badges for backpacks, and set out to shut down a dangerous drug ring. But, as time goes on, Schmidt and Jenko discover that high school is nothing like it was just a few years earlier -- and, what's more, they must again confront the teenage terror and anxiety they thought they had left behind.",/8v3Sqv9UcIUC4ebmpKWROqPBINZ.jpg,/d1ACwtoBygLKkGjCq9LUXnmcki.jpg,2012-03-14,6.885,10933,"['Action', 'Comedy', 'Crime']",42000000,201585328,109,good
41154,tt1409024,Men in Black 3,Back in time.,"Agents J and K are back...in time. J has seen some inexplicable things in his 15 years with the Men in Black, but nothing, not even aliens, perplexes him as much as his wry, reticent partner. But when K's life and the fate of the planet are put at stake, Agent J will have to travel back in time to put things right. J discovers that there are secrets to the universe that K never told him - secrets that will reveal themselves as he teams up with the young Agent K to save his partner, the agency, and the future of humankind.",/90DdoEStzeObs96fsYf4GG544iN.jpg,/5AhpUb8CAP0jZ4Wrn7AsRUYjZxB.jpg,2012-05-23,6.541,10907,"['Action', 'Comedy', 'Science Fiction']",225000000,654213485,106,good
1593,tt0477347,Night at the Museum,Where history comes to life.,"Chaos reigns at the natural history museum when night watchman Larry Daley accidentally stirs up an ancient curse, awakening Attila the Hun, an army of gladiators, a Tyrannosaurus rex and other exhibits.",/pDsAAYf6Zn0yiAGJ6lYGs6hoZ4E.jpg,/1ZVlzOBYCggLzvVYHK7Im6LohjC.jpg,2006-12-20,6.598,10879,"['Fantasy', 'Family', 'Comedy']",110000000,574480841,108,good
58574,tt1515091,Sherlock Holmes: A Game of Shadows,The game is afoot.,"There is a new criminal mastermind at large (Professor Moriarty) and not only is he Holmes’ intellectual equal, but his capacity for evil and lack of conscience may give him an advantage over the detective.",/y1MYZkwhZK6L0Jy4YMuPktzDOfn.jpg,/lWNASscWXn32Asr9vkB1wq6cKvD.jpg,2011-11-22,7.144,10875,"['Adventure', 'Crime', 'Mystery', 'Action']",125000000,334615000,129,good
36658,tt0290334,X2,The time has come for those who are different to stand united.,"Professor Charles Xavier and his team of genetically gifted superheroes face a rising tide of anti-mutant sentiment led by Col. William Stryker. Storm, Wolverine and Jean Grey must join their usual nemeses—Magneto and Mystique—to unhinge Stryker's scheme to exterminate all mutants.",/bst4alFUXCxISwdRUKSMhhkrX1M.jpg,/s8ftvFvafWWEhApISamHx32bx6h.jpg,2003-04-27,7.035,10817,"['Adventure', 'Action', 'Science Fiction']",110000000,407711549,133,good
59967,tt1276104,Looper,"Hunted by your future, haunted by your past.","In the year 2044, time travel has not yet been invented but in 30 years it will have been. When the mob wants to get rid of someone, they will send their target into the past where a looper, a hired gun, like Joe is waiting to mop up. Joe is getting rich and life is good until the day the mob decides to close the loop, sending back Joe's future self for assassination.",/sNjL6SqErDBE8OUZlrDLkexfsCj.jpg,/4GPCnwvTbsDleH5QIOyDLMsK8a2.jpg,2012-09-26,6.9,10811,"['Action', 'Thriller', 'Science Fiction']",30000000,47042000,118,good
337339,tt4630562,The Fate of the Furious,Never give up on family.,"When a mysterious woman seduces Dom into the world of crime and a betrayal of those closest to him, the crew face trials that will test them as never before.",/dImWM7GJqryWJO9LHa3XQ8DD5NH.jpg,/3IJ8kG8i84PncXkSovu0PaZQfjM.jpg,2017-04-12,6.856,10760,"['Action', 'Crime', 'Thriller']",250000000,1236000000,136,good
495764,tt7713068,Birds of Prey (and the Fantabulous Emancipation of One Harley Quinn),Mind over mayhem.,"Harley Quinn joins forces with a singer, an assassin and a police detective to help a young girl who had a hit placed on her after she stole a rare diamond from a crime lord.",/h4VB6m0RwcicVEZvzftYZyKXs6K.jpg,/uozb2VeD87YmhoUP1RrGWfzuCrr.jpg,2020-02-05,6.88,10752,"['Action', 'Crime']",75000000,205537933,109,good
9799,tt0232500,The Fast and the Furious,"If you have what it takes, you can have it all.","Dominic Toretto is a Los Angeles street racer suspected of masterminding a series of big-rig hijackings. When undercover cop Brian O'Conner infiltrates Toretto's iconoclastic crew, he falls for Toretto's sister and must choose a side: the gang or the LAPD.",/gqY0ITBgT7A82poL9jv851qdnIb.jpg,/jY9ef5nqY4xIIMu3yzW3qamUCoi.jpg,2001-06-22,7.003,10739,"['Action', 'Crime', 'Thriller']",38000000,207283925,106,good
605,tt0242653,The Matrix Revolutions,Everything that has a beginning has an end.,The human city of Zion defends itself against the massive invasion of the machines as Neo fights to end the war at another front while also opposing the rogue Agent Smith.,/bkkS61w94ZVMNVd8KEyyJl2tnY5.jpg,/kJYPag1YrA4PsXIftFdq3QEaanV.jpg,2003-11-05,6.748,10706,"['Adventure', 'Action', 'Thriller', 'Science Fiction']",150000000,424988211,129,good
420818,tt6105098,The Lion King,The king has returned.,"Simba idolizes his father, King Mufasa, and takes to heart his own royal destiny. But not everyone in the kingdom celebrates the new cub's arrival. Scar, Mufasa's brother—and former heir to the throne—has plans of his own. The battle for Pride Rock is ravaged with betrayal, tragedy and drama, ultimately resulting in Simba's exile. With help from a curious pair of newfound friends, Simba will have to figure out how to grow up and take back what is rightfully his.",/dzBtMocZuJbjLOXvrl4zGYigDzh.jpg,/1TUg5pO1VZ4B0Q1amk3OlXvlpXV.jpg,2019-07-12,7.099,10698,"['Adventure', 'Drama', 'Family', 'Animation']",260000000,1662020819,118,good
56292,tt1229238,Mission: Impossible - Ghost Protocol,No plan. No backup. No choice.,"Ethan Hunt and his team are racing against time to track down a dangerous terrorist named Hendricks, who has gained access to Russian nuclear launch codes and is planning a strike on the United States. An attempt to stop him ends in an explosion causing severe destruction to the Kremlin and the IMF to be implicated in the bombing, forcing the President to disavow them. No longer being aided by the government, Ethan and his team chase Hendricks around the globe, although they might still be too late to stop a disaster.",/eRZTGx7GsiKqPch96k27LK005ZL.jpg,/ih4lZkUpmSE7AP3maymiO72xJ1z.jpg,2011-12-07,7.111,10691,"['Action', 'Thriller', 'Adventure']",145000000,694713380,133,good
420817,tt6139732,Aladdin,Choose wisely.,A kindhearted street urchin named Aladdin embarks on a magical adventure after finding a lamp that releases a wisecracking genie while a power-hungry Grand Vizier vies for the same lamp that has the power to make their deepest wishes come true.,/ykUEbfpkf8d0w49pHh0AD2KrT52.jpg,/yJyZRrXaYUjhOrJGga8awbw4Rud.jpg,2019-05-22,7.086,10563,"['Adventure', 'Fantasy', 'Romance', 'Family']",183000000,1054304000,127,good
405774,tt2737304,Bird Box,Never lose sight of survival,"Five years after an ominous unseen presence drives most of society to suicide, a survivor and her two children make a desperate bid to reach safety.",/rGfGfgL2pEPCfhIvqHXieXFn7gp.jpg,/pDKFL1zcHzEpmz4MJA5JJnRbJeD.jpg,2018-12-13,6.826,10505,"['Horror', 'Thriller', 'Drama']",19800000,0,124,good
392044,tt3402236,Murder on the Orient Express,Everyone is a suspect.,Genius Belgian detective Hercule Poirot investigates the murder of an American tycoon aboard the Orient Express train.,/7GtdJU6iAg6fjQu3E3zta3bIAQh.jpg,/IQyEvPTYvrzsa7qstRj6VLQupr.jpg,2017-11-03,6.706,10477,"['Mystery', 'Drama', 'Crime']",55000000,352800000,114,good
301528,tt1979376,Toy Story 4,The adventure of a lifetime.,"Woody has always been confident about his place in the world, devoted to taking care of his kid—whether that's Andy or Bonnie. But after Bonnie creates a reluctant new toy called ""Forky"", a road trip adventure alongside old and new friends challenges everything Woody believes about loyalty, purpose, and what it truly means to be a toy.",/w9kR8qbmQ01HwnvK4alvnQ2ca0L.jpg,/q62bpQ67qaXY0u6b2wFEnQYIbPd.jpg,2019-06-19,7.466,10447,"['Family', 'Comedy', 'Animation', 'Adventure']",175000000,1073841394,100,good
283366,tt1935859,Miss Peregrine's Home for Peculiar Children,Stay peculiar.,A teenager finds himself transported to an island where he must help protect a group of orphans with special powers from creatures intent on destroying them.,/CIlbMFOfYDj0MP23hsIYhFGrL6.jpg,/ld7V9BjMk2xtiBNcR8savyyk5ca.jpg,2016-09-28,6.838,10437,"['Fantasy', 'Adventure', 'Drama', 'Family']",110000000,296482446,127,good
13475,tt0796366,Star Trek,The future begins.,"The fate of the galaxy rests in the hands of bitter rivals. One, James Kirk, is a delinquent, thrill-seeking Iowa farm boy. The other, Spock, a Vulcan, was raised in a logic-based society that rejects all emotion. As fiery instinct clashes with calm reason, their unlikely but powerful partnership is the only thing capable of leading their crew through unimaginable danger, boldly going where no one has gone before. The human adventure has begun again.",/hN2ZtF3Uw6mhIHZiqL0SKzELtKn.jpg,/cqXEwYFcwyKPZCKl1jAPaG3cMsl.jpg,2009-05-06,7.429,10415,"['Science Fiction', 'Action', 'Adventure']",150000000,386839614,127,good
454626,tt3794354,Sonic the Hedgehog,A whole new speed of hero.,"Powered with incredible speed, Sonic The Hedgehog embraces his new home on Earth. That is, until Sonic sparks the attention of super-uncool evil genius Dr. Robotnik. Now it’s super-villain vs. super-sonic in an all-out race across the globe to stop Robotnik from using Sonic’s unique power for world domination.",/aQvJ5WPzZgYVDrxLX4R6cLJCEaQ.jpg,/stmYfCUGd8Iy6kAMBr6AmWqx8Bq.jpg,2020-02-12,7.3,10332,"['Action', 'Science Fiction', 'Comedy', 'Family']",85000000,319715683,99,good
566525,tt9376612,Shang-Chi and the Legend of the Ten Rings,You can't outrun your destiny.,Shang-Chi must confront the past he thought he left behind when he is drawn into the web of the mysterious Ten Rings organization.,/9f2Q0U3IOsLgrI2HkvldwSABZy5.jpg,/r7K6Xt0RX4Mw0cAbZVw5cyb1Tux.jpg,2021-09-01,7.495,10285,"['Action', 'Adventure', 'Fantasy']",150000000,432243292,132,good
950,tt0438097,Ice Age: The Meltdown,Kiss your nuts goodbye.,"Diego, Manny and Sid return in this sequel to the hit animated movie Ice Age. This time around, the deep freeze is over, and the ice-covered earth is starting to melt, which will destroy the trio's cherished valley. The impending disaster prompts them to reunite and warn all the other beasts about the desperate situation.",/e23bfKyjOiKJ5uOufFgfO7JO5ug.jpg,/o1jr0UqVjxIZ1JnFzuVLN4ulWey.jpg,2006-03-29,6.716,10283,"['Animation', 'Family', 'Comedy', 'Adventure']",80000000,660998756,91,good
17654,tt1136608,District 9,You are not welcome here.,"Thirty years ago, aliens arrive on Earth. Not to conquer or give aid, but to find refuge from their dying planet. Separated from humans in a South African area called District 9, the aliens are managed by Multi-National United, which is unconcerned with the aliens' welfare but will do anything to master their advanced technology. When a company field agent contracts a mysterious virus that begins to alter his DNA, there is only one place he can hide: District 9.",/tuGlQkqLxnodDSk6mp5c2wvxUEd.jpg,/jhM3wgWUrrOkz9r4xwV5cV5RhI4.jpg,2009-08-05,7.462,10238,['Science Fiction'],30000000,210888950,112,good
330457,tt4520988,Frozen II,The past is not what it seems.,"Elsa, Anna, Kristoff and Olaf head far into the forest to learn the truth about an ancient mystery of their kingdom.",/mINJaa34MtknCYl5AjtNJzWj8cD.jpg,/AoSZyb37ljMAxw0RdeQEBHKtgcc.jpg,2019-11-20,7.232,10226,"['Family', 'Animation', 'Adventure', 'Comedy', 'Fantasy']",150000000,1453683476,103,good
453395,tt9419884,Doctor Strange in the Multiverse of Madness,Enter a new dimension of Strange.,"Doctor Strange, with the help of mystical allies both old and new, traverses the mind-bending and dangerous alternate realities of the Multiverse to confront a mysterious new adversary.",/ddJcSKbcp4rKZTmuyWaMhuwcfMz.jpg,/AdyJH8kDm8xT8IKTlgpEC15ny4u.jpg,2022-05-04,7.225,10203,"['Fantasy', 'Action', 'Adventure']",290000000,955775804,126,good
287947,tt0448115,Shazam!,Just say the word.,A boy is given the ability to become an adult superhero in times of need with a single magic word.,/xnopI5Xtky18MPhK40cZAGAOVeV.jpg,/o7JVhqMmrex1TPbmuxl8YXVlcfl.jpg,2019-03-29,6.979,10135,"['Action', 'Comedy', 'Fantasy']",80000000,367799011,132,good
2501,tt0258463,The Bourne Identity,He was the perfect weapon until he became the target.,"Wounded to the brink of death and suffering from amnesia, Jason Bourne is rescued at sea by a fisherman. With nothing to go on but a Swiss bank account number, he starts to reconstruct his life, but finds that many people he encounters want him dead. However, Bourne realizes that he has the combat and mental skills of a world-class spy—but who does he work for?",/aP8swke3gmowbkfZ6lmNidu0y9p.jpg,/kJaRWmy1BGq3pHyE94LOTteiHer.jpg,2002-06-14,7.5,9999,"['Action', 'Drama', 'Mystery', 'Thriller']",60000000,214034224,119,good
591,tt0382625,The Da Vinci Code,Seek the truth.,"A murder in Paris’ Louvre Museum and cryptic clues in some of Leonardo da Vinci’s most famous paintings lead to the discovery of a religious mystery. For 2,000 years a secret society closely guards information that — should it come to light — could rock the very foundations of Christianity.",/9ejKfNk0LBhSI9AahH4f9NJNZNM.jpg,/vlnSG1EQi0ez2A6MkFfjovPfkES.jpg,2006-05-17,6.724,9987,"['Thriller', 'Mystery']",125000000,760006945,149,good
176,tt0387564,Saw,How much blood would you shed to stay alive?,"Two men wake up to find themselves shackled in a grimy, abandoned bathroom. As they struggle to comprehend their predicament, they discover a disturbing tape left behind by the sadistic mastermind known as Jigsaw. With a chilling voice and cryptic instructions, Jigsaw informs them that they must partake in a gruesome game in order to secure their freedom.",/rLNSOudrayDBo1uqXjrhxcjODIC.jpg,/ok4ot3YbfDYZcINXf91JUfq3maB.jpg,2004-10-01,7.42,9966,"['Horror', 'Mystery', 'Crime']",1200000,104045735,103,good
13183,tt0409459,Watchmen,Justice is coming to all of us. No matter what we do.,"In a gritty and alternate 1985, the glory days of costumed vigilantes have been brought to a close by a government crackdown. But after one of the masked veterans is brutally murdered, an investigation into the killer is initiated. The reunited heroes set out to prevent their own destruction, but in doing so they uncover a sinister plot that puts all of humanity in grave danger.",/u0ROjy3KPzMDTipqCrwD8LwkKSQ.jpg,/hfWsEZRTpqSfzofIhjjy7VL4o61.jpg,2009-03-04,7.351,9901,"['Mystery', 'Action', 'Science Fiction']",130000000,185258983,163,good
399579,tt0437086,Alita: Battle Angel,An angel falls. A warrior rises.,"When Alita awakens with no memory of who she is in a future world she does not recognize, she is taken in by Ido, a compassionate doctor who realizes that somewhere in this abandoned cyborg shell is the heart and soul of a young woman with an extraordinary past.",/xRWht48C2V8XNfzvPehyClOvDni.jpg,/jXDselREPq8TOVGM4dzBBUM7xVk.jpg,2019-01-31,7.244,9894,"['Action', 'Science Fiction', 'Adventure']",170000000,405000000,122,good
9741,tt0217869,Unbreakable,Are you ready for the truth?,"An ordinary man makes an extraordinary discovery when a train accident leaves his fellow passengers dead — and him unscathed. The answer to this mystery could lie with the mysterious Elijah Price, a man who suffers from a disease that renders his bones as fragile as glass.",/mLuehrGLiK5zFCyRmDDOH6gbfPf.jpg,/A7CYNTa3fWyU0t207XiecgriQv5.jpg,2000-11-22,7.143,9859,"['Thriller', 'Drama', 'Mystery']",75000000,248118121,106,good
156022,tt0455944,The Equalizer,What do you see when you look at me?,"McCall believes he has put his mysterious past behind him and dedicated himself to beginning a new, quiet life. But when he meets Teri, a young girl under the control of ultra-violent Russian gangsters, he can’t stand idly by – he has to help her. Armed with hidden skills that allow him to serve vengeance against anyone who would brutalize the helpless, McCall comes out of his self-imposed retirement and finds his desire for justice reawakened. If someone has a problem, if the odds are stacked against them, if they have nowhere else to turn, McCall will help. He is The Equalizer.",/9u4yW7yPA0BQ2pv9XwiNzItwvp8.jpg,/wNAfVj1ObGNye5fQM4tJXJGtU0.jpg,2014-09-24,7.283,9849,"['Thriller', 'Action', 'Crime']",55000000,192330738,132,good
318846,tt1596363,The Big Short,This is a true story.,The men who made millions from a global economic meltdown.,/scVEaJEwP8zUix8vgmMoJJ9Nq0w.jpg,/l2Lqkfjq1k5pG2gZXD4qSiyrJ0.jpg,2015-12-11,7.364,9764,"['Comedy', 'Drama']",28000000,133346506,131,good
550988,tt6264654,Free Guy,Life's too short to be a background character.,"A bank teller discovers he is actually a background player in an open-world video game, and decides to become the hero of his own story. Now, in a world where there are no limits, he is determined to be the guy who saves his world his way before it's too late.",/dxraF0qPr1OEgJk17ltQTO84kQF.jpg,/7py8kUCYaOdFn1TfVS87BDBySOz.jpg,2021-08-11,7.453,9701,"['Comedy', 'Adventure', 'Science Fiction']",110000000,331526598,115,good
281338,tt3450958,War for the Planet of the Apes,For freedom. For family. For the planet.,"Caesar and his apes are forced into a deadly conflict with an army of humans led by a ruthless Colonel. After the apes suffer unimaginable losses, Caesar wrestles with his darker instincts and begins his own mythic quest to avenge his kind. As the journey finally brings them face to face, Caesar and the Colonel are pitted against each other in an epic battle that will determine the fate of both their species and the future of the planet.",/3vYhLLxrTtZLysXtIWktmd57Snv.jpg,/w22CTHxmdAsUrXRbCQt4gOSOD6E.jpg,2017-07-11,7.219,9660,"['Drama', 'Science Fiction', 'War']",150000000,490719763,140,good
177677,tt2381249,Mission: Impossible - Rogue Nation,Desperate times. Desperate measures.,"Ethan and team take on their most impossible mission yet—eradicating 'The Syndicate', an International and highly-skilled rogue organization committed to destroying the IMF.",/fRJLXQBHK2wyznK5yZbO7vmsuVK.jpg,/vYIUN5rrCncHFY8WvcuXQlM4hk5.jpg,2015-07-28,7.222,9641,"['Action', 'Adventure']",150000000,682716636,131,good
54138,tt1408101,Star Trek Into Darkness,"Beyond the darkness, lies greatness.","When the crew of the Enterprise is called back home, they find an unstoppable force of terror from within their own organization has detonated the fleet and everything it stands for, leaving our world in a state of crisis.  With a personal score to settle, Captain Kirk leads a manhunt to a war-zone world to capture a one man weapon of mass destruction. As our heroes are propelled into an epic chess game of life and death, love will be challenged, friendships will be torn apart, and sacrifices must be made for the only family Kirk has left: his crew.",/Aim3kVNh1MPIxPEFeJrl9e9Uf1a.jpg,/npDrIM6ZbuD7nUxI7ZzNBxs4IRF.jpg,2013-05-05,7.318,9587,"['Action', 'Adventure', 'Science Fiction']",190000000,467381584,132,good
474350,tt7349950,It Chapter Two,It ends.,"27 years after overcoming the malevolent supernatural entity Pennywise, the former members of the Losers' Club, who have grown up and moved away from Derry, are brought back together by a devastating phone call.",/zfE0R94v1E8cuKAerbskfD3VfUt.jpg,/6LVSrgm83UYWlrLTCVGmWhFKYO0.jpg,2019-09-04,6.8,9538,"['Horror', 'Thriller', 'Drama']",79000000,473123154,169,good
180,tt0181689,Minority Report,Everybody runs.,"John Anderton is a top 'Precrime' cop in the late-21st century, when technology can predict crimes before they're committed. But Anderton becomes the quarry when another investigator targets him for a murder charge.",/ccqpHq5tk5W4ymbSbuoy4uYOxFI.jpg,/PrMb3oeEluauy0q9ZO5xL33A6C.jpg,2002-06-20,7.352,9525,"['Science Fiction', 'Action', 'Thriller']",102000000,358372926,145,good
436969,tt6334354,The Suicide Squad,They’re dying to save the world.,"Supervillains Harley Quinn, Bloodsport, Peacemaker and a collection of nutty cons at Belle Reve prison join the super-secret, super-shady Task Force X as they are dropped off at the remote, enemy-infused island of Corto Maltese.",/q61qEyssk2ku3okWICKArlAdhBn.jpg,/jlGmlFOcfo8n5tURmhC7YVd4Iyy.jpg,2021-07-28,7.462,9497,"['Action', 'Comedy', 'Adventure']",185000000,168717425,132,good
68724,tt1535108,Elysium,He can save us all.,"In the year 2159, two classes of people exist: the very wealthy who live on a pristine man-made space station called Elysium, and the rest, who live on an overpopulated, ruined Earth. Secretary Rhodes, a hard line government official, will stop at nothing to enforce anti-immigration laws and preserve the luxurious lifestyle of the citizens of Elysium. That doesn’t stop the people of Earth from trying to get in, by any means they can. When unlucky Max is backed into a corner, he agrees to take on a daunting mission that, if successful, will not only save his life, but could bring equality to these polarized worlds.",/uiiXHBd9oUrtUa4YqZiAoy05cRz.jpg,/oo9GyiNKvR4CU1etuYl081UJ1LE.jpg,2013-08-07,6.516,9499,"['Science Fiction', 'Action', 'Drama', 'Thriller']",115000000,286140700,109,good
273481,tt3397884,Sicario,The border is just another line to cross.,An idealistic FBI agent is enlisted by a government task force to aid in the escalating war against drugs at the border area between the U.S. and Mexico.,/lz8vNyXeidqqOdJW9ZjnDAMb5Vr.jpg,/fKPgObonYgPgCdu88yjV7Hpn7Dp.jpg,2015-09-17,7.4,9455,"['Action', 'Crime', 'Thriller']",30000000,84997446,122,good
138832,tt1723121,We're the Millers,If anyone asks.,A veteran pot dealer creates a fake family as part of his plan to move a huge shipment of weed into the U.S. from Mexico.,/qF2LJ0jwWrtXSuT4AFD5OS2IqaT.jpg,/90NFgsSsWMfOMwMw26x226bTW0v.jpg,2013-08-07,6.84,9393,"['Comedy', 'Crime']",37000000,270000000,110,good
10625,tt0377092,Mean Girls,Watch your back.,"Cady Heron is a hit with The Plastics, the A-list girl clique at her new school, until she makes the mistake of falling for Aaron Samuels, the ex-boyfriend of alpha Plastic Regina George.",/fXm3YKXAEjx7d2tIWDg9TfRZtsU.jpg,/nP3y0TkR6XniFs9J53qQkg4Bnnk.jpg,2004-04-30,7.224,9383,"['Drama', 'Comedy']",17000000,130195052,97,good
512200,tt7975244,Jumanji: The Next Level,New places. New faces. Next level.,"As the gang return to Jumanji to rescue one of their own, they discover that nothing is as they expect. The players will have to brave parts unknown and unexplored in order to escape the world’s most dangerous game.",/jyw8VKYEiM1UDzPB7NsisUgBeJ8.jpg,/qgch2rFskIxDMgwrD5lWTaB4nBl.jpg,2019-12-04,6.876,9281,"['Adventure', 'Comedy', 'Fantasy']",125000000,801693929,123,good
646380,tt11286314,Don't Look Up,Based on truly possible events.,Two astronomers go on a media tour to warn humankind of a planet-killing comet hurtling toward Earth. The response from a distracted world: Meh.,/th4E1yqsE8DGpAseLiUrI60Hf8V.jpg,/xMJvffWIaW9MtlY9aIXKViUNeIO.jpg,2021-12-08,7.065,9234,"['Comedy', 'Science Fiction', 'Drama']",75000000,791863,138,good
348350,tt3778644,Solo: A Star Wars Story,Never tell him the odds.,"Through a series of daring escapades deep within a dark and dangerous criminal underworld, Han Solo meets his mighty future copilot Chewbacca and encounters the notorious gambler Lando Calrissian.",/4oD6VEccFkorEBTEDXtpLAaz0Rl.jpg,/7LZ0K4FsALrt7OeNIGOVLNuKQRU.jpg,2018-05-15,6.558,9193,"['Science Fiction', 'Adventure', 'Action']",250000000,392952373,135,good
50646,tt1570728,"Crazy, Stupid, Love.",This is crazy. This is stupid. This is love.,"Cal Weaver is living the American dream. He has a good job, a beautiful house, great children and a beautiful wife, named Emily. Cal's seemingly perfect life unravels, however, when he learns that Emily has been unfaithful and wants a divorce. Over 40 and suddenly single, Cal is adrift in the fickle world of dating. Enter, Jacob Palmer, a self-styled player who takes Cal under his wing and teaches him how to be a hit with the ladies.",/p4RafgAPk558muOjnBMHhMArjS2.jpg,/vyrCniZsrXZAW08eECKIp1BMLPh.jpg,2011-07-29,7.271,9193,"['Comedy', 'Drama', 'Romance']",50000000,145079584,118,good
76492,tt0837562,Hotel Transylvania,Where monsters go to get away from it all.,"Welcome to Hotel Transylvania, Dracula's lavish five-stake resort, where monsters and their families can live it up and no humans are allowed. One special weekend, Dracula has invited all his best friends to celebrate his beloved daughter Mavis's 118th birthday. For Dracula catering to all of these legendary monsters is no problem but the party really starts when one ordinary guy stumbles into the hotel and changes everything!",/eJGvzGrsfe2sqTUPv5IwLWXjVuR.jpg,/5rARlA8beRAVXPYzSaF2NoS8Ry5.jpg,2012-09-20,6.963,9125,"['Animation', 'Comedy', 'Family', 'Fantasy']",85000000,358375603,91,good
259693,tt3065204,The Conjuring 2,The next true story from the case files of Ed and Lorraine Warren.,Lorraine and Ed Warren travel to north London to help a single mother raising four children alone in a house plagued by malicious spirits.,/zEqyD0SBt6HL7W9JQoWwtd5Do1T.jpg,/mFCS5OuhPYT79KXu5jl7RqznPR1.jpg,2016-06-08,7.292,9108,['Horror'],40000000,322819915,134,good
74,tt0407304,War of the Worlds,They're already here.,"Ray Ferrier is a divorced dockworker and less-than-perfect father. Soon after his ex-wife and her new husband drop off his teenage son and young daughter for a rare weekend visit, a strange and powerful lightning storm touches down.",/6Biy7R9LfumYshur3YKhpj56MpB.jpg,/bInicBgSHfQiWLbnRT5jxw9Grvm.jpg,2005-06-28,6.533,9081,"['Adventure', 'Thriller', 'Science Fiction']",132000000,603873119,117,good
353081,tt4912910,Mission: Impossible - Fallout,Some missions are not a choice.,"When an IMF mission ends badly, the world is faced with dire consequences. As Ethan Hunt takes it upon himself to fulfill his original briefing, the CIA begin to question his loyalty and his motives. The IMF team find themselves in a race against time, hunted by assassins while trying to prevent a global catastrophe.",/AkJQpZp9WoNdj7pLYSj1L0RcMMN.jpg,/5jnoAA74Qwb5w6B9FMvnc20n6Ie.jpg,2018-07-25,7.448,9059,"['Action', 'Adventure']",178000000,824171374,147,good
524434,tt9032400,Eternals,In the beginning...,"The Eternals are a team of ancient aliens who have been living on Earth in secret for thousands of years. When an unexpected tragedy forces them out of the shadows, they are forced to reunite against mankind’s most ancient enemy, the Deviants.",/lFByFSLV5WDJEv3KabbdAF959F2.jpg,/c6H7Z4u73ir3cIoCteuhJh7UCAR.jpg,2021-11-03,6.8,9051,"['Science Fiction', 'Action', 'Adventure']",200000000,402064899,156,good
45612,tt0945513,Source Code,Make every second count.,"When decorated soldier Captain Colter Stevens wakes up in the body of an unknown man, he discovers he's part of a mission to find the bomber of a Chicago commuter train.",/nTr0lvAzeQmUjgSgDEHTJpnrxTz.jpg,/s2Cu1y9Al9RbwRU5blAH8wMCrBI.jpg,2011-03-30,7.3,9029,"['Thriller', 'Science Fiction', 'Mystery']",32000000,147332697,93,good
450465,tt6823368,Glass,You cannot contain what you are.,"In a series of escalating encounters, former security guard David Dunn uses his supernatural abilities to track Kevin Wendell Crumb, a disturbed man who has twenty-four personalities. Meanwhile, the shadowy presence of Elijah Price emerges as an orchestrator who holds secrets critical to both men.",/svIDTNUoajS8dLEo7EosxvyAsgJ.jpg,/rzsMWXQ7GaN60wIpg3yf01iBmXy.jpg,2019-01-16,6.7,9017,"['Thriller', 'Drama', 'Science Fiction']",20000000,246999039,129,good
39254,tt0433035,Real Steel,Courage is stronger than steel.,"Charlie Kenton is a washed-up fighter who retired from the ring when robots took over the sport. After his robot is trashed, he reluctantly teams up with his estranged son to rebuild and train an unlikely contender.",/4GIeI5K5YdDUkR3mNQBoScpSFEf.jpg,/pjlxrd646cBYznHoPBWTzz6FujX.jpg,2011-09-28,7.069,9007,"['Action', 'Science Fiction', 'Drama']",110000000,299300000,127,good
391713,tt4925292,Lady Bird,Fly away home.,"Lady Bird McPherson, a strong willed, deeply opinionated, artistic 17 year old comes of age in Sacramento. Her relationship with her mother and her upbringing are questioned and tested as she plans to head off to college.",/gl66K7zRdtNYGrxyS2YDUP5ASZd.jpg,/b6XrxL6iRfhRn4PrZ4JehrLpgdD.jpg,2017-09-01,7.25,8971,"['Drama', 'Comedy']",10000000,79000000,94,good
68734,tt1024648,Argo,The movie was fake. The mission was real.,"As the Iranian revolution reaches a boiling point, a CIA 'exfiltration' specialist concocts a risky plan to free six Americans who have found shelter at the home of the Canadian ambassador.",/m5gPWFZFIp4UJFABgWyLkbXv8GX.jpg,/iVk4mVKwNE66JbBcoDwcYFvuUXM.jpg,2012-10-11,7.283,8881,"['Drama', 'Thriller']",44500000,232300000,120,good
8355,tt1080016,Ice Age: Dawn of the Dinosaurs,What killed the dinosaurs?,"Times are changing for Manny the moody mammoth, Sid the motor mouthed sloth and Diego the crafty saber-toothed tiger. Life heats up for our heroes when they meet some new and none-too-friendly neighbors – the mighty dinosaurs.",/cXOLaxcNjNAYmEx1trZxOTKhK3Q.jpg,/6Ybbh8TrO8bkEfQXDedekLwVDfA.jpg,2009-06-26,6.763,8809,"['Animation', 'Comedy', 'Family', 'Adventure']",90000000,886686817,94,good
51497,tt1596343,Fast Five,Get the fifth gear.,"Former cop Brian O'Conner partners with ex-con Dom Toretto on the opposite side of the law. Since Brian and Mia Toretto broke Dom out of custody, they've blown across many borders to elude authorities. Now backed into a corner in Rio de Janeiro, they must pull one last job in order to gain their freedom.",/gEfQjjQwY7fh5bI4GlG0RrBu7Pz.jpg,/tQN9JEQ4N4aqej7O6AkQtt0dLpt.jpg,2011-04-20,7.238,8781,"['Action', 'Thriller', 'Crime']",125000000,626100000,131,good
435,tt0319262,The Day After Tomorrow,Where will you be?,"After paleoclimatologist Jack Hall is largely ignored by UN officials when presenting his environmental concerns about the beginning of a new Ice Age, his research proves true when a superstorm develops, setting off catastrophic natural disasters throughout the world. Trying to get to his son, Sam, who is trapped in New York City with his friend Laura and others, Jack and his crew must travel to get to Sam before it's too late.",/Wr4HeYQRvwVCxzOV5TmGE7UkXq.jpg,/smqQ71MIn1DSdSiQzCzCOV6rgRq.jpg,2004-05-26,6.552,8768,"['Science Fiction', 'Thriller', 'Adventure']",125000000,552639571,123,good
187,tt0401792,Sin City,There is no justice without sin.,"Welcome to Sin City. This town beckons to the tough, the corrupt, the brokenhearted. Some call it dark… Hard-boiled. Then there are those who call it home — Crooked cops, sexy dames, desperate vigilantes. Some are seeking revenge, others lust after redemption, and then there are those hoping for a little of both. A universe of unlikely and reluctant heroes still trying to do the right thing in a city that refuses to care.",/i66G50wATMmPrvpP95f0XP6ZdVS.jpg,/t9kQnqiaxQ8TLB25rTzDKLd0fdM.jpg,2005-04-01,7.463,8759,"['Crime', 'Thriller']",40000000,158733820,124,good
402900,tt5164214,Ocean's Eight,Every con has its pros,"Debbie Ocean, a criminal mastermind, gathers a crew of female thieves to pull off the heist of the century at New York's annual Met Gala.",/MvYpKlpFukTivnlBhizGbkAe3v.jpg,/scQf03Fm3jeyv4FH04qvi4fp4wh.jpg,2018-06-07,7.0,8738,"['Crime', 'Comedy', 'Action']",70000000,297718711,111,good
38700,tt1502397,Bad Boys for Life,Ride together. Die together.,"Marcus and Mike are forced to confront new threats, career changes, and midlife crises as they join the newly created elite team AMMO of the Miami police department to take down the ruthless Armando Armas, the vicious leader of a Miami drug cartel.",/y95lQLnuNKdPAzw9F9Ab8kJ80c3.jpg,/eAIHqfS3kXm7kZl4j7ZBfdegyEz.jpg,2020-01-15,7.1,8689,"['Thriller', 'Action', 'Crime']",90000000,426505244,124,good
594,tt0362227,The Terminal,Life is waiting.,"An Eastern European tourist unexpectedly finds himself stranded in JFK airport, and must take up temporary residence there.",/cPB3ZMM4UdsSAhNdS4c7ps5nypY.jpg,/zywtNiaZ9r7azrcNdl2j0jOgrkw.jpg,2004-06-17,7.35,8617,"['Comedy', 'Drama']",60000000,219417255,128,good
333371,tt1179933,10 Cloverfield Lane,Monsters come in many forms.,"After a catastrophic car crash, a young woman wakes up in a survivalist's underground bunker, where he claims to have saved her from an apocalyptic attack that has left the outside world uninhabitable.",/q8A39vcBDruhvoDTJd6L8a4lnTi.jpg,/dMERTVrObB7TkRVIFmcndR2sZFH.jpg,2016-03-10,6.999,8596,"['Thriller', 'Science Fiction', 'Drama', 'Horror']",15000000,110216998,104,good
290250,tt3799694,The Nice Guys,They're not that nice.,A private eye investigates the apparent suicide of a fading porn star in 1970s Los Angeles and uncovers a conspiracy.,/clq4So9spa9cXk3MZy2iMdqkxP2.jpg,/yxYUN3fBPJdTNdXC1l8L24XFPhX.jpg,2016-05-15,7.128,8559,"['Comedy', 'Crime', 'Action']",50000000,71261763,116,good
537915,tt4126476,After,"After your first, life is never the same.","Tessa Young is a dedicated student, dutiful daughter and loyal girlfriend to her high school sweetheart. Entering her first semester of college, Tessa's guarded world opens up when she meets Hardin Scott, a mysterious and brooding rebel who makes her question all she thought she knew about herself -- and what she wants out of life.",/u3B2YKUjWABcxXZ6Nm9h10hLUbh.jpg,/997ToEZvF2Obp9zNZbY5ELVnmrW.jpg,2019-04-11,7.109,8500,"['Drama', 'Romance']",14000000,69497587,106,good
22538,tt0446029,Scott Pilgrim vs. the World,An epic of epic epicness.,"As bass guitarist for a garage-rock band, Scott Pilgrim has never had trouble getting a girlfriend; usually, the problem is getting rid of them. But when Ramona Flowers skates into his heart, he finds she has the most troublesome baggage of all: an army of ex-boyfriends who will stop at nothing to eliminate him from her list of suitors.",/g5IoYeudx9XBEfwNL0fHvSckLBz.jpg,/6R9nT6m8wmzayV5XOQq3TRA6yZw.jpg,2010-08-12,7.485,8496,"['Action', 'Comedy', 'Romance']",73000000,51825248,113,good
35,tt0462538,The Simpsons Movie,See our family. And feel better about yours.,"After Homer accidentally pollutes the town's water supply, Springfield is encased in a gigantic dome by the EPA and the Simpsons are declared fugitives.",/s3b8TZWwmkYc2KoJ5zk77qB6PzY.jpg,/8ln5VUVk7gnNGIb2VNgw8nICDVt.jpg,2007-07-25,7.021,8489,"['Animation', 'Comedy', 'Family']",75000000,527068851,87,good
493922,tt7784604,Hereditary,Every family tree hides a secret.,"Following the death of the Leigh family matriarch, Annie and her children uncover disturbing secrets about their heritage. Their daily lives are not only impacted, but they also become entangled in a chilling fate from which they cannot escape, driving them to the brink of madness.",/hjlZSXM86wJrfCv5VKfR5DI2VeU.jpg,/gJbTXKNTL6O7r7PzF6ZRkJGBlPp.jpg,2018-06-07,7.294,8474,"['Horror', 'Mystery', 'Thriller']",10000000,87796204,128,good
22970,tt1259521,The Cabin in the Woods,You think you know the story.,"Five friends set out for a weekend at a remote cabin in the woods, expecting nothing more than fun and relaxation. As night falls, they discover that something far more unsettling is at work and that nothing about their getaway is what it seems.",/zZZe5wn0udlhMtdlDjN4NB72R6e.jpg,/dWLoSzvw52y1gt7ni9gZXdy693e.jpg,2012-04-12,6.648,8461,"['Horror', 'Mystery', 'Comedy']",30000000,71038838,95,good
187017,tt2294449,22 Jump Street,They're not 21 anymore.,"After making their way through high school (twice), big changes are in store for officers Schmidt and Jenko when they go deep undercover at a local college. But when Jenko meets a kindred spirit on the football team, and Schmidt infiltrates the bohemian art major scene, they begin to question their partnership. Now they don't have to just crack the case - they have to figure out if they can have a mature relationship. If these two overgrown adolescents can grow from freshmen into real men, college might be the best thing that ever happened to them.",/850chzYHYbT3IISl6Q7dbBuFP2B.jpg,/kdyYOwpKvvD2fSbwfnMM2YPAzfq.jpg,2014-06-05,6.827,8460,"['Crime', 'Comedy', 'Action']",50000000,331333876,112,good
278927,tt3040964,The Jungle Book,The legend comes to life.,"After a threat from the tiger Shere Khan, Mowgli, a man-cub fostered by wolves, is forced to flee the jungle, and he embarks on a journey of self-discovery with the help of the panther, Bagheera, and the free-spirited bear, Baloo.",/2Epx7F9X7DrFptn4seqn4mzBVks.jpg,/8oYykF1Qhrb8fC2qZqD71EzRywg.jpg,2016-04-07,6.87,8453,"['Family', 'Adventure', 'Fantasy']",175000000,966550600,106,good
254,tt0360717,King Kong,The eighth wonder of the world.,"In 1933 New York, an overly ambitious movie producer coerces his cast and hired ship crew to travel to mysterious Skull Island, where they encounter Kong, a giant ape who is immediately smitten with the leading lady.",/6a2HY6UmD7XiDD3NokgaBAXEsD2.jpg,/mRM2NB0i3wv4HqxXvwIjEVi4Qqq.jpg,2005-12-12,6.887,8430,"['Adventure', 'Drama', 'Action']",207000000,562363449,188,good
198184,tt1823672,Chappie,I am consciousness. I am alive. I am Chappie.,"Every child comes into the world full of promise, and none more so than Chappie: he is gifted, special, a prodigy. Like any child, Chappie will come under the influence of his surroundings—some good, some bad—and he will rely on his heart and soul to find his way in the world and become his own man. But there's one thing that makes Chappie different from any one else: he is a robot.",/uuDUpzlMFomdSfNWlpEPS9nVZWV.jpg,/3pKIcv6KhUE35jsKnv3MylQ3OT2.jpg,2015-03-04,6.787,8413,"['Crime', 'Action', 'Science Fiction']",49000000,104399548,120,good
335797,tt3470600,Sing,Auditions begin.,A koala named Buster recruits his best friend to help him drum up business for his theater by hosting a singing competition.,/rwopfpHqPCYBSgBuZwkaXXqHp14.jpg,/z9ft5HYHzWcasR6SGcgeluxTznB.jpg,2016-11-23,7.122,8388,"['Animation', 'Music', 'Comedy', 'Family']",75000000,634151679,108,good
137106,tt1490017,The Lego Movie,The story of a nobody who saved everybody.,"An ordinary Lego mini-figure, mistakenly thought to be the extraordinary MasterBuilder, is recruited to join a quest to stop an evil Lego tyrant from conquering the universe.",/lbctonEnewCYZ4FYoTZhs8cidAl.jpg,/6gI1dAkOaUQ6659OdRPsTLlsem5.jpg,2014-02-06,7.423,8386,"['Animation', 'Family', 'Adventure', 'Comedy', 'Fantasy']",60000000,470759687,100,good
170,tt0289043,28 Days Later,The days are numbered.,"Twenty-eight days after a killer virus was accidentally unleashed from a British research facility, a small group of London survivors are caught in a desperate struggle to protect themselves from the infected. Carried by animals and humans, the virus turns those it infects into homicidal maniacs -- and it's absolutely impossible to contain.",/sQckQRt17VaWbo39GIu0TMOiszq.jpg,/aJFwk1clMal1prxAvKAgHxKPAf.jpg,2002-10-31,7.242,8374,"['Horror', 'Thriller', 'Science Fiction']",8000000,82784517,113,good
50544,tt1632708,Friends with Benefits,Some friends come with a happy ending.,Dylan is done with relationships. Jamie decides to stop buying into the Hollywood clichés of true love. When the two become friends they decide to try something new and take advantage of their mutual attraction - but without any emotional attachment.,/nKhhDFCdzxeJ3GUunQ570LDpUkz.jpg,/n19KqpP6iBwTQzE2DORnktbSdwa.jpg,2011-07-21,6.644,8348,"['Romance', 'Comedy']",35000000,149500000,109,good
336843,tt4500922,Maze Runner: The Death Cure,The end will be WCKD.,"Thomas leads his group of escaped Gladers on their final and most dangerous mission yet. To save their friends, they must break into the legendary Last City, a WCKD-controlled labyrinth that may turn out to be the deadliest maze of all. Anyone who makes it out alive will get answers to the questions the Gladers have been asking since they first arrived in the maze.",/drbERzlA4cuRWhsTXfFOY4mRR4f.jpg,/ufUAOM5aVizNf8d5YLoutqrrlhq.jpg,2018-01-10,7.082,8330,"['Science Fiction', 'Action', 'Adventure', 'Thriller']",62000000,288418190,143,good
337167,tt4477536,Fifty Shades Freed,Don't miss the climax.,"Believing they have left behind shadowy figures from their past, newlyweds Christian and Ana fully embrace an inextricable connection and shared life of luxury. But just as she steps into her role as Mrs. Grey and he relaxes into an unfamiliar stability, new threats could jeopardize their happy ending before it even begins.",/jjPJ4s3DWZZvI4vw8Xfi4Vqa1Q8.jpg,/9ywA15OAiwjSTvg3cBs9B7kOCBF.jpg,2018-01-17,6.674,8319,"['Drama', 'Romance']",55000000,371985018,105,good
2503,tt0440963,The Bourne Ultimatum,Remember everything. Forgive nothing.,"Bourne is brought out of hiding once again by reporter Simon Ross who is trying to unveil Operation Blackbriar, an upgrade to Project Treadstone, in a series of newspaper columns. Information from the reporter stirs a new set of memories, and Bourne must finally uncover his dark past while dodging The Company's best efforts to eradicate him.",/15rMz5MRXFp7CP4VxhjYw4y0FUn.jpg,/qiBILuWhv7ipF0pxiEqIJdkQzj8.jpg,2007-08-03,7.436,8290,"['Action', 'Drama', 'Mystery', 'Thriller']",70000000,442824138,115,good
340666,tt4550098,Nocturnal Animals,When you love someone you can't just throw it away.,"Susan Morrow receives a book manuscript from her ex-husband – a man she left 20 years earlier – asking for her opinion of his writing. As she reads, she is drawn into the fictional life of Tony Hastings, a mathematics professor whose family vacation turns violent.",/mdLDgQBD0va09npSQX5Zgo2evXM.jpg,/5d6m8CIBQcHeiwr6R5ou4wxO9Vn.jpg,2016-11-04,7.413,8247,"['Drama', 'Thriller']",22500000,29300000,116,good
256591,tt2381941,Focus,Never drop the con.,"Nicky, an accomplished con artist, gets romantically involved with his disciple Jess but later ends their relationship. Years later, she returns as a femme fatale to spoil his plans.",/lOzGWjceYTd0kd5HyX7Ch46O9kh.jpg,/cWWM1TTGnOoglZKLpVERGtQ6HJ4.jpg,2015-02-25,6.869,8237,"['Romance', 'Comedy', 'Crime']",50100000,153962963,105,good
8871,tt0170016,How the Grinch Stole Christmas,You better watch out!,The Grinch decides to rob Whoville of Christmas - but a dash of kindness from little Cindy Lou Who and her family may be enough to melt his heart...,/1WZbbPApEivA421gCOluuzMMKCk.jpg,/sy0vo1cmpKqwPRiMUiJ45jyLsX7.jpg,2000-11-17,6.779,8220,"['Family', 'Comedy', 'Fantasy']",123000000,345800000,105,good
116745,tt0359950,The Secret Life of Walter Mitty,Stop dreaming. Start living.,A timid magazine photo manager who lives life vicariously through daydreams embarks on a true-life adventure when a negative goes missing.,/iAo1hlzsPV9XpYcLQp6Ud065tGO.jpg,/pzMrxeP9XkKOtQVUBPTq5yk4ck5.jpg,2013-12-18,7.218,8177,"['Adventure', 'Comedy', 'Drama', 'Fantasy']",90000000,188133322,114,good
2502,tt0372183,The Bourne Supremacy,They should have left him alone.,"A CIA operation to purchase classified Russian documents is blown by a rival agent, who then shows up in the sleepy seaside village where Bourne and Marie have been living. The pair run for their lives and Bourne, who promised retaliation should anyone from his former life attempt contact, is forced to once again take up his life as a trained assassin to survive.",/jupG9sFT64YwM8PSkwkUD2wHcYD.jpg,/fE7RqvVHbGHjBC9NjIjlLh2t4zK.jpg,2004-07-23,7.327,8080,"['Action', 'Drama', 'Thriller']",75000000,288500217,108,good
584,tt0322259,2 Fast 2 Furious,How fast do you like it?,"It's a major double-cross when former police officer Brian O'Conner teams up with his ex-con buddy Roman Pearce to transport a shipment of ""dirty"" money for shady Miami-based import-export dealer Carter Verone. But the guys are actually working with undercover agent Monica Fuentes to bring Verone down.",/6nDZExrDKIXvSAghsFKVFRVJuSf.jpg,/90ooE5SbUEO0OVJHewNO7pgySb6.jpg,2003-06-05,6.5,8074,"['Action', 'Crime', 'Thriller']",76000000,236350661,108,good
404368,tt5848272,Ralph Breaks the Internet,Who broke the internet?,"Video game bad guy Ralph and fellow misfit Vanellope von Schweetz must risk it all by traveling to the World Wide Web in search of a replacement part to save Vanellope's video game, Sugar Rush. In way over their heads, Ralph and Vanellope rely on the citizens of the internet — the netizens — to help navigate their way, including an entrepreneur named Yesss, who is the head algorithm and the heart and soul of trend-making site BuzzzTube.",/iVCrhBcpDaHGvv7CLYbK6PuXZo1.jpg,/qDQEQbgP3v7B9IYLAUcYexNrVYP.jpg,2018-11-20,7.16,8044,"['Animation', 'Family', 'Adventure', 'Science Fiction', 'Comedy']",175000000,529323962,112,good
487558,tt7349662,BlacKkKlansman,Infiltrate hate.,"Colorado Springs, late 1970s. Ron Stallworth, an African American police officer, and Flip Zimmerman, his Jewish colleague, run an undercover operation to infiltrate the Ku Klux Klan.",/8jxqAvSDoneSKRczaK8v9X5gqBp.jpg,/ot3eZ9XfOF42a3zFWluMPWkfCHB.jpg,2018-08-09,7.491,8044,"['Crime', 'Comedy', 'Drama', 'History']",15000000,93411426,136,good
44115,tt1542344,127 Hours,Every second counts.,The true story of mountain climber Aron Ralston's remarkable adventure to save himself after a fallen boulder crashes on his arm and traps him in an isolated canyon in Utah.,/h0RMdn0rfl9l5hWXz3tUh6QVkhi.jpg,/viBWzktrBmhzRw4ehmUIrrN4C0z.jpg,2010-11-12,7.1,8030,"['Adventure', 'Drama', 'Thriller']",18000000,35700000,94,good
153,tt0335266,Lost in Translation,Everyone wants to be found.,"Two lost souls visiting Tokyo -- the young, neglected wife of a photographer and a washed-up movie star shooting a TV commercial -- find an odd solace and pensive freedom to be real in each other's company, away from their lives in America.",/3jCLmYDIIiSMPujbwygNpqdpM8N.jpg,/6ITVHoipvxAS8luzKtHTbPaHLtT.jpg,2003-09-18,7.381,8011,"['Drama', 'Comedy', 'Romance']",4000000,119723856,102,good
458723,tt6857112,Us,Watch yourself.,"Husband and wife Gabe and Adelaide Wilson take their kids to their beach house expecting to unplug and unwind with friends. But as night descends, their serenity turns to tension and chaos when some shocking visitors arrive uninvited.",/ux2dU1jQ2ACIMShzB3yP93Udpzc.jpg,/sC0b8iPUHfZdD8kseLiHw3N8gkp.jpg,2019-03-14,6.95,7999,"['Horror', 'Mystery']",20000000,256071218,116,good
8363,tt0829482,Superbad,Come and get some!,Two co-dependent high school seniors are forced to deal with separation anxiety after their plan to stage a booze-soaked party goes awry.,/ek8e8txUyUwd2BNqj6lFEerJfbq.jpg,/giYuvpmpZbwkT3NtX4WdNYqGhxw.jpg,2007-08-17,7.26,7986,['Comedy'],20000000,170800000,113,good
530385,tt8772262,Midsommar,Let the festivities begin.,"Several friends travel to Sweden to study as anthropologists a summer festival that is held every ninety years in the remote hometown of one of them. What begins as a dream vacation in a place where the sun never sets, gradually turns into a dark nightmare as the mysterious inhabitants invite them to participate in their disturbing festive activities.",/7LEI8ulZzO5gy9Ww2NVCrKmHeDZ.jpg,/pYgj8e2Y6RufnSyOA6OnzmxFXxZ.jpg,2019-07-03,7.152,7978,"['Horror', 'Drama', 'Mystery']",9000000,48498408,147,good
339964,tt2239822,Valerian and the City of a Thousand Planets,A universe without boundaries needs heroes without limits.,"In the 28th century, Valerian and Laureline are special operatives charged with keeping order throughout the human territories. On assignment from the Minister of Defense, the two undertake a mission to Alpha, an ever-expanding metropolis where species from across the universe have converged over centuries to share knowledge, intelligence, and cultures. At the center of Alpha is a mysterious dark force which threatens the peaceful existence of the City of a Thousand Planets, and Valerian and Laureline must race to identify the menace and safeguard not just Alpha, but the future of the universe.",/vlc95gl3PtrjxSEuM8RhTtSm2xU.jpg,/5rYnygKCkmqWuMv1O5yAnzGF8gV.jpg,2017-07-19,6.633,7931,"['Adventure', 'Science Fiction', 'Action']",177200000,225973340,137,good
561,tt0360486,Constantine,Hell wants him. Heaven won't take him. Earth needs him.,"John Constantine has literally been to Hell and back. When he teams up with a policewoman to solve the mysterious suicide of her twin sister, their investigation takes them through the world of demons and angels that exists beneath the landscape of contemporary Los Angeles.",/vPYgvd2MwHlxTamAOjwVQp4qs1W.jpg,/z9qFZHT8K7tG2PlpKBSAqlmGST8.jpg,2005-02-08,7.121,7925,"['Fantasy', 'Action', 'Horror']",100000000,230900000,121,good
300669,tt4160708,Don't Breathe,"This house looked like an easy target, until they found what was inside.",A group of teens break into a blind man's home thinking they'll get away with the perfect crime. They're wrong.,/dSxHyPZ2nipSfvdft4IhQKjk5eZ.jpg,/3mIVOqDbYeucnw09TpjgHvSjXfu.jpg,2016-06-08,7.014,7910,"['Horror', 'Thriller', 'Crime']",9900000,158906350,89,good
312221,tt3076658,Creed,Your legacy is more than a name.,"The former World Heavyweight Champion Rocky Balboa serves as a trainer and mentor to Adonis Johnson, the son of his late friend and former rival Apollo Creed.",/1BfTsk5VWuw8FCocAhCyqnRbEzq.jpg,/kODNw6GJNdgldUMEhKPlCw8wQCr.jpg,2015-11-25,7.403,7899,['Drama'],37000000,173600000,133,good
20526,tt1104001,TRON: Legacy,The game has changed.,"Sam Flynn, the tech-savvy and daring son of Kevin Flynn, investigates his father's disappearance and is pulled into The Grid. With the help of a mysterious program named Quorra, Sam quests to stop evil dictator Clu from crossing into the real world.",/8Nc6R8k7bG8frSiDJo0oLucF7dN.jpg,/uUa6jgSr5BQpcBhhaz1PV1JhSa4.jpg,2010-12-14,6.5,7849,"['Adventure', 'Action', 'Science Fiction']",170000000,409912892,126,good
163,tt0349903,Ocean's Twelve,Twelve is the new eleven.,"Despite pulling off one of the biggest heists in Las Vegas history and splitting the $160 million take, each of the infamous Ocean's crew have tried to go straight, lay low and live a legit life... but that's proven to be a challenge. Casino owner Terry Benedict demands that Danny Ocean return the money, plus millions more in interest. Unable to come up the cash, the crew is forced to come together to pull off another series of heists, this time in Rome, Paris, and Amsterdam – but a Europol agent is hot on their heels.",/pE5anFf7nf6ah7V3VRezQ1KSovi.jpg,/5b5HrewiViLWEdMR4dmbd7ajQ8Q.jpg,2004-12-09,6.566,7825,"['Thriller', 'Crime']",110000000,362744280,125,good
49444,tt1302011,Kung Fu Panda 2,The future of Kung Fu hangs in balance.,"Po is finally living the dream as the Dragon Warrior—until a dark presence from his past comes roaring back. When the ruthless peacock Lord Shen unleashes a devastating new weapon used to wipe out kung fu masters across the land, Po and the Furious Five race across China to put an end to his plans. But if Po is to have any hope of stopping him, he must first confront the truth of his origins—and find inner peace before his past tears him apart.",/mtqqD00vB4PGRt20gWtGqFhrkd0.jpg,/7BdxZXbSkUiVeCRXKD3hi9KYeWm.jpg,2011-05-25,7.1,7817,"['Animation', 'Family', 'Comedy']",150000000,665692281,91,good
65,tt0298203,8 Mile,Every moment is another chance.,"For Jimmy Smith, Jr., life is a daily fight just to keep hope alive. Feeding his dreams in Detroit's vibrant music scene, Jimmy wages an extraordinary personal struggle to find his own voice - and earn a place in a world where rhymes rule, legends are born and every moment… is another chance.",/7BmQj8qE1FLuLTf7Xjf9sdIHzoa.jpg,/jNG7pl0DkN1nzxnbZj4MCGf2VEG.jpg,2002-11-08,7.1,7755,"['Drama', 'Music']",41000000,242875078,111,good
13804,tt1013752,Fast & Furious,New model. Original parts.,"When a crime brings them back to L.A., fugitive ex-con Dom Toretto reignites his feud with agent Brian O'Conner. But as they are forced to confront a shared enemy, Dom and Brian must give in to an uncertain new trust if they hope to outmaneuver him. And the two men will find the best way to get revenge: push the limits of what's possible behind the wheel.",/lUtVoRukW7WNtUySwd8hWlByBds.jpg,/25HepicRtrzZ3MVCqhfoxGDbHjw.jpg,2009-04-02,6.689,7740,"['Action', 'Crime', 'Thriller']",85000000,363164265,107,good
7191,tt1060277,Cloverfield,Some thing has found us.,"Five young New Yorkers throw their friend a going-away party the night that a monster the size of a skyscraper descends upon the city. Told from the point of view of their video camera, the film is a document of their attempt to survive the most surreal, horrifying event of their lives.",/qIegUGJqyMMCRjkKV1s7A9MqdJ8.jpg,/6ms6RdNcQUAnjBY26aM85xC2wV0.jpg,2008-01-15,6.707,7707,"['Action', 'Thriller', 'Science Fiction']",25000000,170764026,85,good
384018,tt6806448,Fast & Furious Presents: Hobbs & Shaw,Nothing is stronger than family.,"Ever since US Diplomatic Security Service Agent Hobbs and lawless outcast Shaw first faced off, they just have traded smack talk and body blows. But when cyber-genetically enhanced anarchist Brixton's ruthless actions threaten the future of humanity, they join forces to defeat him.",/qRyy2UmjC5ur9bDi3kpNNRCc5nc.jpg,/qAhedRxRYWZAgZ8O8pHIl6QHdD7.jpg,2019-07-31,6.833,7695,"['Action', 'Adventure', 'Comedy']",200000000,760098996,137,good
168672,tt1800241,American Hustle,Everyone hustles to survive.,"A conman and his seductive partner are forced to work for a wild FBI agent, who pushes them into a world of Jersey power-brokers and the Mafia.",/z6O1KDhfWDTm5ZBr6Ovr0eg8LqO.jpg,/bof71DUdBb5FwTylar4rnIVd8z.jpg,2013-12-03,6.856,7688,"['Drama', 'Crime']",40000000,251171807,138,good
1824,tt0343660,50 First Dates,Imagine having to win over the girl of your dreams... every friggin' day.,"Henry is a player skilled at seducing women. But when this veterinarian meets Lucy, a girl with a quirky problem when it comes to total recall, he realizes it's possible to fall in love all over again…and again, and again. That's because the delightful Lucy has no short-term memory, so Henry must woo her day after day until he finally sweeps her off her feet.",/lzUI2Cg7OMfcUNv3f7MywYNBjs6.jpg,/gHmR2WIqPqrFzPxqknlOEOgbrrl.jpg,2004-02-13,6.871,7666,"['Comedy', 'Romance']",75000000,196482882,99,good
363676,tt3263904,Sully,The untold story behind the miracle on the Hudson.,"On 15 January 2009, the world witnessed the 'Miracle on the Hudson' when Captain 'Sully' Sullenberger glided his disabled plane onto the Hudson River, saving the lives of all 155 souls aboard. However, even as Sully was being heralded by the public and the media for his unprecedented feat of aviation skill, an investigation was unfolding that threatened to destroy his reputation and career.",/4vs83YcJ8TsabADDtaeCJ6ZTjYY.jpg,/oQ024BtJgArg8WI4zfuc2vkCJno.jpg,2016-09-07,7.2,7661,"['Drama', 'History']",60000000,240800000,96,good
385128,tt5433138,F9,Not all blood is family.,Dominic Toretto and his crew battle the most skilled assassin and high-performance driver they've ever encountered: his forsaken brother.,/deEmLILTPejEb6OGsXRJ5MCvyDW.jpg,/xXHZeb1yhJvnSHPzZDqee0zfMb6.jpg,2021-05-19,7.011,7649,"['Action', 'Adventure', 'Crime']",200000000,726229501,143,good
44826,tt0970179,Hugo,One of the most legendary directors of our time takes you on an extraordinary adventure.,"Orphaned and alone except for an uncle, Hugo Cabret lives in the walls of a train station in 1930s Paris. Hugo's job is to oil and maintain the station's clocks, but to him, his more important task is to protect a broken automaton and notebook left to him by his late father. Accompanied by the goddaughter of an embittered toy merchant, Hugo embarks on a quest to solve the mystery of the automaton and find a place he can call home.",/1dxRq3o3l3bVWNRvvSb7rRf68qp.jpg,/Aj81Gu3u1a64qXFOLDuF5gdxyy0.jpg,2011-11-22,7.2,7617,"['Adventure', 'Drama', 'Family']",170000000,185770160,126,good
7326,tt0467406,Juno,A comedy about growing up… and the bumps along the way.,"Faced with an unplanned pregnancy, sixteen year old high-schooler, Juno MacGuff, makes an unusual decision regarding her unborn child.",/jNIn2tVhpvFD6P9IojldI3mNYcn.jpg,/sRXMmeNHTSWRYdDz3zaHNyyPJ0u.jpg,2007-12-05,7.058,7585,"['Comedy', 'Drama', 'Romance']",7500000,232372681,96,good
310131,tt4263482,The Witch,Evil takes many forms.,"In 1630, a farmer relocates his family to a remote plot of land on the edge of a forest where strange, unsettling things happen. With suspicion and paranoia mounting, each family member's faith, loyalty and love are tested in shocking ways.",/zap5hpFCWSvdWSuPGAQyjUv2wAC.jpg,/zi2oYYNSSv7t44iSt5YrxHX9PYs.jpg,2016-02-19,7.0,7583,['Horror'],4000000,40423945,92,good
75780,tt0790724,Jack Reacher,The law has limits. He does not.,"One morning in an ordinary town, five people are shot dead in a seemingly random attack. All evidence points to a single suspect: an ex-military sniper who is quickly brought into custody. The interrogation yields one written note: 'Get Jack Reacher!'. Reacher, an enigmatic ex-Army investigator, believes the authorities have the right man but agrees to help the sniper's defense attorney. However, the more Reacher delves into the case, the less clear-cut it appears. So begins an extraordinary chase for the truth, pitting Jack Reacher against an unexpected enemy, with a skill for violence and a secret to keep.",/uQBbjrLVsUibWxNDGA4Czzo8lwz.jpg,/iwvP8XVpYVmJ3xfF9xdBi5uAOWl.jpg,2012-12-20,6.659,7561,"['Crime', 'Drama', 'Thriller', 'Action']",60000000,218300000,130,good
956,tt0317919,Mission: Impossible III,The mission begins.,"Retired from active duty, and training recruits for the Impossible Mission Force, agent Ethan Hunt faces the toughest foe of his career: Owen Davian, an international broker of arms and information, who's as cunning as he is ruthless. Davian emerges to threaten Hunt and all that he holds dear – including the woman Hunt loves.",/vKGYCpmQyV9uHybWDzXuII8Los5.jpg,/bYKeB9uUcPmvikjouEEQ86uvPw9.jpg,2006-04-25,6.762,7551,"['Adventure', 'Action', 'Thriller']",150000000,398479497,126,good
9615,tt0463985,The Fast and the Furious: Tokyo Drift,"On the streets of Tokyo, speed needs no translation.","In order to avoid a jail sentence, Sean Boswell heads to Tokyo to live with his military father. In a low-rent section of the city, Sean gets caught up in the underground world of drift racing",/46xqGOwHbh2TH2avWSw3SMXph4E.jpg,/dMARcKLrv0T7kVJ4iQR3vqTTdtT.jpg,2006-06-03,6.541,7539,"['Action', 'Crime', 'Drama', 'Thriller']",85000000,158964610,104,good
8909,tt0493464,Wanted,Choose your destiny.,"Doormat Wesley Gibson is an office worker whose life is going nowhere. He meets an attractive woman named Fox and discovers that his recently murdered father - whom Wesley never knew - belonged to the Fraternity, a secret society of assassins which takes its orders from Fate itself. Fox and Sloan, the Fraternity's leader, teach Wesley, through intense training, to tap into dormant powers and hone his innate killing skills. Though he enjoys his newfound abilities, he begins to suspect that there is more to the Fraternity than meets the eye.",/njy7Pz7ZHZceO7lNfGIHKphY8Hd.jpg,/vjwuT8EzWY96W6nrJKZNI2WJU87.jpg,2008-06-19,6.528,7533,"['Action', 'Thriller', 'Crime']",75000000,342463063,110,good
65754,tt1568346,The Girl with the Dragon Tattoo,"What is hidden in snow, comes forth in the thaw.","Disgraced journalist Mikael Blomkvist investigates the disappearance of a weary patriarch's niece from 40 years ago. He is aided by the pierced, tattooed, punk computer hacker named Lisbeth Salander. As they work together in the investigation, Blomkvist and Salander uncover immense corruption beyond anything they have ever imagined.",/8bokS83zGdhaXgN9tjidUKmAftW.jpg,/dNFbrnF0mIBm0rClbfEFWTtsgMP.jpg,2011-12-14,7.383,7532,"['Thriller', 'Crime', 'Mystery']",90000000,232617430,158,good
49519,tt0481499,The Croods,The journey begins.,"The prehistoric Croods family live in a particularly dangerous moment in time. Patriarch Grug, his mate Ugga, teenage daughter Eep, son Thunk, and feisty Gran gather food by day and huddle together in a cave at night. When a more evolved caveman named Guy arrives on the scene, Grug is distrustful, but it soon becomes apparent that Guy is correct about the impending destruction of their world.",/27zvjVOtOi5ped1HSlJKNsKXkFH.jpg,/wFN8llYh215M8i2fqWAcPV8CSyL.jpg,2013-03-15,6.933,7486,"['Animation', 'Adventure', 'Family', 'Comedy']",135000000,587204668,99,good
376867,tt4975722,Moonlight,This is the story of a lifetime,"The tender, heartbreaking story of a young man’s struggle to find himself, told across three defining chapters in his life as he experiences the ecstasy, pain, and beauty of falling in love, while grappling with his own sexuality.",/qLnfEmPrDjJfPyyddLJPkXmshkp.jpg,/jm1oD3eB08LImSwL1LrzF9AJQ5b.jpg,2016-10-21,7.357,7480,['Drama'],4000000,65046687,111,good
83542,tt1371111,Cloud Atlas,Everything is connected,"A set of six nested stories spanning time between the 19th century and a distant post-apocalyptic future. Cloud Atlas explores how the actions and consequences of individual lives impact one another throughout the past, the present and the future. Action, mystery and romance weave through the story as one soul is shaped from a killer into a hero and a single act of kindness ripples across centuries to inspire a revolution in the distant future.  Based on the award winning novel by David Mitchell. Directed by Tom Tykwer and the Wachowskis.",/8naVv2Xu3rWI5JKHz0vCujx6GaJ.jpg,/sFDntG0Z0Wjrsz26TVptfs5OSLT.jpg,2012-10-26,6.892,7464,"['Drama', 'Science Fiction']",102000000,130482868,172,good
454983,tt3799232,The Kissing Booth,"She can tell her best friend anything, except this one thing.","When teenager Elle's first kiss leads to a forbidden romance with the hottest boy in high school, she risks her relationship with her best friend.",/vcQNnnXgKLacoYF4LNWgkNiDXPd.jpg,/aqrDUkuzksLhOD8pbyBXLO0dz5t.jpg,2018-05-11,7.164,7429,"['Romance', 'Comedy']",0,0,105,good
38055,tt1001526,Megamind,A superhero movie with a mind of its own.,"After Megamind, a highly intelligent alien supervillain, defeats his long-time nemesis Metro Man, Megamind creates a new hero to fight, but must act to save the city when his ""creation"" becomes an even worse villain than he was.",/uZ9ytt3sPTx62XTfN56ILSuYWRe.jpg,/irpJXGiVr539uuspcQcNdkhS2lq.jpg,2010-10-28,7.021,7411,"['Animation', 'Action', 'Comedy', 'Family', 'Science Fiction']",130000000,321885765,96,good
718930,tt12593682,Bullet Train,The end of the line is just the beginning.,"Unlucky assassin Ladybug is determined to do his job peacefully after one too many gigs gone off the rails. Fate, however, may have other plans, as Ladybug's latest mission puts him on a collision course with lethal adversaries from around the globe—all with connected, yet conflicting, objectives—on the world's fastest train.",/j8szC8OgrejDQjjMKSVXyaAjw3V.jpg,/y2Ca1neKke2mGPMaHzlCNDVZqsK.jpg,2022-08-03,7.413,7406,"['Action', 'Comedy', 'Thriller']",90000000,239268602,126,good
18240,tt1041829,The Proposal,Here comes the bribe...,"When she learns she's in danger of losing her visa status and being deported, overbearing book editor Margaret Tate forces her put-upon assistant, Andrew Paxton, to marry her.",/6stnAm1wSek8ZrislwK4xGTyCnt.jpg,/ojgXOhVi9Yk8irDpRfDkIzdD1LK.jpg,2009-06-02,7.146,7389,"['Comedy', 'Romance', 'Drama']",40000000,317400000,108,good
505642,tt9114286,Black Panther: Wakanda Forever,Forever.,"Queen Ramonda, Shuri, M’Baku, Okoye and the Dora Milaje fight to protect their nation from intervening world powers in the wake of King T’Challa’s death.  As the Wakandans strive to embrace their next chapter, the heroes must band together with the help of War Dog Nakia and Everett Ross and forge a new path for the kingdom of Wakanda.",/sv1xJUazXeYqALzczSZ3O6nkH75.jpg,/83H0C66AcvkwpG2738VCTHMY9uv.jpg,2022-11-09,7.008,7384,"['Action', 'Adventure', 'Science Fiction']",250000000,859102154,162,good
10527,tt0479952,Madagascar: Escape 2 Africa,"Still together, still lost.","Alex, Marty, and other zoo animals find a way to escape from Madagascar when the penguins reassemble a wrecked airplane. The precariously repaired craft stays airborne just long enough to make it to the African continent. There the New Yorkers encounter members of their own species for the first time. Africa proves to be a wild place, but Alex and company wonder if it is better than their Central Park home.",/agRbLOHgN46TQO4YdKR462iR7To.jpg,/r2M9ElkHxEJP7riCFbT5N0uXZTc.jpg,2008-10-30,6.524,7373,"['Adventure', 'Animation', 'Comedy', 'Family']",150000000,603900354,89,good
1487,tt0167190,Hellboy,From the dark side to our side.,"In the final days of World War II, the Nazis attempt to use black magic to aid their dying cause. The Allies raid the camp where the ceremony is taking place, but not before they summon a baby demon who is rescued by Allied forces and dubbed ""Hellboy"". Sixty years later, Hellboy serves the cause of good rather than evil as an agent in the Bureau of Paranormal Research & Defense, along with Abe Sapien - a merman with psychic powers, and Liz Sherman - a woman with pyrokinesis, protecting America against dark forces.",/lbaTEneOofwvAyg77R8HbFML2zT.jpg,/avwEj8wiywFH6FZ6h2wzvyJpiH7.jpg,2004-04-02,6.675,7366,"['Fantasy', 'Action']",66000000,99318987,122,good
150689,tt1661199,Cinderella,Midnight is just the beginning.,"When her father unexpectedly passes away, young Ella finds herself at the mercy of her cruel stepmother and her daughters. Never one to give up hope, Ella's fortunes begin to change after meeting a dashing stranger in the woods.",/j91LJmcWo16CArFOoapsz84bwxb.jpg,/q7vmCCmyiHnuKGMzHZlr0fD44b9.jpg,2015-03-06,6.823,7361,"['Romance', 'Fantasy', 'Family', 'Drama']",95000000,543514353,105,good
508,tt0314331,Love Actually,Love actually is all around.,Eight very different couples deal with their love lives in various loosely interrelated tales all set during a frantic month before Christmas in London.,/7QPeVsr9rcFU9Gl90yg0gTOTpVv.jpg,/xUWf5xX0AnZgAnYXAMk03zTbsef.jpg,2003-09-07,7.095,7336,"['Comedy', 'Romance', 'Drama']",40000000,250779876,135,good
37735,tt1282140,Easy A,Let's not and say we did.,"Olive, an average high school student, sees her below-the-radar existence turn around overnight once she decides to use the school's gossip grapevine to advance her social standing. Now her classmates are turning against her and the school board is becoming concerned, including her favorite teacher and the distracted guidance counselor. With the support of her hilariously idiosyncratic parents and a little help from a long-time crush, Olive attempts to take on her notorious new identity and crush the rumor mill once and for all.",/v5f1qO6NJnxWgONgkYg21TW39DT.jpg,/30rvmoEBqovm723agDJ3QddWXcY.jpg,2010-09-16,6.805,7328,['Comedy'],8000000,75026327,93,good
10201,tt1068680,Yes Man,One word can change everything.,"Carl Allen, a guy whose life is going nowhere, signs up for a self-help program based on one simple covenant: say yes to everything…and anything.",/8Vk2nQF1kY34x53YnWd5zDaTht.jpg,/l9kUuYVqiZV1r6d4nKUKcQvtLR3.jpg,2008-12-09,6.689,7327,"['Comedy', 'Romance']",70000000,223200000,104,good
447404,tt5884052,Pokémon Detective Pikachu,Partner up!,"In a world where people collect pocket-size monsters (Pokémon) to do battle, a boy comes across an intelligent monster who seeks to be a detective.",/uhWvnFgg3BNlcUz0Re1HfQqIcCD.jpg,/yXybBEC45p84D0Ky7GmQQYrclVr.jpg,2019-05-03,6.906,7301,"['Action', 'Adventure', 'Fantasy']",150000000,449762638,105,good
520763,tt8332922,A Quiet Place Part II,Silence is not enough.,"Following the events at home, the Abbott family now face the terrors of the outside world. Forced to venture into the unknown, they realize that the creatures that hunt by sound are not the only threats that lurk beyond the sand path.",/4q2hz2m8hubgvijz8Ez0T2Os2Yv.jpg,/uuBYYlbfiYD7ny5VNj46NG14ykR.jpg,2021-05-21,7.435,7300,"['Science Fiction', 'Thriller', 'Horror']",55000000,297372261,96,good
302946,tt2140479,The Accountant,Calculate your choices.,"As a math savant uncooks the books for a new client, the Treasury Department closes in on his activities and the body count starts to rise.",/fceheXB5fC4WrLVuWJ6OZv9FXYr.jpg,/dTGECn8He16tZeBHQTLf6rVydE8.jpg,2016-10-13,7.133,7276,"['Crime', 'Thriller', 'Drama']",44000000,155160045,128,good
13448,tt0808151,Angels & Demons,The holiest event of our time. Perfect for their return.,"Harvard symbologist Robert Langdon is recruited by the Vatican to investigate the apparent return of the Illuminati – a secret, underground organization – after four cardinals are kidnapped on the night of the papal conclave.",/tFZQAuulEOtFTp0gHbVdEXwGrYe.jpg,/olz8Xw3yOLpBAHKgPoSRwmomdM.jpg,2009-04-20,6.717,7263,"['Thriller', 'Mystery']",150000000,485930816,139,good
257211,tt2361509,The Intern,Experience never gets old.,"70-year-old widower Ben Whittaker has discovered that retirement isn't all it's cracked up to be. Seizing an opportunity to get back in the game, he becomes a senior intern at an online fashion site, founded and run by Jules Ostin.",/bTQ46fupPbjBfFBHuzfD3hxxL0Q.jpg,/rFY9V4Dhq7lbIu6LlpzbL9u2K2E.jpg,2015-09-23,7.227,7256,['Comedy'],35000000,194564672,121,good
49018,tt1591095,Insidious,It's not the house that's haunted.,"A family discovers that dark spirits have invaded their home after their son inexplicably falls into an endless sleep. When they reach out to a professional for help, they learn things are a lot more personal than they thought.",/1egpmVXuXed58TH2UOnX1nATTrf.jpg,/yZP6GyrgzdpjH1AxPHlb8ACLkiA.jpg,2011-03-31,6.94,7256,"['Horror', 'Thriller']",1500000,100106454,102,good
296098,tt3682448,Bridge of Spies,"In the shadow of war, one man showed the world what we stood for.","During the Cold War, the Soviet Union captures U.S. pilot Francis Gary Powers after shooting down his U-2 spy plane. Sentenced to 10 years in prison, Powers' only hope is New York lawyer James Donovan, recruited by a CIA operative to negotiate his release. Donovan boards a plane to Berlin, hoping to win the young man's freedom through a prisoner exchange. If all goes well, the Russians would get Rudolf Abel, the convicted spy who Donovan defended in court.",/fmOOjHAQzxr0c1sfcY4qkiSRBH6.jpg,/12M3SvYO4WMdlXCajWklz1zUAly.jpg,2015-10-15,7.238,7235,"['Thriller', 'Drama']",40000000,165478348,141,good
3131,tt0217505,Gangs of New York,America was born in the streets.,"In early 1860s New York, Irish immigrant Amsterdam Vallon is released from prison and returns to the Five Points, seeking revenge against his father's killer, William Cutting, a powerful anti-immigrant gang leader. He knows that revenge can only be attained by infiltrating Cutting's inner circle. Vallon's journey becomes a fight for personal survival and to find a place for the Irish people.",/lemqKtcCuAano5aqrzxYiKC8kkn.jpg,/ykqSwE2vUrcocu4w9e99bxLBrXd.jpg,2002-12-14,7.315,7152,"['Drama', 'History', 'Crime']",100000000,193772504,168,good
46195,tt1436562,Rio,1 out of every 8 Americans is afraid of flying. Most of them don't have feathers.,"Captured by smugglers when he was just a hatchling, a macaw named Blu never learned to fly and lives a happily domesticated life in Minnesota with his human friend, Linda. Blu is thought to be the last of his kind, but when word comes that Jewel, a lone female, lives in Rio de Janeiro, Blu and Linda go to meet her. Animal smugglers kidnap Blu and Jewel, but the pair soon escape and begin a perilous adventure back to freedom -- and Linda.",/4nJxhUknKV8Gqdhov8pU1YWDYfb.jpg,/yoyLhm534GHsWvx5cNBDhfZdTG7.jpg,2011-04-03,6.762,7122,"['Animation', 'Adventure', 'Comedy', 'Family']",90000000,483866772,96,good
39514,tt1245526,RED,Still armed. Still dangerous. Still got it.,"After surviving an assault from a squad of hit men, retired CIA black ops agent Frank Moses reassembles his old team for an all-out war. Frank reunites with old Joe, crazy Marvin and wily Victoria to uncover a massive conspiracy that threatens their lives. Only their expert training will allow them to survive a near-impossible mission -- breaking into CIA headquarters.",/8eeK3OB5PeSRQD7BpZcGZKkehG.jpg,/5tqBeCUaNHptScH3rBixjE5z2NV.jpg,2010-10-13,6.706,7102,"['Action', 'Adventure', 'Comedy', 'Crime', 'Thriller']",58000000,199006387,111,good
81188,tt1446192,Rise of the Guardians,You better believe.,"When an evil spirit known as Pitch lays down the gauntlet to take over the world, the immortal Guardians must join forces for the first time to protect the hopes, beliefs and imagination of children all over the world.",/yfzmfWGjcmyugH6FZ13WcsUGiNj.jpg,/p3AFw3D3dFF99lBfrniUSzjnH2N.jpg,2012-11-21,7.372,7100,"['Animation', 'Family', 'Fantasy', 'Action', 'Adventure']",145000000,306941670,97,good
293863,tt1655441,The Age of Adaline,Love is timeless.,"After 29-year-old Adaline recovers from a nearly lethal accident, she inexplicably stops growing older. As the years stretch on and on, Adaline keeps her secret to herself  until she meets a man who changes her life.",/MbILysGhjAbnZi1Okae9wYqLMx.jpg,/wTvDGO0xGMmnScqjuiDeWU7PkcB.jpg,2015-04-16,7.466,7060,"['Romance', 'Fantasy', 'Drama']",25000000,65663276,112,good
381283,tt5109784,mother!,Seeing is believing.,"A couple's relationship is tested when uninvited guests arrive at their home, disrupting their tranquil existence.",/fjny9chXPx69ln1LMJxbwi5yHMt.jpg,/2wS8pMZgvzq7kaZb5LHX54poQnA.jpg,2017-09-13,6.962,7051,"['Horror', 'Drama']",30000000,44516999,121,good
188927,tt2660888,Star Trek Beyond,The final frontier...and beyond.,"The USS Enterprise crew explores the furthest reaches of uncharted space, where they encounter a mysterious new enemy who puts them and everything the Federation stands for to the test.",/m7SHlvcGfCkbzk2xP7XHDOI6o93.jpg,/r2ZBqkOCWSEp3z7gmpjSJ8k3kCK.jpg,2016-07-07,6.783,7041,"['Action', 'Adventure', 'Science Fiction']",185000000,343471816,122,good
44896,tt1192628,Rango,No man can walk out of his own story.,"When Rango, a lost family pet, accidentally winds up in the gritty, gun-slinging Western town of Dirt, the theater-loving lizard suddenly finds himself the newly appointed sheriff. Welcomed as the last hope the town has been waiting for, Rango is forced to play his new role to the hilt and uncover the truth behind a looming water crisis—before his act catches up with him.",/A5MP1guV8pbruieG0tnpPIbaJtt.jpg,/mOtKQlXdL5J4lwqcSFlkZmgmFeZ.jpg,2011-03-02,6.891,7023,"['Animation', 'Comedy', 'Family', 'Western', 'Adventure']",135000000,245724603,107,good
370172,tt2382320,No Time to Die,The mission that changes everything begins…,"Bond has left active service and is enjoying a tranquil life in Jamaica. His peace is short-lived when his old friend Felix Leiter from the CIA turns up asking for help. The mission to rescue a kidnapped scientist turns out to be far more treacherous than expected, leading Bond onto the trail of a mysterious villain armed with dangerous new technology.",/iUgygt3fscRoKWCV1d0C7FbM9TP.jpg,/x9td0NQha0t44K2qgcMipLOGjVi.jpg,2021-09-29,7.34,7017,"['Action', 'Thriller', 'Adventure']",250000000,774153024,163,good
37686,tt1650062,Super 8,It arrives.,"In late 1970s Ohio, a group of friends filming a homemade zombie movie witness a devastating train derailment. Soon after, their quiet town is gripped by unexplained disappearances, strange phenomena, and a growing sense of fear, as they uncover that something terrifying has been set loose.",/pUWIjaMMYJjeBm5bJyE3mIXdQ62.jpg,/x6Dr9i6vhWICxs7hnX2BakcMtPd.jpg,2011-06-09,6.773,7016,"['Thriller', 'Science Fiction', 'Mystery']",50000000,260100000,112,good
337401,tt4566758,Mulan,Loyal. Brave. True.,"When the Emperor of China issues a decree that one man per family must serve in the Imperial Chinese Army to defend the country from Huns, Hua Mulan, the eldest daughter of an honored warrior, steps in to take the place of her ailing father. She is spirited, determined and quick on her feet. Disguised as a man by the name of Hua Jun, she is tested every step of the way and must harness her innermost strength and embrace her true potential.",/aKx1ARwG55zZ0GpRvU2WrGrCG9o.jpg,/zMrk2G3XsnfYKiIp1NEfdtvDyBH.jpg,2020-09-04,6.831,7012,"['Adventure', 'Fantasy', 'Action']",200000000,69965374,115,good
206487,tt2397535,Predestination,To save the future he must reshape the past.,"Predestination chronicles the life of a Temporal Agent sent on an intricate series of time-travel journeys designed to prevent future killers from committing their crimes. Now, on his final assignment, the Agent must stop the one criminal that has eluded him throughout time and prevent a devastating attack in which thousands of lives will be lost.",/38Xr1JnV1ZcLQ55zmdSp6n475cZ.jpg,/cvq9cRMDJIGzNpHaPVGFftqPcLj.jpg,2014-08-28,7.4,7009,"['Science Fiction', 'Thriller']",5500000,4942449,98,good
328387,tt3531824,Nerve,We dare you.,"Industrious high school senior Vee Delmonico has had it with living life on the sidelines. When pressured by friends to join the popular online game Nerve, Vee decides to sign up for just one dare in what seems like harmless fun. But as she finds herself caught up in the thrill of the adrenaline-fueled competition partnered with a mysterious stranger, the game begins to take a sinister turn with increasingly dangerous acts, leading her into a high stakes finale that will determine her entire future.",/qmSpHC0CSNyNll9WhlwWYuwoQ28.jpg,/fg04CQyJzuDJ82jm2meY37n9XyE.jpg,2016-06-27,7.001,6991,"['Mystery', 'Adventure', 'Crime']",19000000,85241496,96,good
507086,tt8041270,Jurassic World Dominion,The epic conclusion of the Jurassic era.,"Four years after Isla Nublar was destroyed, dinosaurs now live—and hunt—alongside humans all over the world. This fragile balance will reshape the future and determine, once and for all, whether human beings are to remain the apex predators on a planet they now share with history's most fearsome creatures.",/jbAvCACjLf1ZG0unB2tdmx5HAf1.jpg,/698FjyzLdpgXmUSr63LaRwblTmx.jpg,2022-06-01,6.603,6973,"['Adventure', 'Action', 'Science Fiction']",465000000,1004004592,147,good
436270,tt6443346,Black Adam,The hierarchy of power in the DC Universe is about to change.,"Nearly 5,000 years after he was bestowed with the almighty powers of the Egyptian gods—and imprisoned just as quickly—Black Adam is freed from his earthly tomb, ready to unleash his unique form of justice on the modern world.",/rCtreCr4xiYEWDQTebybolIh6Xe.jpg,/bQXAqRx2Fgc46uCVWgoPz5L5Dtr.jpg,2022-10-19,6.815,6952,"['Action', 'Adventure', 'Science Fiction']",200000000,393452111,125,good
11631,tt0795421,Mamma Mia!,A mother. A daughter. Three possible fathers. A trip down the aisle you'll never forget.,A spirited young bride-to-be living with her single mother on a small Greek island secretly invites three of her mother's ex-boyfriends in hope of finding her biological father to walk her down the aisle.,/zdUA4FNHbXPadzVOJiU0Rgn6cHR.jpg,/8IGO8rF5asa7tnO0aEtx3e5R4Z5.jpg,2008-07-03,6.974,6948,"['Comedy', 'Romance']",52000000,609841637,108,good
676,tt0213149,Pearl Harbor,It takes a moment to change history. It takes love to change lives.,"The lifelong friendship between Rafe McCawley and Danny Walker is put to the ultimate test when the two ace fighter pilots become entangled in a love triangle with beautiful Naval nurse Evelyn Johnson. But the rivalry between the friends-turned-foes is immediately put on hold when they find themselves at the center of Japan's devastating attack on Pearl Harbor on Dec. 7, 1941.",/y8A0Cvp8WQmZ3bjbnsL53lY0dsC.jpg,/zv1xOEQzebKyku349qDZ085FZlO.jpg,2001-05-21,6.936,6941,"['War', 'Romance', 'History', 'Action']",140000000,449220945,183,good
7446,tt0942385,Tropic Thunder,Get Some.,"A group of self-absorbed actors set out to make the most expensive war film ever. After ballooning costs force the studio to cancel the movie, the frustrated director refuses to stop shooting, leading his cast into the jungles of Southeast Asia, where they encounter real bad guys.",/zAurB9mNxfYRoVrVjAJJwGV3sPg.jpg,/4pLi4QMm0MZ9TSoF3l8qQmY9HNO.jpg,2008-08-09,6.71,6878,"['Action', 'Comedy', 'Adventure', 'War']",92000000,195702811,107,good
270303,tt3235888,It Follows,It doesn't think. It doesn't feel. It doesn't give up.,A young woman is followed by an unknown supernatural force after a sexual encounter.,/iwnQ1JH1wdWrGYkgWySptJ5284A.jpg,/ikaRI4yMxKOje5SmOlAhOBUnicL.jpg,2015-02-04,6.582,6859,"['Horror', 'Mystery']",2300000,23374076,101,good
1576,tt0120804,Resident Evil,A secret experiment. A deadly virus. A fatal mistake.,"When a virus leaks from a top-secret facility, turning all resident researchers into ravenous zombies and their lab animals into mutated hounds from hell, the government sends in an elite military task force to contain the outbreak.",/1UKNef590A0ZaMnxsscIcWuK1Em.jpg,/xcENFGw9AlsmtiQGWuzIGbg1bdi.jpg,2002-03-15,6.651,6851,"['Horror', 'Action', 'Science Fiction']",33000000,102984862,100,good
5255,tt0338348,The Polar Express,A journey like you’ve never imagined.,"When a doubting young boy takes an extraordinary train ride to the North Pole, he embarks on a journey of self-discovery that shows him that the wonder of life never fades for those who believe.",/eOoCzH0MqeGr2taUZO4SwG416PF.jpg,/jtOvTVlkF8TlaOq94oNXRc9u2yp.jpg,2004-11-10,6.723,6837,"['Animation', 'Family', 'Fantasy', 'Adventure']",165000000,318432432,100,good
254320,tt3464902,The Lobster,An unconventional love story...,"In a dystopian near future, single people, according to the laws of The City, are taken to The Hotel, where they are obliged to find a romantic partner in forty-five days or are transformed into animals and sent off into The Woods.",/7Y9ILV1unpW9mLpGcqyGQU72LUy.jpg,/s48CvFbWoWHhSPgz2wW9Rffw04q.jpg,2015-10-15,7.027,6834,"['Comedy', 'Drama', 'Romance']",4000000,15700000,119,good
114150,tt1981677,Pitch Perfect,Get pitch slapped.,"College student Beca knows she does not want to be part of a clique, but that's exactly where she finds herself after arriving at her new school. Thrust in among mean gals, nice gals and just plain weird gals, Beca finds that the only thing they have in common is how well they sing together. She takes the women of the group out of their comfort zone of traditional arrangements and into a world of amazing harmonic combinations in a fight to the top of college music competitions.",/gsFoJk9g8W3zgaipRrrURk7LbiF.jpg,/2sE6hrwfn9IV7eDlMvpIb9q1EWy.jpg,2012-09-28,7.273,6829,"['Comedy', 'Music', 'Romance']",17000000,115647426,112,good
298,tt0496806,Ocean's Thirteen,Revenge is a funny thing.,"Danny Ocean's team of criminals are back and composing a plan more personal than ever. When ruthless casino owner Willy Bank doublecrosses Reuben Tishkoff, causing a heart attack, Danny Ocean vows that he and his team will do anything to bring down Willy Bank along with everything he's got. Even if it means asking for help from an enemy.",/pBsZs4zYUiUTemqbikTZ76iQRaU.jpg,/gznaK2DnntjQKkK5Sp0OEkVYCp8.jpg,2007-06-05,6.724,6825,"['Crime', 'Thriller']",85000000,311312624,122,good
203801,tt1638355,The Man from U.N.C.L.E.,Saving the world never goes out of style.,"At the height of the Cold War, a mysterious criminal organization plans to use nuclear weapons and technology to upset the fragile balance of power between the United States and Soviet Union. CIA agent Napoleon Solo and KGB agent Illya Kuryakin are forced to put aside their hostilities and work together to stop the evildoers in their tracks. The duo's only lead is the daughter of a missing German scientist, whom they must find soon to prevent a global catastrophe.",/y5yZaForGSJbPD66Cvq9AT5WMAD.jpg,/bu0LiPEWKHWViRoaFwlTAzZ8wyS.jpg,2015-08-13,7.077,6805,"['Comedy', 'Action', 'Adventure']",75000000,110045109,116,good
2059,tt0368891,National Treasure,"In order to break the code, one man will have to break all the rules.","Modern treasure hunters, led by archaeologist Ben Gates, search for a chest of riches rumored to have been stashed away by George Washington, Thomas Jefferson and Benjamin Franklin during the Revolutionary War. The chest's whereabouts may lie in secret clues embedded in the Constitution and the Declaration of Independence, and Gates is in a race to find the gold before his enemies do.",/pxL6E4GBOPUG6CdkO9cUQN5VMwI.jpg,/xXWT0je8dTFFNBq6P2CeTZkPUu2.jpg,2004-11-19,6.65,6803,"['Adventure', 'Action', 'Thriller', 'Mystery']",100000000,347500000,131,good
51540,tt1499658,Horrible Bosses,Ever wish your boss was dead?,"For Nick, Kurt and Dale, the only thing that would make the daily grind more tolerable would be to grind their intolerable bosses into dust. Quitting is not an option, so, with the benefit of a few-too-many drinks and some dubious advice from a hustling ex-con, the three friends devise a convoluted and seemingly foolproof plan to rid themselves of their respective employers... permanently.",/uQkUwgyFHAm0jGQERPG6Z9o9Zbj.jpg,/9fkYHcOtaz4cKmlDWw7tqUr5TUt.jpg,2011-07-08,6.574,6748,"['Comedy', 'Crime']",35000000,209838559,98,good
241259,tt2567026,Alice Through the Looking Glass,It's time for a little madness.,Alice Kingsleigh returns to Underland and faces a new adventure in saving the Mad Hatter.,/kbGamUkYfgKIYIrU8kW5oc0NatZ.jpg,/A6d09KtZKdVGSg0gzsldjDwwvhD.jpg,2016-05-25,6.561,6746,"['Adventure', 'Family', 'Fantasy']",170000000,299457024,113,good
57214,tt1636826,Project X,The party you've only dreamed about.,"Three high school seniors throw a party to make a name for themselves. As the night progresses, things spiral out of control as word of the party spreads.",/lUPDGT3lyRrq8SvWuNWG2DP64bR.jpg,/cUqXHZtnptgvyAE1hN47Wsf3ami.jpg,2012-03-01,6.883,6745,['Comedy'],12000000,102731865,88,good
2454,tt0499448,The Chronicles of Narnia: Prince Caspian,Everything you know is about to change forever.,"One year after their incredible adventures in the Lion, the Witch and the Wardrobe, Peter, Edmund, Lucy and Susan Pevensie return to Narnia to aid a young prince whose life has been threatened by the evil King Miraz. Now, with the help of a colorful cast of new characters, including Trufflehunter the badger and Nikabrik the dwarf, the Pevensie clan embarks on an incredible quest to ensure that Narnia is returned to its rightful heir.",/qxz3WIyjZiSKUhaTIEJ3c1GcC9z.jpg,/9pBv1BOSloAUgAkF0meJWdnbV4Q.jpg,2008-05-15,6.63,6719,"['Adventure', 'Family', 'Fantasy']",225000000,419665568,150,good
661374,tt11564570,Glass Onion: A Knives Out Mystery,"When the game ends, the mystery begins.",World-famous detective Benoit Blanc heads to Greece to peel back the layers of a mystery surrounding a tech billionaire and his eclectic crew of friends.,/vDGr1YdrlfbU9wxTOdpf3zChmv9.jpg,/dKqa850uvbNSCaQCV4Im1XlzEtQ.jpg,2022-11-23,7.033,6717,"['Comedy', 'Crime', 'Mystery']",40000000,15000000,140,good
335787,tt1464335,Uncharted,Fortune favors the bold.,"A young street-smart, Nathan Drake and his wisecracking partner Victor “Sully” Sullivan embark on a dangerous pursuit of “the greatest treasure never found” while also tracking clues that may lead to Nathan’s long-lost brother.",/rJHC1RUORuUhtfNb4Npclx0xnOf.jpg,/fwrqW8Lp5VQuppFrODd4iJ8LySE.jpg,2022-02-10,6.868,6702,"['Action', 'Adventure']",120000000,407141258,116,good
238636,tt2975578,The Purge: Anarchy,,"One night per year, the government sanctions a 12-hour period in which citizens can commit any crime they wish -- including murder -- without fear of punishment or imprisonment. Leo, a sergeant who lost his son, plans a vigilante mission of revenge during the mayhem. However, instead of a death-dealing avenger, he becomes the unexpected protector of four innocent strangers who desperately need his help if they are to survive the night.",/qwqHHZLZSUvMkAMQ47ymtfjEifY.jpg,/blfZnm6StMPnTY35kaooPBCsSVp.jpg,2014-07-17,6.627,6673,"['Horror', 'Thriller']",9000000,111928365,103,good
373571,tt3741700,Godzilla: King of the Monsters,Long live the king.,"Follows the heroic efforts of the crypto-zoological agency Monarch as its members face off against a battery of god-sized monsters, including the mighty Godzilla, who collides with Mothra, Rodan, and his ultimate nemesis, the three-headed King Ghidorah. When these ancient super-species, thought to be mere myths, rise again, they all vie for supremacy, leaving humanity's very existence hanging in the balance.",/mzOHg7Q5q9yUmY0b9Esu8Qe6Nnm.jpg,/mzRJpkWPjXdXak0WCc8ZxVH4hug.jpg,2019-05-29,6.688,6645,"['Science Fiction', 'Action']",170000000,387300138,132,good
80278,tt1649419,The Impossible,Nothing is more powerful than the human spirit.,"In December 2004, close-knit family Maria, Henry and their three sons begin their winter vacation in Thailand. But the day after Christmas, the idyllic holiday turns into an incomprehensible nightmare when a terrifying roar rises from the depths of the sea, followed by a wall of black water that devours everything in its path. Though Maria and her family face their darkest hour, unexpected displays of kindness and courage ameliorate their terror.",/k0DLCiDbnYywOHiISALbl2EH2NE.jpg,/3NfM0sRwVLnsQkCd5YBPGvM9a5v.jpg,2012-09-09,7.368,6623,"['Drama', 'Thriller', 'History']",45000000,198100000,113,good
20504,tt1037705,The Book of Eli,Some will kill to have it. He will kill to protect it.,"A post-apocalyptic tale, in which a lone man fights his way across America in order to protect a sacred book that holds the secrets to saving humankind.",/1H1y9ZiqNFaLgQiRDDZLA55PviW.jpg,/aPrrrGtSjXbw8XnpzsVJgF0ioq3.jpg,2010-01-14,6.793,6619,"['Action', 'Thriller', 'Science Fiction']",80000000,157107755,118,good
565,tt0298130,The Ring,"Before you die, you see",Journalist Rachel Keller investigates a strange videotape that may be behind the untimely deaths of four teenagers. There is an urban legend about this tape: the viewer will die seven days after watching it. Rachel tracks down the video... and watches it. Now she has just seven days to unravel the mystery of the Ring in order to save herself and her son.,/AeRpUynJKDpJveklBJipOYrVxCS.jpg,/6tuNQ16hC4Qp7wjTweKzUnnLBkI.jpg,2002-10-18,6.699,6618,"['Horror', 'Mystery']",48000000,249348933,115,good
390043,tt1959563,The Hitman's Bodyguard,Everyone's out to get them... If they don't kill each other first.,"The world’s top bodyguard gets a new client, a hitman who must testify at the International Court of Justice. They must put their differences aside and work together to make it to the trial on time.",/5CGjlz2vyBhW5xHW4eNOZIdgzYq.jpg,/uTQ6UAAdLdZwcmXmchIZJB7Jg64.jpg,2017-08-16,6.893,6614,"['Action', 'Comedy', 'Crime', 'Thriller']",30000000,176586701,118,good
644,tt0212720,A.I. Artificial Intelligence,"David is 11 years old. He weighs 60 pounds. He is 4 feet, 6 inches tall. He has brown hair. His love is real. But he is not.","David, a robotic boy—the first of his kind programmed to love—is adopted as a test case by a Cybertronics employee and his wife. Though he gradually becomes their child, a series of unexpected circumstances make this life impossible for David.",/8MZSGX5JORoO72EfuAEcejH5yHn.jpg,/n7p6UTAZtkeoHkwCO42BEQaMFJY.jpg,2001-06-29,7.056,6595,"['Drama', 'Science Fiction', 'Adventure']",100000000,235926552,146,good
9532,tt0195714,Final Destination,No accidents. No coincidences. No escapes. You can't cheat death.,"After a teenager has a terrifying vision of him and his friends dying in a plane crash, he prevents the accident only to have Death hunt them down, one by one.",/1mXhlQMnlfvJ2frxTjZSQNnA9Vp.jpg,/7isarjYDEKZ5t1CgcvbuqEUby8P.jpg,2000-03-17,6.63,6590,['Horror'],23000000,112880294,98,good
424783,tt4701182,Bumblebee,Every hero has a beginning.,"On the run in the year 1987, Bumblebee finds refuge in a junkyard in a small Californian beach town. Charlie, on the cusp of turning 18 and trying to find her place in the world, discovers Bumblebee, battle-scarred and broken.  When Charlie revives him, she quickly learns this is no ordinary yellow VW bug.",/fw02ONlDhrYjTSZV8XO6hhU3ds3.jpg,/hMANgfPHR1tRObNp2oPiOi9mMlz.jpg,2018-11-22,6.719,6568,"['Action', 'Adventure', 'Science Fiction']",135000000,467989645,114,good
545609,tt8936646,Extraction,"When the mission ends, redemption begins",A hardened gun-for-hire's latest mission becomes a soul-searching race to survive when he's sent into Bangladesh to rescue a drug lord's kidnapped son.,/nygOUcBKPHFTbxsYRFZVePqgPK6.jpg,/1R6cvRtZgsYCkh8UFuWFN33xBP4.jpg,2020-04-23,7.292,6554,"['Action', 'Thriller']",65000000,0,116,good
277,tt0320691,Underworld,An immortal battle for supremacy.,"Vampires and werewolves have waged a nocturnal war against each other for centuries. But all bets are off when a female vampire warrior named Selene, who's famous for her strength and werewolf-hunting prowess, becomes smitten with a peace-loving male werewolf, Michael, who wants to end the war.",/zsnQ41UZ3jo1wEeemF0eA9cAIU0.jpg,/zsgdVbuEwqZbnUN9qLGEMBYf2Zo.jpg,2003-09-19,6.8,6541,"['Fantasy', 'Action', 'Thriller']",22000000,95708457,122,good
140300,tt2267968,Kung Fu Panda 3,Grab destiny by the dumplings.,"While Po and his father are visiting a secret panda village, an evil spirit threatens all of China, forcing Po to form a ragtag army to fight back.",/oajNi4Su39WAByHI6EONu8G8HYn.jpg,/s3FiHTdpQVpqIqdBxLLiy40wGut.jpg,2016-01-23,6.9,6530,"['Animation', 'Action', 'Adventure', 'Comedy', 'Family']",145000000,521170825,95,good
440021,tt5308322,Happy Death Day,Get up. Live your day. Get killed. Again.,"Caught in a bizarre and terrifying time warp, college student Tree finds herself repeatedly reliving the day of her murder, ultimately realizing that she must identify the killer and the reason for her death before her chances of survival run out.",/cTaEIUYTt52ooq9quVbAQ7NpGwo.jpg,/9XSEL3EMC2D8k4UcYBn8etgRxPg.jpg,2017-10-12,6.659,6529,"['Comedy', 'Horror', 'Mystery']",4800000,125479266,97,good
80321,tt1277953,Madagascar 3: Europe's Most Wanted,They have one shot to get back home.,"Animal pals Alex, Marty, Melman, and Gloria are still trying to make it back to New York's Central Park Zoo. They are forced to take a detour to Europe to find the penguins and chimps who broke the bank at a Monte Carlo casino. When French animal-control officer Capitaine Chantel DuBois picks up their scent, Alex and company are forced to hide out in a traveling circus.",/ekraj4ksvIKeuvQVEevEJkuybZd.jpg,/hfdds27YL5nTAhiOtjfNNxD3bJe.jpg,2012-06-06,6.63,6514,"['Animation', 'Family', 'Comedy', 'Adventure']",145000000,746921274,93,good
38575,tt1155076,The Karate Kid,A challenge he never imagined. A teacher he never expected.,"12-year-old Dre Parker could've been the most popular kid in Detroit, but his mother's latest career move has landed him in China. Dre immediately falls for his classmate Mei Ying but the cultural differences make such a friendship impossible. Even worse, Dre's feelings make him an enemy of the class bully, Cheng. With no friends in a strange land, Dre has nowhere to turn but maintenance man Mr. Han, who is a kung fu master. As Han teaches Dre that kung fu is not about punches and parries, but maturity and calm, Dre realizes that facing down the bullies will be the fight of his life.",/b1RBy3l297N0c7PHjlz35cClWju.jpg,/v8DepuF6gizphLzIyNZeQiB0hij.jpg,2010-06-10,6.567,6507,"['Action', 'Adventure', 'Drama', 'Family']",40000000,359126022,140,good
497582,tt7846844,Enola Holmes,Mystery runs in the family.,"While searching for her missing mother, intrepid teen Enola Holmes uses her sleuthing skills to outsmart big brother Sherlock and help a runaway lord.",/riYInlsq2kf1AWoGm80JQW5dLKp.jpg,/pQQggUuDMleFSl2tQYxzTmKIiLU.jpg,2020-09-23,7.23,6500,"['Adventure', 'Mystery', 'Crime']",21000000,0,123,good
39538,tt1598778,Contagion,Nothing spreads like fear.,"As an epidemic of a lethal airborne virus - that kills within days - rapidly grows, the worldwide medical community races to find a cure and control the panic that spreads faster than the virus itself.",/qL0IooP0bjXy0KXl9KEyPo22ll0.jpg,/bdmyvEdrmnj7J3RWaKXEOwYggRv.jpg,2011-09-08,6.646,6484,"['Drama', 'Thriller', 'Science Fiction']",60000000,137551594,106,good
423108,tt7069210,The Conjuring: The Devil Made Me Do It,The demonic case that shocked America.,"Paranormal investigators Ed and Lorraine Warren encounter what would become one of the most sensational cases from their files. The fight for the soul of a young boy takes them beyond anything they'd ever seen before, to mark the first time in U.S. history that a murder suspect would claim demonic possession as a defense.",/rQfX2xx8TUoNvyk892yKWNikJaM.jpg,/p26c040MErns7DJYhisa1CpVB5i.jpg,2021-05-25,7.358,6475,"['Horror', 'Mystery', 'Thriller']",39000000,206444123,111,good
13053,tt0397892,Bolt,Fully Awesome.,"Bolt is the star of the biggest show in Hollywood. The only problem is, he thinks it's real. After he's accidentally shipped to New York City and separated from Penny, his beloved co-star and owner, Bolt must harness all his ""super powers"" to find a way home.",/v5aC4nrzXFGJDWY4JO1eengXzqk.jpg,/zWqxBc6pdSIjklqWfZ70l5ce28P.jpg,2008-11-21,6.538,6451,"['Animation', 'Family', 'Adventure', 'Comedy']",150000000,309979994,98,good
420809,tt4777008,Maleficent: Mistress of Evil,Go beyond the fairy tale.,"Maleficent and her goddaughter Aurora begin to question the complex family ties that bind them as they are pulled in different directions by impending nuptials, unexpected allies, and dark new forces at play.",/vloNTScJ3w7jwNwtNGoG8DbTThv.jpg,/skvI4rYFrKXS73BJxWGH54Omlvv.jpg,2019-10-16,7.297,6441,"['Family', 'Fantasy', 'Adventure']",185000000,491730089,119,good
22794,tt0844471,Cloudy with a Chance of Meatballs,Prepare to get served.,"Inventor Flint Lockwood creates a machine that makes clouds rain food, enabling the down-and-out citizens of Chewandswallow to feed themselves. But when the falling food reaches gargantuan proportions, Flint must scramble to avert disaster. Can he regain control of the machine and put an end to the wild weather before the town is destroyed?",/qhOhIKf7QEyQ5dMrRUqs5eTX1Oq.jpg,/doNIj6jX27hhfcbD6GEb22ydLSF.jpg,2009-09-17,6.657,6408,"['Animation', 'Comedy', 'Family']",100000000,242988466,90,good
406990,tt1536537,What Happened to Monday,Seven sisters. One identity.,"In a world where families are limited to one child due to overpopulation, a set of identical septuplets must avoid being put to a long sleep by the government and dangerous infighting while investigating the disappearance of one of their own.",/atOgZMJpMrTdpqvPiHVPfBhR61l.jpg,/j7ij93mtHXAF8D3PjRSEaKPHpIE.jpg,2017-08-18,7.147,6406,"['Science Fiction', 'Thriller', 'Mystery', 'Action']",20000000,27975429,123,good
87502,tt1907668,Flight,Some miracles are not what they seem.,"Commercial airline pilot Whip Whitaker has a problem with drugs and alcohol, though so far he's managed to complete his flights safely. His luck runs out when a disastrous mechanical malfunction sends his plane hurtling toward the ground. Whip pulls off a miraculous crash-landing that results in only six lives lost. Shaken to the core, Whip vows to get sober -- but when the crash investigation exposes his addiction, he finds himself in an even worse situation.",/tFsHDNclXoCKy2xMxskzXXMaFJS.jpg,/lKaBnmdtFlyec6SGBLbdwXSrrRi.jpg,2012-02-22,6.859,6399,['Drama'],31000000,161772575,138,good
242224,tt2321549,The Babadook,"If it's in a word, or it's in a look, you can't get rid of...",A grieving single mother and her child fall into a deep well of paranoia when an eerie children's book manifests in their home.,/qt3fqapeo94TfvMyld8P7gkpXLz.jpg,/t18ocAG0cpgC1AP288SseqmXqB5.jpg,2014-05-22,6.531,6371,"['Drama', 'Horror']",2000000,10300000,94,good
512195,tt7991608,Red Notice,Pro and cons.,"An Interpol-issued Red Notice is a global alert to hunt and capture the world's most wanted. But when a daring heist brings together the FBI's top profiler and two rival criminals, there's no telling what will happen.",/lAXONuqg41NwUMuzMiFvicDET9Y.jpg,/p34WRcgkN2QIHcds5FtFiSpV3PC.jpg,2021-11-04,6.738,6370,"['Action', 'Comedy', 'Crime']",160000000,178143,118,good
181886,tt2316411,Enemy,You can't escape yourself.,A mild-mannered college professor discovers a look-alike actor and delves into the other man's private affairs.,/vf40tyDRKZsBmaLsYeopzfFLzLx.jpg,/deYWtXTc56YdXyIuuMuA8dvBY16.jpg,2014-03-14,6.849,6363,"['Thriller', 'Mystery']",0,3396726,91,good
238713,tt3079380,Spy,She's a risk they had to take.,"A desk-bound CIA analyst volunteers to go undercover to infiltrate the world of a deadly arms dealer, and prevent diabolical global disaster.",/vPBmfMHxQvRRNGYD5S5ko2KnX56.jpg,/eHEGPHKHTVhWdXzBQcrTATz9M0I.jpg,2015-05-06,6.833,6356,"['Action', 'Comedy', 'Crime']",65000000,235666219,120,good
260514,tt3606752,Cars 3,"From this moment, everything will change.","Blindsided by a new generation of blazing-fast racers, the legendary Lightning McQueen is suddenly pushed out of the sport he loves. To get back in the game, he will need the help of an eager young race technician with her own plan to win, inspiration from the late Fabulous Hudson Hornet, and a few unexpected turns.",/zg5RDxvIIAKsucjuU2EZJIHEIvz.jpg,/4mlS1MitcOqdPLhxEFyk9Qwf5rr.jpg,2017-06-15,6.853,6341,"['Animation', 'Family', 'Drama']",175000000,383925276,102,good
1597,tt0212338,Meet the Parents,First comes love. Then comes the interrogation.,"Greg Focker is ready to marry his girlfriend, Pam, but before he pops the question, he must win over her formidable father, humorless former CIA agent Jack Byrnes, at the wedding of Pam's sister. As Greg bends over backward to make a good impression, his visit to the Byrnes home turns into a hilarious series of disasters, and everything that can go wrong does, all under Jack's critical, hawklike gaze.",/5tXJ9ctuyEOMUFLaeqRisbXowWs.jpg,/qcVrlyPFlPgCsmzorvELvpJN9Be.jpg,2000-10-06,6.693,6334,"['Comedy', 'Romance']",55000000,330444045,108,good
401981,tt2873282,Red Sparrow,Seduce. Deceive. Repeat.,"Prima ballerina Dominika Egorova faces a bleak and uncertain future after she suffers an injury that ends her career. She soon turns to Sparrow School, a secret intelligence service that trains exceptional young people to use their minds and bodies as weapons. Dominika emerges as the most dangerous Sparrow after completing the sadistic training process. As she comes to terms with her new abilities, she meets a CIA agent who tries to convince her that he is the only person she can trust.",/cdefNr6aS00IwVbSlxdFJnfmzKh.jpg,/sGzuQYSTwJvLBc2PnuSVLHhuFeh.jpg,2018-02-15,6.533,6325,"['Thriller', 'Mystery']",69000000,151572634,140,good
855,tt0265086,Black Hawk Down,Leave no man behind.,"When U.S. Rangers and an elite Delta Force team attempt to kidnap two underlings of a Somali warlord, their Black Hawk helicopters are shot down, and the Americans suffer heavy casualties, facing intense fighting from the militia on the ground.",/7fU5dSqKRL4XHeEUz62rCKBfYok.jpg,/o6f1sJ0ZYg6TA2tMgoHdupB68QB.jpg,2001-12-28,7.393,6296,"['Action', 'War', 'History']",92000000,172989651,145,good
13885,tt0408236,Sweeney Todd: The Demon Barber of Fleet Street,Never Forget. Never Forgive.,"The infamous story of Benjamin Barker, a.k.a Sweeney Todd, who sets up a barber shop down in London which is the basis for a sinister partnership with his fellow tenant, Mrs. Lovett. Based on the hit Broadway musical.",/gAW4J1bkRjZKmFsJsIiOBASeoAp.jpg,/obYVvi6eD4rjFeC7g4uoZQPIh7F.jpg,2007-12-21,7.178,6293,"['Drama', 'Horror']",50000000,153384272,116,good
388,tt0454848,Inside Man,It looked like the perfect bank robbery. But you can’t judge a crime by its cover.,"When an armed, masked gang enter a Manhattan bank, lock the doors and take hostages, the detective assigned to effect their release enters negotiations preoccupied with corruption charges he is facing.",/ffMUgkDZICNiyaws1Jkv8qG8uFW.jpg,/2QxNeZ9ejpkAE7Q1DMWzJDDhrVP.jpg,2006-03-17,7.4,6293,"['Crime', 'Drama', 'Thriller']",45000000,186003591,129,good
1571,tt0337978,Live Free or Die Hard,The choice will be clear.,"John McClane is back and badder than ever, and this time he calls on the services of a young hacker in his bid to stop a ring of Internet terrorists intent on taking control of America's computer infrastructure.",/31TT47YjBl7a7uvJ3ff1nrirXhP.jpg,/aRqTPOPt8BOHE0ngppM9jnuuaeS.jpg,2007-06-20,6.641,6287,"['Action', 'Thriller']",110000000,383531464,128,good
460465,tt0293429,Mortal Kombat,Get over here!,"Washed-up MMA fighter Cole Young, unaware of his heritage, and hunted by Emperor Shang Tsung's best warrior, Sub-Zero, seeks out and trains with Earth's greatest champions as he prepares to stand against the enemies of Outworld in a high stakes battle for the universe.",/ybrX94xQm8lXYpZAPRmwD9iIbWP.jpg,/6ELCZlTA5lGUops70hKdB83WJxH.jpg,2021-04-07,6.984,6260,"['Action', 'Fantasy', 'Adventure']",20000000,84426031,110,good
385687,tt5433140,Fast X,The end of the road begins.,"Over many missions and against impossible odds, Dom Toretto and his family have outsmarted, out-nerved and outdriven every foe in their path. Now, they confront the most lethal opponent they've ever faced: A terrifying threat emerging from the shadows of the past who's fueled by blood revenge, and who is determined to shatter this family and destroy everything—and everyone—that Dom loves, forever.",/fiVW06jE7z9YnO4trhaMEdclSiC.jpg,/4XM8DUTQb3lhLemJC51Jx4a2EuA.jpg,2023-05-17,7.001,6258,"['Action', 'Crime', 'Thriller']",340000000,704709660,142,good
445571,tt2704998,Game Night,This is not a game.,"Max and Annie's weekly game night gets kicked up a notch when Max's brother Brooks arranges a murder mystery party -- complete with fake thugs and federal agents. So when Brooks gets kidnapped, it's all supposed to be part of the game. As the competitors set out to solve the case, they start to learn that neither the game nor Brooks are what they seem to be. The friends soon find themselves in over their heads as each twist leads to another unexpected turn over the course of one chaotic night.",/85R8LMyn9f2Lev2YPBF8Nughrkv.jpg,/aKPCZwkSZy2ASLo0QKeYmcoplfA.jpg,2018-02-15,6.846,6237,"['Mystery', 'Comedy', 'Crime']",37000000,117501013,100,good
39513,tt1092026,Paul,Who's up for a close encounter?,"For the past 60 years, a space-traveling smart-ass named Paul has been locked up in a top-secret military base, advising world leaders about his kind. But when he worries he’s outlived his usefulness and the dissection table is drawing uncomfortably close, Paul escapes on the first RV that passes by his compound in Area 51. Fortunately, it contains the two earthlings who are most likely to rescue and harbor an alien on the run.",/dKhexH8nS08lVlSmwSs00cHFxbY.jpg,/kl3rMfydlxyLDsZidSUCEWm8K0M.jpg,2011-02-14,6.735,6207,"['Adventure', 'Comedy', 'Science Fiction']",40000000,98000000,104,good
1538,tt0369339,Collateral,It started like any other night.,Cab driver Max picks up a man who offers him $600 to drive him around. But the promise of easy money sours when Max realizes his fare is an assassin.,/nV5316WUsVij8sVXLCF1g7TFitg.jpg,/lEfZFNs5hr1Pgn4vpb7X31J927x.jpg,2004-08-04,7.244,6206,"['Drama', 'Crime', 'Thriller']",65000000,220239925,120,good
338967,tt1560220,Zombieland: Double Tap,,"Columbus, Tallahassee, Wichita, and Little Rock move to the American heartland as they face off against evolved zombies, fellow survivors, and the growing pains of the snarky makeshift family.",/dtRbVsUb5O12WWO54SRpiMtHKC0.jpg,/e7tMI0zVKJB2TS74TaBifIZIkCp.jpg,2019-10-09,6.899,6205,"['Horror', 'Comedy']",42000000,122810399,99,good
570670,tt1051906,The Invisible Man,What you can't see can hurt you.,"When Cecilia's abusive ex takes his own life and leaves her his fortune, she suspects his death was a hoax. As a series of coincidences turn lethal, Cecilia works to prove that she is being hunted by someone nobody can see.",/5EufsDwXdY2CVttYOk2WtYhgKpa.jpg,/tweDJNQzBGgsWVF5MC8JhSAk07p.jpg,2020-02-26,7.092,6201,"['Thriller', 'Science Fiction', 'Horror']",7000000,144492724,124,good
80274,tt1731141,Ender's Game,This is not a game.,"Based on the classic novel by Orson Scott Card, Ender's Game is the story of the Earth's most gifted children training to defend their homeplanet in the space wars of the future.",/pVcRI5YKnkkgaAD876jBeKb189d.jpg,/zWvOs6lepfOI0dPa1ANVcdbkBuY.jpg,2013-10-24,6.586,6201,"['Science Fiction', 'Action', 'Adventure']",110000000,125537191,114,good
2675,tt0286106,Signs,It's not like they didn't warn us.,A family living on a farm finds mysterious crop circles in their fields which suggests something more frightening to come.,/YtrIdrTxpRhvCnlw43dwOjfLqx.jpg,/rsPjEr7o02mo8ex6wD2PbRwasUe.jpg,2002-08-02,6.696,6190,"['Thriller', 'Science Fiction', 'Horror']",72000000,408200000,106,good
8488,tt0386588,Hitch,The cure for the common man.,"Dating coach Alex 'Hitch' Hitchens mentors a bumbling client, Albert, who hopes to win the heart of the glamorous Allegra Cole. While Albert makes progress, Hitch faces his own romantic setbacks when proven techniques fail to work on Sara Melas, a tabloid reporter digging for dirt on Allegra Cole's love life. When Sara discovers Hitch's connection to Albert – now Allegra's boyfriend – it threatens to destroy both relationships.",/x3W9H3nhGQbWSlyI8Amp2F6Z6cz.jpg,/a6tIX4fGgp60w2d9pqYRbFM91ne.jpg,2005-02-11,6.576,6174,"['Comedy', 'Drama', 'Romance']",70000000,371600000,118,good
389015,tt5580036,"I, Tonya",Fitting in is overrated,"Competitive ice skater Tonya Harding rises amongst the ranks at the U.S. Figure Skating Championships, but her future in the sport is thrown into doubt when her ex-husband intervenes.",/6gNXwSHxaksR1PjVZRqNapmkgj3.jpg,/5owIV2sqdfILBKyOOIkLYVqanZp.jpg,2017-12-07,7.5,6155,"['Drama', 'Comedy']",11000000,53900000,120,good
1584,tt0332379,School of Rock,He just landed the gig of his life: 5th grade.,"Fired from his band and hard up for cash, guitarist and vocalist Dewey Finn finagles his way into a job as a fifth-grade substitute teacher at a private school, where he secretly begins teaching his straight-A students the finer points of rock 'n' roll and the power of sticking it to the man. But as the school’s stern principal closes in and the Battle of the Bands looms, Dewey risks everything to prove that rock 'n' roll can change lives.",/zXLXaepIBvFVLU25DH3wv4IPSbe.jpg,/k5MTAtE9CCi5TWA84qaFMYv3ajB.jpg,2003-10-03,7.1,6114,"['Comedy', 'Music', 'Family']",35000000,131098967,110,good
451048,tt0870154,Jungle Cruise,Only one adventure gets this wild.,"Dr. Lily Houghton enlists the aid of wisecracking skipper Frank Wolff to take her down the Amazon in his dilapidated boat. Together, they search for an ancient tree that holds the power to heal – a discovery that will change the future of medicine.",/yKy9ELL8CON5sqDg4yIvBb5LTZL.jpg,/7WJjFviFBffEJvkAms4uWwbcVUk.jpg,2021-07-28,7.297,6109,"['Fantasy', 'Adventure', 'Action']",200000000,220889446,127,good
12162,tt0887912,The Hurt Locker,You don't have to be a hero to do this job. But it helps.,"During the Iraq War, a Sergeant recently assigned to an army bomb squad is put at odds with his squad mates due to his maverick way of handling his work.",/io2dfBJhasvGbgkCX9cCGVOiA99.jpg,/nKieVGBCZQfcylwO7mOMPaug8f2.jpg,2008-10-10,7.252,6106,"['Drama', 'Thriller', 'War']",15000000,49259766,131,good
159824,tt2510894,Hotel Transylvania 2,They're back to raise a little terror.,"When the old-old-old-fashioned vampire Vlad arrives at the hotel for an impromptu family get-together, Hotel Transylvania is in for a collision of supernatural old-school and modern day cool.",/3nFnrivNgipSKZ8LZJJbRSlAcTR.jpg,/kFPWoBFBkVi3YDG8MyOOTrwGxPF.jpg,2015-09-21,6.8,6091,"['Animation', 'Comedy', 'Family', 'Fantasy']",80000000,473200000,89,good
50546,tt1564367,Just Go with It,"Sometimes you need a girl, to get the girl.","While romancing Palmer, a much younger schoolteacher, plastic surgeon Danny Maccabee enlists his loyal assistant Katherine to pretend to be his soon to be ex-wife, in order to cover up a careless lie. When more lies backfire, Katherine's kids become involved, and everyone heads off for a weekend in Hawaii that will change all their lives.",/3rz7bfGsPGcI6cfY002n9VrUgao.jpg,/xoYEe7RvAHWC59Jbo1tdktB4v2a.jpg,2011-02-10,6.704,6076,"['Comedy', 'Romance']",80000000,214945591,117,good
10198,tt0780521,The Princess and the Frog,Every love story begins with a kiss...,"A waitress, desperate to fulfill her dreams as a restaurant owner, is set on a journey to turn a frog prince back into a human being, but she has to face the same problem after she kisses him.",/v6nAUs62OJ4DXmnnmPFeVmMz8H9.jpg,/y5tad0a4yRbxYgOHGllEIEeCCKt.jpg,2009-12-08,7.214,6066,"['Animation', 'Romance', 'Fantasy', 'Family']",105000000,270997378,98,good
593643,tt9764362,The Menu,Painstakingly prepared. Brilliantly executed.,"A young couple travels to a remote island to eat at an exclusive restaurant where the chef has prepared a lavish menu, with some shocking surprises.",/fPtUgMcLIboqlTlPrq0bQpKK8eq.jpg,/4vSBj7BYsyuKCx96EJzGyp20WfY.jpg,2022-11-17,7.171,6059,"['Comedy', 'Horror']",35000000,79628200,107,good
274857,tt1972591,King Arthur: Legend of the Sword,From nothing comes a King,"When the child Arthur’s father is murdered, Vortigern, Arthur’s uncle, seizes the crown. Robbed of his birthright and with no idea who he truly is, Arthur comes up the hard way in the back alleys of the city. But once he pulls the sword Excalibur from the stone, his life is turned upside down and he is forced to acknowledge his true legacy... whether he likes it or not.",/9kKXH6eJpzoFGhCbTN3FVwSQK3n.jpg,/sVkjgKq8cwKm95LCyfrLldLbQIG.jpg,2017-05-10,6.552,6013,"['Action', 'Drama', 'Fantasy']",175000000,149175066,126,good
82507,tt1922777,Sinister,"Once you see him, nothing can save you.","True-crime writer Ellison Oswalt is in a slump; he hasn't had a best seller in more than 10 years and is becoming increasingly desperate for a hit. So, when he discovers the existence of a snuff film showing the deaths of a family, he vows to solve the mystery. He moves his own family into the victims' home and gets to work. However, when old film footage and other clues hint at the presence of a supernatural force, Ellison learns that living in the house may be fatal.",/nzx10sca3arCeYBAomHan4Q6wa1.jpg,/jovIEk4cAxWmA2dBcPrfhn3jzYN.jpg,2012-03-29,6.873,5979,"['Horror', 'Thriller', 'Mystery']",3000000,82515113,110,good
396422,tt5140878,Annabelle: Creation,You don't know the real story.,"Several years after the tragic death of their little girl, a doll maker and his wife welcome a nun and several girls from a shuttered orphanage into their home, soon becoming the target of the doll maker's possessed creation—Annabelle.",/tb86j8jVCVsdZnzf8I6cIi65IeM.jpg,/o8u0NyEigCEaZHBdCYTRfXR8U4i.jpg,2017-08-03,6.6,5956,['Horror'],15000000,306592201,110,good
9654,tt0317740,The Italian Job,Get in. Get out. Get even.,"Charlie Croker pulled off the crime of a lifetime. The one thing that he didn't plan on was being double-crossed. Along with a drop-dead gorgeous safecracker, Croker and his team take off to re-steal the loot and end up in a pulse-pounding, pedal-to-the-metal chase that careens up, down, above and below the streets of Los Angeles.",/eSkjK4kctyrWpFhxl35GPvSs6tI.jpg,/jPH8ROhZMLvP0owQCE1J6it7fN0.jpg,2003-05-30,6.8,5951,"['Action', 'Crime']",60000000,176070171,110,good
105864,tt1979388,The Good Dinosaur,A single kindness can change everything.,An epic journey into the world of dinosaurs where an Apatosaurus named Arlo makes an unlikely human friend.,/8RSkxOO80btfKjyiC5ZiTaCHIT8.jpg,/cF3H9pyUF6dsvqlYUcH0TyBAMTG.jpg,2015-11-14,6.736,5937,"['Adventure', 'Animation', 'Family']",175000000,332207671,93,good
496,tt0443453,Borat: Cultural Learnings of America for Make Benefit Glorious Nation of Kazakhstan,"Come to Kazakhstan, it's nice!","Kazakh journalist Borat Sagdiyev travels to America to make a documentary. As he zigzags across the nation, Borat meets real people in real situations with hysterical consequences. His backwards behavior generates strong reactions around him exposing prejudices and hypocrisies in American culture.",/kfkyALfD4G1mlBJI1lOt2QCra4i.jpg,/jJYOr36wS1B6EyGjLY17r9kNHHh.jpg,2006-11-01,6.787,5905,['Comedy'],18000000,262552893,84,good
345887,tt3766354,The Equalizer 2,There is no equal.,"Robert McCall, who serves an unflinching justice for the exploited and oppressed, embarks on a relentless, globe-trotting quest for vengeance when his former partner is murdered.",/cQvc9N6JiMVKqol3wcYrGshsIdZ.jpg,/55eNvuXNumZ3oDmtcsJvzGhKyLZ.jpg,2018-07-19,6.783,5906,"['Action', 'Thriller', 'Crime']",62000000,190400157,121,good
375262,tt5083738,The Favourite,,"England, early 18th century. The close relationship between Queen Anne and Sarah Churchill is threatened by the arrival of Sarah's cousin, Abigail Hill, resulting in a bitter rivalry between the two cousins to be the Queen's favourite.",/cwBq0onfmeilU5xgqNNjJAMPfpw.jpg,/iSskYDN193CJfTbSpFfscSwZ9Sx.jpg,2018-11-23,7.5,5880,"['History', 'Comedy', 'Drama']",15000000,95918706,120,good
8961,tt0172156,Bad Boys II,"If you can't stand the heat, get out of Miami.","Detectives Marcus Burnett and Mike Lowrey of the Miami Narcotics Task Force are tasked with stopping the flow of the drug Ecstasy into Miami. They track the drugs to the whacked-out Cuban drug lord Johnny Tapia, who is also involved in a bloody war with Russian and Haitian mobsters. If that isn't bad enough, there's tension between the two detectives when Marcus discovers that playboy Mike is secretly romancing Marcus’ sister, Syd.",/yCvB5fG5aEPqa1St7ihY6KEAsHD.jpg,/gxSVZCUlDd8upT1G2wdrUdz2hxG.jpg,2003-07-18,6.656,5877,"['Action', 'Crime', 'Comedy']",130000000,273339556,146,good
933260,tt17526714,The Substance,Have you ever dreamt of a better version of yourself?,"A fading celebrity decides to use a black market drug, a cell-replicating substance that temporarily creates a younger, better version of herself.",/lqoMzCcZYEFK729d6qzt349fB4o.jpg,/8ODNt5olCeIqBYTP3GgXEQYTfeX.jpg,2024-09-07,7.136,5871,"['Horror', 'Science Fiction', 'Drama']",17500000,77316812,141,good
107985,tt1213663,The World's End,Good food. Fine ales. Total annihilation.,Five friends who reunite in an attempt to top their epic pub crawl from 20 years earlier unwittingly become humankind's only hope for survival.,/kpglnOBYmKn0AkkWDzGxzKHDbds.jpg,/stAPkorBeBkvEZ6DQs30Ke4cPyr.jpg,2013-07-18,6.81,5830,"['Comedy', 'Action', 'Science Fiction']",20000000,46100000,109,good
1635,tt0399201,The Island,Your time will come...,"In 2019, Lincoln Six-Echo is a resident of a seemingly ""Utopian"" but contained facility. Like all of the inhabitants of this carefully-controlled environment, Lincoln hopes to be chosen to go to The Island — reportedly the last uncontaminated location on the planet. But Lincoln soon discovers that everything about his existence is a lie.",/9MaZYEyFmQwNeDTxZGQEN8E0e4p.jpg,/zZZ1FDl5FPClZ9OnMrlaPA4Iuxv.jpg,2005-07-21,6.69,5823,"['Action', 'Thriller', 'Science Fiction', 'Adventure']",126000000,162949164,136,good
675353,tt12412888,Sonic the Hedgehog 2,Welcome to the next level.,"After settling in Green Hills, Sonic is eager to prove he has what it takes to be a true hero. His test comes when Dr. Robotnik returns, this time with a new partner, Knuckles, in search for an emerald that has the power to destroy civilizations. Sonic teams up with his own sidekick, Tails, and together they embark on a globe-trotting journey to find the emerald before it falls into the wrong hands.",/6DrHO1jr3qVrViUO6s6kFiAGM7.jpg,/xuLA0pii2IMJW2puT7EvJtgpg0H.jpg,2022-03-30,7.4,5818,"['Action', 'Adventure', 'Family', 'Comedy']",110000000,405421518,123,good
215,tt0432348,Saw II,Oh yes... There will be blood.,"The chilling and relentless Jigsaw killer returns to terrorize the city once again. When a gruesome murder victim emerges with unmistakable traces of Jigsaw's sinister methods, Detective Eric Matthews is thrust into a high-stakes investigation. To his surprise, apprehending Jigsaw seems almost too easy, but what he doesn't realize is that being caught is merely another piece of Jigsaw's intricate puzzle.",/gTnaTysN8HsvVQqTRUh8m35mmUA.jpg,/1lWeIA03iGXTlDv0yzsN0wUdT9T.jpg,2005-10-28,6.607,5817,['Horror'],4000000,152925093,93,good
2567,tt0338751,The Aviator,Some men dream the future. He built it.,"A biopic depicting the life of filmmaker and aviation pioneer Howard Hughes from 1927 to 1947, during which time he became a successful film producer and an aviation magnate, while simultaneously growing more unstable due to severe obsessive-compulsive disorder.",/lx4kWcZc3o9PaNxlQpEJZM17XUI.jpg,/6KLKdhk9wZvJ6OcTzDCoxup0Kmh.jpg,2004-12-17,7.216,5791,['Drama'],110000000,213719942,170,good
307081,tt1798684,Southpaw,Believe in hope.,"Billy ""The Great"" Hope, the reigning junior middleweight boxing champion, has an impressive career, a loving wife and daughter, and a lavish lifestyle. However, when tragedy strikes, Billy hits rock bottom, losing his family, his house and his manager. He soon finds an unlikely savior in Tick Willis, a former fighter who trains the city's toughest amateur boxers. With his future on the line, Hope fights to reclaim the trust of those he loves the most.",/kSQ49Fi3NVTqGGXILmxV2T2pdkG.jpg,/zT9iYKMtmU82Jo44WbiuMOW7jRi.jpg,2015-07-22,7.362,5769,"['Action', 'Drama']",30000000,91709827,123,good
5876,tt0884328,The Mist,Fear changes everything.,"After a violent storm, a dense cloud of mist envelops a small Maine town, trapping David Drayton and his five-year-old son in a local grocery store with other local residents. They soon discover that the mist conceals deadly horrors that threaten their lives, and worse, their sanity.",/1CvJ6diBACKPVGOpcWuY4XPQdqX.jpg,/76J14zgwVWyOciri7X7F3DGP3TA.jpg,2007-11-21,6.941,5768,"['Horror', 'Science Fiction', 'Thriller']",18000000,57470220,126,good
17578,tt0983193,The Adventures of Tintin,Discover how far adventure will take you.,"Intrepid young reporter, Tintin, and his loyal dog, Snowy, are thrust into a world of high adventure when they discover a ship carrying an explosive secret. As Tintin is drawn into a centuries-old mystery, Ivan Ivanovitch Sakharine suspects him of stealing a priceless treasure. Tintin and Snowy, with the help of salty, cantankerous Captain Haddock and bumbling detectives, Thompson and Thomson, travel half the world, one step ahead of their enemies, as Tintin endeavors to find the Unicorn, a sunken ship that may hold a vast fortune, but also an ancient curse.",/fQZ3sLR1Fi63NMsNRbjm9q5qODJ.jpg,/6mqgl2szMLRYj4lhlXOjju5Tpeo.jpg,2011-10-24,6.919,5764,"['Adventure', 'Animation', 'Mystery']",130000000,373993951,107,good
4108,tt0293662,The Transporter,Rules are made to be broken.,"Former Special Forces officer Frank Martin will deliver anything to anyone for the right price, and his no-questions-asked policy puts him in high demand. But when he realizes his latest cargo is alive, it sets in motion a dangerous chain of events. The bound and gagged Lai is being smuggled to France by a shady American businessman, and Frank works to save her as his own illegal activities are uncovered by a French detective.",/dncJ81z1BahrT3ogLvlxOUC5n4u.jpg,/8dXR9R0NUo4eyS4hnYOsCywmo16.jpg,2002-10-02,6.72,5760,"['Action', 'Crime', 'Thriller']",21000000,43900000,92,good
480530,tt6343314,Creed II,There's more to lose than a title.,"Between personal obligations and training for his next big fight against an opponent with ties to his family's past, Adonis Creed is up against the challenge of his life.",/v3QyboWRoA4O9RbcsqH8tJMe8EB.jpg,/9il7qNbeYnPMYlutsVYDsj4hRyb.jpg,2018-11-21,7.027,5746,"['Drama', 'Action']",50000000,214200000,130,good
508947,tt8097030,Turning Red,Growing up is a beast.,"Thirteen-year-old Mei is experiencing the awkwardness of being a teenager with a twist – when she gets too excited, she transforms into a giant red panda.",/qsdjk9oAKSQMWs0Vt5Pyfh6O4GZ.jpg,/fOy2Jurz9k6RnJnMUMRDAgBwru2.jpg,2022-03-10,7.317,5741,"['Animation', 'Family', 'Comedy', 'Fantasy']",0,21813358,100,good
10009,tt0328880,Brother Bear,"See through another’s eyes, feel through another's heart, and discover the meaning of brotherhood.","When an impulsive boy named Kenai is magically transformed into a bear, he must literally walk in another's footsteps until he learns some valuable life lessons. His courageous and often zany journey introduces him to a forest full of wildlife, including the lovable bear cub Koda, hilarious moose Rutt and Tuke, woolly mammoths and rambunctious rams.",/otptPbEY0vBostmo95xwiiumMJm.jpg,/sZhY0BAsN1bMAPLIqMRqG1fqb3A.jpg,2003-10-23,7.272,5717,"['Adventure', 'Animation', 'Family']",128000000,250397798,85,good
395834,tt5362988,Wind River,Nothing is harder to track than the truth.,An FBI agent teams with the town's veteran game tracker to investigate a murder that occurred on a Native American reservation.,/pySivdR845Hom4u4T2WNkJxe6Ad.jpg,/kQGxGXzYiCumY8kmXXpgbZyZQK8.jpg,2017-08-03,7.4,5715,"['Crime', 'Mystery', 'Drama', 'Thriller']",11000000,44998252,107,good
225574,tt2024469,Non-Stop,The hijacking was just the beginning.,"Bill Marks is a Federal Air Marshall for whom every day is the same until this one. On this plane ride, he starts receiving text messages from someone claiming to be on the flight and threatening to kill passengers. In a race against the clock, he must identify and stop the killer to save everyone on board.",/Nkgaj3X0W2jHQ1TzHEgWFpN3kJ.jpg,/7UOWJEhNbePQeGSaVn9PvcRaujX.jpg,2014-02-26,6.813,5701,"['Action', 'Thriller', 'Mystery']",50000000,222809600,107,good
44264,tt1403865,True Grit,Punishment comes one way or another.,"Following the murder of her father by a hired hand, a 14-year-old farm girl sets out to capture the killer. To aid her, she hires the toughest U.S. Marshal she can find—a man with 'true grit'—Reuben J. 'Rooster' Cogburn.",/tCrB8pcjadZjsDk7rleGJaIv78k.jpg,/5dwlH8Krm2bsuc2Pubw2cBb03g5.jpg,2010-12-22,7.305,5698,"['Drama', 'Adventure', 'Western']",38000000,252300000,110,good
60308,tt1210166,Moneyball,What are you really worth?,"The story of Oakland Athletics general manager Billy Beane's successful attempt to put together a baseball team on a budget, by employing computer-generated analysis to draft his players.",/4yIQq1e6iOcaZ5rLDG3lZBP3j7a.jpg,/uiHHEFQJLP5dnPe84BU4ZB7j5PL.jpg,2011-09-23,7.29,5694,['Drama'],50000000,110206216,134,good
4523,tt0461770,Enchanted,The real world and the animated world collide.,"The beautiful princess Giselle is banished by an evil queen from her magical, musical animated land and finds herself in the gritty reality of the streets of modern-day Manhattan. Shocked by this strange new environment that doesn't operate on a ""happily ever after"" basis, Giselle is now adrift in a chaotic world badly in need of enchantment. But when Giselle begins to fall in love with a charmingly flawed divorce lawyer who has come to her aid - even though she is already promised to a perfect fairy tale prince back home - she has to wonder: Can a storybook view of romance survive in the real world?",/8KCNzCArLlvLdQoHx6npua2VSVc.jpg,/u4UpRDi0w84aNrigr9p049rMHiy.jpg,2007-11-20,6.84,5671,"['Comedy', 'Family', 'Fantasy', 'Romance']",85000000,340487652,107,good
76726,tt1706593,Chronicle,What are you capable of?,"Three high school students make an incredible discovery, leading to their developing uncanny powers beyond their understanding. As they learn to control their abilities and use them to their advantage, their lives start to spin out of control, and their darker sides begin to take over.",/kdyrdFIt29FUmLIKvedAc2j4rpo.jpg,/rgNzvSagnlc32TuMEBa529QFIig.jpg,2012-02-01,6.845,5666,"['Science Fiction', 'Drama', 'Thriller']",15000000,145000000,84,good
369972,tt1213641,First Man,One giant leap into the unknown.,"A look at the life of the astronaut, Neil Armstrong, and the legendary space mission that led him to become the first man to walk on the Moon on July 20, 1969.",/i91mfvFcPPlaegcbOyjGgiWfZzh.jpg,/jrudoaXcoLyHRPdolyOGemXgPEs.jpg,2018-10-10,7.041,5618,"['History', 'Drama']",70000000,105713218,141,good
22803,tt1197624,Law Abiding Citizen,Justice at any cost.,A frustrated man decides to take justice into his own hands after a plea bargain sets one of his family's killers free. He targets not only the killer but also the district attorney and others involved in the deal.,/fcEXcip7v0O1ndV4VUdFqJSqbOg.jpg,/gqsc9YZR96F1yf0Jtli9K2Jp0t2.jpg,2009-10-15,7.4,5610,"['Drama', 'Crime', 'Thriller']",53000000,127900000,109,good
21208,tt1148204,Orphan,There's something wrong with Esther.,"After losing their baby, a married couple adopt 9-year old Esther, who may not be as innocent as she seems.",/lCGpOgoTOGLtZnBiGY9HRg5Xnjd.jpg,/z7tBFs4Jw4T1TcT3VROsOoIIaiE.jpg,2009-07-24,6.99,5610,"['Horror', 'Thriller']",20000000,77912251,123,good
9509,tt0328107,Man on Fire,"Creasy's art is death, and he is about to paint his masterpiece.","Jaded ex-CIA operative John Creasy reluctantly accepts a job as the bodyguard for a 10-year-old girl in Mexico City. They clash at first, but eventually bond, and when she's kidnapped he's consumed by fury and will stop at nothing to save her life.",/grCGLCcTHv9TChibzOwzUpykcjB.jpg,/6c7j7MQCczzNVvcrNEiXbs8Kt2p.jpg,2004-04-23,7.5,5602,"['Action', 'Drama', 'Thriller']",70000000,130300000,146,good
1581,tt0457939,The Holiday,It's Christmas Eve and we are going to go celebrate being young and being alive.,"Two women, one American and one British, swap homes at Christmastime following bad breakups. Each woman finds romance with a local man but realizes that the imminent return home may end the relationship.",/n26GUumac5MrzpJiv0DPI7MMIUJ.jpg,/pvVpR8lPRAPbeVU6hqJwD4r9roo.jpg,2006-12-05,7.098,5595,"['Comedy', 'Romance']",85000000,205233866,136,good
1991,tt1028528,Death Proof,A crash course in revenge.,"Austin's hottest DJ, Jungle Julia, sets out into the night to unwind with her two friends Shanna and Arlene. Covertly tracking their moves is Stuntman Mike, a scarred rebel leering from behind the wheel of his muscle car, revving just feet away.",/vtu6H4NWnQVqEp3aanUq3hNeeot.jpg,/qbVCChwbGWDAgsCXKZxyjBrRiWx.jpg,2007-05-22,6.84,5577,"['Action', 'Thriller']",25000000,31126421,113,good
23168,tt0840361,The Town,Welcome to the bank robbery capital of America.,"Doug MacRay is a longtime thief, who, smarter than the rest of his crew, is looking for his chance to exit the game. When a bank job leads to the group kidnapping an attractive branch manager, he takes on the role of monitoring her – but their burgeoning relationship threatens to unveil the identities of Doug and his crew to the FBI Agent who is on their case.",/3NIzyXkfylsjflRKSz8Fts3lXzm.jpg,/owAe5rRStnX7ibVAPmza3NCXjCy.jpg,2010-09-15,7.218,5573,"['Crime', 'Drama', 'Thriller']",37000000,154026136,125,good
559969,tt9243946,El Camino: A Breaking Bad Movie,,"In the wake of his dramatic escape from captivity, Jesse Pinkman must come to terms with his past in order to forge some kind of future.",/ePXuKdXZuJx8hHMNr2yM4jY2L7Z.jpg,/uLXK1LQM28XovWHPao3ViTeggXA.jpg,2019-10-11,7.047,5565,"['Crime', 'Drama', 'Thriller']",0,0,123,good
11253,tt0411477,Hellboy II: The Golden Army,Believe it or not... He's the good guy.,"Hellboy, his pyrokinetic girlfriend, Liz, and aquatic empath, Abe Sapien, face their biggest battle when an underworld elven prince plans to reclaim Earth for his magical kindred. Tired of living in the shadow of humans, Prince Nuada tries to awaken an ancient force of killing machines, the all-powerful Golden Army, to clear the way for fantasy creatures to roam free. Only Hellboy can stop the dark prince and prevent humanity's annihilation.",/zO0Wdrxnhx3KoJEvychSmnY3urC.jpg,/gqQKxYVIaYv53Qoy72nQqQxdXYF.jpg,2008-07-11,6.768,5562,"['Fantasy', 'Action']",85000000,160388063,120,good
82695,tt1707386,Les Misérables,Fight. Dream. Hope. Love.,"An adaptation of the successful stage musical based on Victor Hugo's classic novel set in 19th-century France. Jean Valjean, a man imprisoned for stealing bread, must flee a relentless policeman named Javert. The pursuit consumes both men's lives, and soon Valjean finds himself in the midst of the student revolutions in France.",/6CuzBs2Lb8At7qQr64mLXg2RYRb.jpg,/jd3Z2sAPDavjRxFhfOak6kCrUIG.jpg,2012-12-18,7.308,5547,"['History', 'Drama']",61000000,442636309,158,good
43347,tt0758752,Love & Other Drugs,Addicted to one-night stands or dependent on one another?,"Maggie is an alluring free spirit who won't let anyone – or anything – tie her down. But she meets her match in Jamie, whose relentless and nearly infallible charm serves him well with the ladies and the cutthroat world of pharmaceutical sales. Maggie and Jamie's evolving relationship takes them both by surprise, as they find themselves under the influence of the ultimate drug: love.",/wZLM2uKJRYNchLmiCIjosX0rXy8.jpg,/fGBJEfGjHmhg7nLAT0Jkcv9qV5e.jpg,2010-11-22,7.0,5546,"['Drama', 'Comedy', 'Romance']",30000000,102800000,112,good
107846,tt1211956,Escape Plan,No one breaks out alone.,"Ray Breslin is the world's foremost authority on structural security. After analyzing every high security prison and learning a vast array of survival skills so he can design escape-proof prisons, his skills are put to the test. He's framed and incarcerated in a master prison he designed himself. He needs to escape and find the person who put him behind bars.",/qOZPLflxDqKogu9v9hYw3lolxGs.jpg,/ix9WYBqQ2xSZCgyeQ1vVdrbaFa4.jpg,2013-10-09,6.721,5541,"['Action', 'Thriller']",50000000,137328301,115,good
345920,tt4682786,Collateral Beauty,We are all connected,"Retreating from life after a tragedy, a man questions the universe by writing to Love, Time and Death. Receiving unexpected answers, he begins to see how these things interlock and how even loss can reveal moments of meaning and beauty.",/4vfqosgik5pLb32RpskYifp8PWJ.jpg,/iovi35nPfjbYTw2gRo7uImWblRU.jpg,2016-12-15,7.219,5538,"['Drama', 'Romance']",36000000,88528280,97,good
10096,tt0337563,13 Going on 30,"For some, 13 feels like it was just yesterday. For Jenna, it was.","After total humiliation at her thirteenth birthday party, Jenna Rink wants to just hide until she's thirty. Thanks to some magic wishing dust, Jenna's prayer has been answered. With a knockout body, a fabulous wardrobe, an athlete boyfriend, a dream job, and superstar friends, this can't be a better life. But soon Jenna realizes that adult life isn’t as easy as she hoped for.",/iNZdSIfhSCMtRILDNyhLn8UKeSG.jpg,/gBwujuep3xyjkPVbcLfhZ9sOHLP.jpg,2004-04-13,6.8,5498,"['Comedy', 'Fantasy', 'Romance']",37000000,96458118,98,good
254470,tt2848292,Pitch Perfect 2,We're back pitches,"The Bellas are back, and they are better than ever. After being humiliated in front of none other than the President of the United States of America, the Bellas are taken out of the Aca-Circuit. In order to clear their name, and regain their status, the Bellas take on a seemingly impossible task: winning an international competition no American team has ever won. In order to accomplish this monumental task, they need to strengthen the bonds of friendship and sisterhood and blow away the competition with their amazing aca-magic! With all new friends and old rivals tagging along for the trip, the Bellas can hopefully accomplish their dreams.",/oFBQUufCV4c8WZoNhtGM17p884H.jpg,/bWOfRV1Ubk9SWEDZDDjsmIUCcbZ.jpg,2015-05-07,6.8,5497,"['Comedy', 'Music']",29000000,287144079,115,good
399404,tt4555426,Darkest Hour,Never give up. Never give in.,"In May 1940, the fate of World War II hangs on Winston Churchill, who must decide whether to negotiate with Adolf Hitler or fight on knowing that it could mean the end of the British Empire.",/xa6G3aKlysQeVg9wOb0dRcIGlWu.jpg,/6prkTmEEsB3f9hhKBzUePLe27b2.jpg,2017-11-22,7.356,5488,"['Drama', 'History']",30000000,150847207,125,good
503919,tt7984734,The Lighthouse,There is enchantment in the light.,Two lighthouse keepers try to maintain their sanity while living on a remote and mysterious New England island in the 1890s.,/f1tIYarTbkBdIT1aW0gzelDwknv.jpg,/sYLzRuEcwSz0L1Z92wQNrETHU9O.jpg,2019-10-18,7.477,5487,"['Drama', 'Fantasy', 'Thriller']",11000000,18262464,109,good
49049,tt1343727,Dredd,Judgement is coming.,"In the future, America is a dystopian wasteland. The latest scourge is Ma-Ma, a prostitute-turned-drug pusher with a dangerous new drug and aims to take over the city. The only possibility of stopping her is an elite group of urban police called Judges, who combine the duties of judge, jury and executioner to deliver a brutal brand of swift justice. But even the top-ranking Judge, Dredd, discovers that taking down Ma-Ma isn’t as easy as it seems in this explosive adaptation of the hugely popular comic series.",/wLx65gtGVnUFCxceHWGszcruCZj.jpg,/jUqDBi02CDjqrroC3Zl8hroBbSr.jpg,2012-09-07,6.9,5477,"['Action', 'Science Fiction']",50000000,41037742,96,good
85350,tt1065073,Boyhood,12 years in the making.,"The film tells a story of a divorced couple trying to raise their young son. The story follows the boy for twelve years, from first grade at age 6 through 12th grade at age 17-18, and examines his relationship with his parents as he grows.",/2BvtvDUyxiMJ4dmKfiQf4qdOHQN.jpg,/qRwkMMZhQRKM4uDaXpd2XbZZmkE.jpg,2014-06-05,7.492,5475,['Drama'],4000000,48137666,165,good
1562,tt0463854,28 Weeks Later,When days turn to weeks...,"Twenty-eight weeks after the spread of a deadly rage virus, the inhabitants of the British Isles have lost their battle against the onslaught, as the virus has killed everyone there. Six months later, a group of Americans dare to set foot on the Isles, convinced the danger has passed. But it soon becomes all too clear that the scourge continues to live, waiting to pounce on its next victims.",/oix0aNv1lvW3nUGspUyvSIBlpbs.jpg,/83ownpZPvBHJD5UVNShzQfa3LaW.jpg,2007-04-26,6.605,5474,"['Horror', 'Thriller', 'Science Fiction']",15000000,72304846,99,good
634,tt0243155,Bridget Jones's Diary,All women keep score... Only the great ones put it in writing.,"Bridget Jones is an average woman struggling against expectations. As a New Year's resolution, Bridget decides to take control of her life, starting by keeping a diary in which she will always tell the complete truth. Her charming boss takes an interest in her, and she cannot stop running into a rather disagreeable acquaintance whom Bridget cannot help finding quietly attractive.",/dkauRl9TosBFikftrC3OVcKWDoz.jpg,/9rSpxsMhG1FnFtUDdvSAXdtLtb3.jpg,2001-04-13,6.7,5454,"['Comedy', 'Romance', 'Drama']",25000000,281929795,97,good
613504,tt10362466,After We Collided,Can love overcome the past?,Tessa finds herself struggling with her complicated relationship with Hardin; she faces a dilemma that could change their lives forever.,/kiX7UYfOpYrMFSAGbI6j1pFkLzQ.jpg,/6hgItrYQEG33y0I7yP2SRl2ei4w.jpg,2020-09-02,7.156,5451,"['Drama', 'Romance']",14000000,47990414,105,good
308266,tt2005151,War Dogs,An American dream,"Based on the true story of two young men, David Packouz and Efraim Diveroli, who won a $300 million contract from the Pentagon to arm America's allies in Afghanistan.",/mDcPRjZC1bb6LavFU3gwsWdVfCM.jpg,/oNoprEND25zXR6Fns8cIZUkuoMc.jpg,2016-08-18,6.939,5426,"['Comedy', 'Crime', 'Drama']",50000000,86234523,114,good
7485,tt0822854,Shooter,Yesterday was about honor. Today is about justice.,"A top Marine sniper, Bob Lee Swagger, leaves the military after a mission goes horribly awry and disappears, living in seclusion. He is coaxed back into service after a high-profile government official convinces him to help thwart a plot to kill the President of the United States. Ultimately double-crossed and framed for the attempt, Swagger becomes the target of a nationwide manhunt. He goes on the run to track the real killer and find out who exactly set him up, and why, eventually seeking revenge against some of the most powerful and corrupt leaders in the free world.",/2aWGxo1E5polpBjPvtBRkWp7qaS.jpg,/uy2trYgO8MOQfQXlvMaLhBnkUqg.jpg,2007-03-22,7.116,5387,"['Drama', 'Action', 'Thriller']",61000000,95700000,124,good
7443,tt0120630,Chicken Run,There's nothing more determined than poultry with a plan.,"The creators of Wallace & Gromit bring you an exciting and original story about a group of chickens determined to fly the coop–even if they can’t fly! It’s hardly poultry in motion when Rocky attempts to teach Ginger and her feathered friends to fly…but, with teamwork, determination and a little bit o’ cluck, the fearless flock plots one last attempt in a spectacular bid for freedom.",/8XgmIsbpVamdhwcNVsYzohFZTtT.jpg,/3eYkMSjWbvTaZso7ow5ub9ikNNq.jpg,2000-06-23,6.838,5374,"['Animation', 'Comedy', 'Family']",45000000,224834564,84,good
324849,tt4116284,The Lego Batman Movie,Always be yourself... unless you can be Batman.,"A cooler-than-ever Bruce Wayne must deal with the usual suspects as they plan to rule Gotham City, while discovering that he has accidentally adopted a teenage orphan who wishes to become his sidekick.",/snGwr2gag4Fcgx2OGmH9otl6ofW.jpg,/eoMushgujydxFplE9yPZ54lwOvo.jpg,2017-02-08,7.237,5359,"['Animation', 'Action', 'Comedy', 'Family']",80000000,311950384,104,good
4547,tt0258000,Panic Room,It was supposed to be the safest room in the house.,"Trapped in their New York brownstone's panic room, a hidden chamber built as a sanctuary in the event of break-ins, newly divorced Meg Altman and her young daughter Sarah play a deadly game of cat-and-mouse with three intruders - Burnham, Raoul and Junior - during a brutal home invasion. But the room itself is the focal point because what the intruders really want is inside it.",/hANYbvfwxmkC9E4yY6YyJxYxlSJ.jpg,/9G5bteYI8FXaY9EomnUP0kdHm66.jpg,2002-03-29,6.79,5358,"['Crime', 'Drama', 'Thriller']",48000000,197100000,111,good
310307,tt4276820,The Founder,He took someone else's idea and America ate it up.,"The true story of how Ray Kroc, a salesman from Illinois, met Mac and Dick McDonald, who were running a burger operation in 1950s Southern California. Kroc was impressed by the brothers’ speedy system of making the food and saw franchise potential. He maneuvered himself into a position to be able to pull the company from the brothers and create a billion-dollar empire.",/8gLIksu5ggdfBL1UbeTeonHquxl.jpg,/5WparwIlAtSZW0tcWbK2NHEZJC6.jpg,2016-11-24,7.141,5352,"['Drama', 'History']",15000000,24121245,115,good
504172,tt7959026,The Mule,Nobody runs forever,"Earl Stone, a man in his eighties, is broke, alone, and facing foreclosure of his business when he is offered a job that simply requires him to drive. Easy enough, but, unbeknownst to Earl, he's just signed on as a drug courier for a Mexican cartel. He does so well that his cargo increases exponentially, and Earl hit the radar of hard-charging DEA agent Colin Bates.",/oeZh7yEz3PMnZLgBPhrafFHRbVz.jpg,/h51DdjaDD2aPu1fLHsmpJaaJinS.jpg,2018-12-14,6.864,5322,"['Crime', 'Drama']",50000000,174800000,116,good
473033,tt5727208,Uncut Gems,This is how I win.,"A charismatic New York City jeweler always on the lookout for the next big score makes a series of high-stakes bets that could lead to the windfall of a lifetime. Howard must perform a precarious high-wire act, balancing business, family, and encroaching adversaries on all sides in his relentless pursuit of the ultimate win.",/6XN1vxHc7kUSqNWtaQKN45J5x2v.jpg,/eGljNfNCrPhFYG2RXXmmE0OKu5.jpg,2019-08-30,7.161,5319,"['Drama', 'Thriller', 'Crime']",19000000,50023780,136,good
1491,tt0443543,The Illusionist,Nothing is what it seems,"With his eye on a lovely aristocrat, a gifted illusionist named Eisenheim uses his powers to win her away from her betrothed, a crown prince. But Eisenheim's scheme creates tumult within the monarchy and ignites the suspicion of a dogged inspector.",/1O9jUvqkHaGBMVRyOJz1AlkmALW.jpg,/8ScGUtKTupr5rVLiXRmffjKMRhH.jpg,2006-08-18,7.297,5272,"['Fantasy', 'Drama', 'Thriller', 'Romance']",16500000,87892388,110,good
1830,tt0399295,Lord of War,"Where there's a will, there's a weapon.","Yuri Orlov is a globetrotting arms dealer and, through some of the deadliest war zones, he struggles to stay one step ahead of a relentless Interpol agent, his business rivals and even some of his customers who include many of the world's most notorious dictators. Finally, he must also face his own conscience.",/3MGQD4yXokufNlW1AyRXdiy7ytP.jpg,/nkC2qbZooCzb0koMq03MuQ1YqKo.jpg,2005-09-16,7.343,5270,"['Crime', 'Drama', 'Thriller']",50000000,72600000,122,good
567609,tt7798634,Ready or Not,A killer game of hide and seek.,A young bride's wedding night turns into her worst nightmare when her ridiculously rich in-laws force her to play a gruesome game of hide-and-seek.,/oJD9KQFoObZmxAS1je56SIFVNJt.jpg,/oJ1MIABA0WF0a7MDVQnnMvBdex8.jpg,2019-08-21,7.05,5257,"['Horror', 'Comedy']",6000000,57615777,95,good
11774,tt0339291,Lemony Snicket's A Series of Unfortunate Events,Mishaps. Misadventures. Mayhem. Oh joy.,"Three wealthy children's parents are killed in a fire. When they are sent to a distant relative, they find out that he is plotting to kill them and seize their fortune.",/76Xi8z7Whv5WFIdfzzvC5tKSicd.jpg,/i0M3a8Z2hfj5Oj4msArajhLjGvV.jpg,2004-12-16,6.8,5253,"['Adventure', 'Comedy', 'Family']",140000000,209073645,108,good
320,tt0278504,Insomnia,A tough cop. A brilliant killer. An unspeakable crime.,Two Los Angeles homicide detectives are dispatched to a northern town where the sun doesn't set to investigate the methodical murder of a local teen.,/riVXh3EimGO0y5dgQxEWPRy5Itg.jpg,/jU8MC5uSgBkZXyZYGtZgMsMsfeN.jpg,2002-05-24,7.0,5238,"['Thriller', 'Crime', 'Drama']",46000000,113714830,118,good
9880,tt0247638,The Princess Diaries,She rocks. She rules. She reigns.,"A socially awkward but very bright 15-year-old girl being raised by a single mom discovers that she is the princess of a small European country because of the recent death of her long-absent father, who, unknown to her, was the crown prince of Genovia. She must make a choice between continuing the life of a San Francisco teen or stepping up to the throne.",/qSw4lzhDGeM5MjQc86BLzJALhBs.jpg,/d44RH1S9h1iQfhwsX9IX4zxhzjQ.jpg,2001-08-03,7.0,5234,"['Comedy', 'Family', 'Romance']",37000000,165335153,115,good
7551,tt0453467,Déjà Vu,Déjà vu is thought to be a trick of the mind... but what if it's not?,"Called in to recover evidence in the aftermath of a horrific explosion on a New Orleans ferry, Federal agent Doug Carlin gets pulled away from the scene and taken to a top-secret government lab that uses a time-shifting surveillance device to help prevent crime.",/eTX6hklzFOiEVqVukNCEedZKhix.jpg,/mhi2fRCbEXtN43FNiq45WQg0DFe.jpg,2006-11-22,6.878,5226,"['Action', 'Thriller', 'Science Fiction']",75000000,180557550,126,good
667538,tt5090568,Transformers: Rise of the Beasts,Unite or fall.,"When a new threat capable of destroying the entire planet emerges, Optimus Prime and the Autobots must team up with a powerful faction known as the Maximals. With the fate of humanity hanging in the balance, humans Noah and Elena will do whatever it takes to help the Transformers as they engage in the ultimate battle to save Earth.",/gPbM0MK8CP8A174rmUwGsADNYKD.jpg,/2vFuG6bWGyQUzYS9d69E5l85nIz.jpg,2023-06-06,7.175,5222,"['Science Fiction', 'Adventure', 'Action']",195000000,441381193,127,good
338762,tt1634106,Bloodshot,Being a superhero is in his blood.,"After he and his wife are murdered, marine Ray Garrison is resurrected by a team of scientists. Enhanced with nanotechnology, he becomes a superhuman, biotech killing machine—'Bloodshot'. As Ray first trains with fellow super-soldiers, he cannot recall anything from his former life. But when his memories flood back and he remembers the man that killed both him and his wife, he breaks out of the facility to get revenge, only to discover that there's more to the conspiracy than he thought.",/8WUVHemHFH2ZIP6NWkwlHWsyrEL.jpg,/zlqMASc3vEtdym2OvXgE7fC6onT.jpg,2020-03-05,6.68,5218,"['Action', 'Science Fiction', 'Adventure']",42000000,39861118,110,good
201085,tt2554274,Crimson Peak,Love makes monsters of us all.,"In the aftermath of a family tragedy, an aspiring author is torn between love for her childhood friend and the temptation of a mysterious outsider. Trying to escape the ghosts of her past, she is swept away to a house that breathes, bleeds… and remembers.",/f9TOb5anVwZeSbYjU1qNxPk3KUk.jpg,/nQQIUwEEqa6sjPvnqcGbjJxbdit.jpg,2015-10-13,6.661,5211,"['Horror', 'Mystery', 'Romance']",55000000,74700000,119,good
524047,tt7737786,Greenland,It's the end of the world as we know it.,"John Garrity, his estranged wife and their young son embark on a perilous journey to find sanctuary as a planet-killing comet hurtles toward Earth. Amid terrifying accounts of cities getting levelled, the Garritys experience the best and worst in humanity. As the countdown to the global apocalypse approaches zero, their incredible trek culminates in a desperate and last-minute flight to a possible safe haven.",/bNo2mcvSwIvnx8K6y1euAc1TLVq.jpg,/uorMP2U1F0AfogYMz4lYu2EbgYo.jpg,2020-07-29,7.1,5208,"['Action', 'Adventure', 'Thriller', 'Science Fiction']",34000000,52300000,120,good
253412,tt2719848,Everest,The storm awaits.,"Inspired by the incredible events surrounding a treacherous attempt to reach the summit of the world's highest mountain, ""Everest"" documents the awe-inspiring journey of two different expeditions challenged beyond their limits by one of the fiercest snowstorms ever encountered by mankind. Their mettle tested by the harshest of elements found on the planet, the climbers will face nearly impossible obstacles as a lifelong obsession becomes a breathtaking struggle for survival.",/2jKOu2bjpLP6NXJcm7Ep14bDGtA.jpg,/P7d3lyBaYbAXVor6iB2avLvc4K.jpg,2015-09-10,6.828,5189,"['Adventure', 'Drama', 'History']",55000000,203427584,121,good
4944,tt0887883,Burn After Reading,Intelligence is relative.,"When a disc containing memoirs of a former CIA analyst falls into the hands of gym employees, Linda and Chad, they see a chance to make enough money for Linda to have life-changing cosmetic surgery. Predictably, events whirl out of control for the duo, and those in their orbit.",/jdwSkQu3XirmX18MNj8CqFWsCk.jpg,/822jGg3YQEZ38hFV1JVfUjmj4mz.jpg,2008-09-05,6.674,5176,"['Comedy', 'Drama']",37000000,163700000,96,good
1265,tt0398808,Bridge to Terabithia,"Discover a place that will never leave you, and a friendship that will change you forever.","Jesse Aarons trained all summer to become the fastest runner in school. So he's very upset when newcomer Leslie Burke outruns him and everyone else. Despite this and other differences including that she's rich, he's poor, she's a city girl, and he's a country boy the two become fast friends. Together they create Terabithia, a land of monsters, trolls, ogres, and giants where they rule as king and queen.",/3xFxGodKPMFLheS8rujFSmLfcq4.jpg,/tH2SoOS2HqOJCOImbeGkmKSdCMz.jpg,2007-02-15,7.307,5168,"['Adventure', 'Drama', 'Family']",60000000,137587063,95,good
97367,tt1817273,The Place Beyond the Pines,One moment can change your life.,"A motorcycle stunt rider considers committing a crime in order to provide for his wife and child, an act that puts him on a collision course with a cop-turned-politician.",/vY5j2xQzMGWmxBuhQo0HfA4Lxqb.jpg,/qCsaZ2GoaCn5vmOUD9kCsyabr9o.jpg,2013-03-20,6.984,5152,"['Drama', 'Crime']",15000000,47135966,140,good
36586,tt0187738,Blade II,Faster. Sharper. Deadlier.,"Blade forms an uneasy alliance with the vampire council in order to combat the Reapers, who are feeding on vampires.",/yDHwo3eWcMiy5LnnEnlGV9iLu9k.jpg,/86b0NGY1i0bt3ckhkcHxiCSMxk1.jpg,2002-03-22,6.6,5150,"['Fantasy', 'Horror', 'Action', 'Thriller']",54000000,155010032,117,good
9740,tt0212985,Hannibal,His genius undeniable. His evil unspeakable. His name...Hannibal.,"After having successfully eluded the authorities for years, Hannibal peacefully lives in Italy in disguise as an art scholar. Trouble strikes again when he's discovered leaving a deserving few dead in the process. He returns to America to make contact with now disgraced Agent Clarice Starling, who is suffering the wrath of a malicious FBI rival as well as the media.",/v5wAZwRqpGWmyAaaJ8BBHYuNXnj.jpg,/1eMvglbY3wpl4nl09eYLtfstV2I.jpg,2001-02-08,6.774,5149,"['Crime', 'Drama', 'Thriller']",87000000,351692268,131,good
10865,tt0230011,Atlantis: The Lost Empire,Unlock the secret to the greatest mystery the world has ever known.,A young linguist named Milo Thatch joins an intrepid group of explorers to find the mysterious lost continent of Atlantis.,/rdCyK9hgoA2vYrLtVFpDc3KWBaC.jpg,/4eTiLRTYwAVQyQAjuFuf3BXAony.jpg,2001-06-02,7.037,5098,"['Animation', 'Family', 'Adventure', 'Science Fiction']",120000000,186053725,95,good
425909,tt4513678,Ghostbusters: Afterlife,Discover the past. Save the future.,"When single mom Callie and her two kids Trevor and Phoebe arrive in a small Oklahoma town, they begin to discover their connection to the original Ghostbusters and the secret legacy their grandfather left behind.",/sg4xJaufDiQl7caFEskBtQXfD4x.jpg,/EnDlndEvw6Ptpp8HIwmRcSSNKQ.jpg,2021-11-18,7.325,5096,"['Fantasy', 'Comedy', 'Adventure']",75000000,204445747,124,good
338953,tt4123432,Fantastic Beasts: The Secrets of Dumbledore,Return to the magic.,"Professor Albus Dumbledore knows the powerful, dark wizard Gellert Grindelwald is moving to seize control of the wizarding world. Unable to stop him alone, he entrusts magizoologist Newt Scamander to lead an intrepid team of wizards and witches. They soon encounter an array of old and new beasts as they clash with Grindelwald's growing legion of followers.",/3c5GNLB4yRSLBby0trHoA1DSQxQ.jpg,/zGLHX92Gk96O1DJvLil7ObJTbaL.jpg,2022-04-06,6.627,5045,"['Fantasy', 'Adventure']",200000000,407200000,142,good
575264,tt9603212,Mission: Impossible - Dead Reckoning Part One,We all share the same fate.,"Ethan Hunt and his IMF team embark on their most dangerous mission yet: To track down a terrifying new weapon that threatens all of humanity before it falls into the wrong hands. With control of the future and the world's fate at stake and dark forces from Ethan's past closing in, a deadly race around the globe begins. Confronted by a mysterious, all-powerful enemy, Ethan must consider that nothing can matter more than his mission—not even the lives of those he cares about most.",/NNxYkU70HPurnNCSiCjYAmacwm.jpg,/628Dep6AxEtDxjZoGP78TsOxYbK.jpg,2023-07-08,7.5,5040,"['Action', 'Thriller', 'Adventure']",220000000,571125435,164,good
424139,tt1502407,Halloween,You don't believe in the Boogeyman? You should.,"Laurie Strode comes to her final confrontation with Michael Myers, the masked figure who has haunted her since she narrowly escaped his killing spree on Halloween night four decades ago.",/f7JAX5EGk4GgsEnus6OxyzwpFp7.jpg,/8VjIXC2x8SHwAO52rfFpejKL4wc.jpg,2018-10-18,6.6,5025,"['Horror', 'Thriller']",10000000,259939869,106,good
522681,tt5886046,Escape Room,Find the clues or die.,"Six strangers find themselves in circumstances beyond their control, and must use their wits to survive.",/8Ls1tZ6qjGzfGHjBB7ihOnf7f0b.jpg,/mWLljCmpqlcYQh7uh51BBMwCZwN.jpg,2019-01-03,6.542,5017,"['Horror', 'Thriller', 'Mystery']",9000000,155712077,99,good
476669,tt6856242,The King's Man,Witness the bloody origin.,"As a collection of history's worst tyrants and criminal masterminds gather to plot a war to wipe out millions, one man must race against time to stop them.",/iMjSfMUuCkCE7z5fzGtjeDusPD3.jpg,/oQPbZ5e6J9fuAyv4Gl0mMZMIyPI.jpg,2021-12-22,6.712,5007,"['Action', 'Adventure', 'Thriller']",100000000,125897478,131,good
8065,tt0478087,21,They proved the Vegas Blackjack System was beatable...by beating the hell out of it.,"Ben Campbell is a young, highly intelligent student at M.I.T. who strives to succeed. Wanting a scholarship to transfer to Harvard School of Medicine to become a doctor, Ben learns that he cannot afford the $300,000 tuition as he comes from a poor, working-class background. But one evening, Ben is introduced by his unorthodox math professor to a small but secretive club of five students, Jill, Choi, Kianna, and Fisher, who are being trained by Professor Rosa to count cards at blackjack.",/efG8Po57alqSlhqHU1lXJ3duG6t.jpg,/u6OCGwhSWhfQX1LZ4NTq0bfcWxs.jpg,2008-03-27,6.689,4996,"['Drama', 'Crime']",35000000,159808370,123,good
9428,tt0265666,The Royal Tenenbaums,You are invited to a remarkable family gathering.,"Royal Tenenbaum and his wife Etheline had three children and then they separated. All three children are extraordinary --- all geniuses. Virtually all memory of the brilliance of the young Tenenbaums was subsequently erased by two decades of betrayal, failure, and disaster. Most of this was generally considered to be their father's fault. ""The Royal Tenenbaums"" is the story of the family's sudden, unexpected reunion one recent winter.",/nG7hZJn7wQTSDCQT39Gy3s3tbrp.jpg,/cbuX448RKetr5Y5cZkmJEfu3xji.jpg,2001-10-05,7.457,4972,"['Comedy', 'Drama']",21000000,71441250,110,good
639933,tt11138512,The Northman,Conquer your fate.,"Prince Amleth is on the verge of becoming a man when his father is brutally murdered by his uncle, who kidnaps the boy's mother. Two decades later, Amleth is now a Viking who's on a mission to save his mother, kill his uncle and avenge his father.",/aSSJMnHknzKjlZ6zybwD7eyJ4Po.jpg,/fMiEp00v8gGWEceL4QeLu6H6z69.jpg,2022-04-07,7.033,4966,"['Action', 'Adventure', 'Fantasy']",70000000,69633110,137,good
7299,tt0238380,Equilibrium,"In a future where freedom is outlawed, outlaws will become heroes.","In a dystopian future, a totalitarian regime maintains peace by subduing the populace with a drug, and displays of emotion are punishable by death. A man in charge of enforcing the law rises to overthrow the system.",/yQuovle5Ov6q69XSdTNdH52eANc.jpg,/mBdZvD8jCDXDHmtVDLOJeAErxVw.jpg,2002-12-06,7.044,4961,"['Action', 'Science Fiction', 'Thriller']",20000000,5400000,107,good
109428,tt1288558,Evil Dead,Fear what you will become.,"Mia, a drug addict, is determined to kick the habit. To that end, she asks her brother, David, his girlfriend, Natalie and their friends Olivia and Eric to accompany her to their family's remote forest cabin to help her through withdrawal. Eric finds a mysterious Book of the Dead at the cabin and reads aloud from it, awakening an ancient demon. All hell breaks loose when the malevolent entity possesses Mia.",/1gDV0Lm9y8ufIKzyf0h0GBgb9Zj.jpg,/6RDgtEBzjuF7W25DVziXRABchpX.jpg,2013-04-05,6.588,4959,['Horror'],17000000,99010045,91,good
507089,tt4589218,Five Nights at Freddy's,Can you survive five nights?,"Recently fired and desperate for work, a troubled young man named Mike agrees to take a position as a night security guard at an abandoned theme restaurant: Freddy Fazbear's Pizzeria. But he soon discovers that nothing at Freddy's is what it seems.",/7BpNtNfxuocYEVREzVMO75hso1l.jpg,/7NRGAtu8E4343NSKwhkgmVRDINw.jpg,2023-10-25,7.331,4955,"['Horror', 'Thriller']",20000000,297242145,110,good
1427,tt0396171,Perfume: The Story of a Murderer,Obsession can cause the unthinkable.,"Jean-Baptiste Grenouille, born in the stench of 18th century Paris, develops a superior olfactory sense, which he uses to create the world's finest perfumes. However, his work takes a dark turn as he tries to preserve scents in the search for the ultimate perfume.",/2wrFrUej8ri5EpjgIkjKTAnr686.jpg,/kvdy0Ijjo2r9qsnWV4Dzx07qwnc.jpg,2006-09-13,7.4,4951,"['Crime', 'Fantasy', 'Drama']",63700000,135039924,147,good
504608,tt2066051,Rocketman,Based on a true fantasy,"The story of Elton John's life, from his years as a prodigy at the Royal Academy of Music through his influential and enduring musical partnership with Bernie Taupin.",/f4FF18ia7yTvHf2izNrHqBmgH8U.jpg,/isnJGDrfR9dIrHMsPTvHtJaGEpc.jpg,2019-05-17,7.308,4946,"['Music', 'Drama']",40000000,167300000,121,good
337170,tt3532216,American Made,It's not a felony if you're doing it for the good guys.,"The true story of pilot Barry Seal, who transported contraband for the CIA and the Medellin cartel in the 1980s.",/23ILgoPSO5ShKcTZOuiTVfqFAUB.jpg,/qyheW3m6KPumuI5jiopNJcdFWLb.jpg,2017-08-18,6.901,4939,"['Action', 'Comedy', 'Crime', 'Drama']",50000000,133511855,115,good
298618,tt0439572,The Flash,Worlds collide.,"When his attempt to save his family inadvertently alters the future, Barry Allen becomes trapped in a reality in which General Zod has returned and there are no Super Heroes to turn to. In order to save the world that he is in and return to the future that he knows, Barry's only hope is to race for his life. But will making the ultimate sacrifice be enough to reset the universe?",/rktDFPbfHfUbArZ6OOOKsXcv0Bm.jpg,/yF1eOkaYvwiORauRCPWznV9xVvi.jpg,2023-06-13,6.617,4925,"['Action', 'Science Fiction', 'Adventure']",220000000,271333313,144,good
7980,tt0380510,The Lovely Bones,The story of a life and everything that came after...,"After being brutally murdered, 14-year-old Susie Salmon watches from heaven over her grief-stricken family -- and her killer. As she observes their daily lives, she must balance her thirst for revenge with her desire for her family to heal.",/sn0iDphRxQ7I6aLd9igIgACITak.jpg,/aoQW8NH6yY2ioQke0iKt0JZxXgv.jpg,2009-12-26,7.061,4898,"['Fantasy', 'Drama']",65000000,93600000,136,good
17979,tt1067106,A Christmas Carol,"Christmas comes but once a year, but for one man, that's once too often.","Miser Ebenezer Scrooge is awakened on Christmas Eve by spirits who reveal to him his own miserable existence, what opportunities he wasted in his youth, his current cruelties, and the dire fate that awaits him if he does not change his ways. Scrooge is faced with his own story of growing bitterness and meanness, and must decide what his own future will hold: death or redemption.",/xNwlAIdx1Ln28GRiQttUP9Gojy2.jpg,/uocpNfrP0Vvnf2UxykXuIR1HNUd.jpg,2009-11-04,6.905,4878,"['Animation', 'Fantasy', 'Drama', 'Family']",200000000,325286646,96,good
446354,tt6294822,The Post,Truth be told,A cover-up that spanned four U.S. Presidents pushed the country's first female newspaper publisher and a hard-driving editor to join an unprecedented battle between journalist and government. Inspired by true events.,/h4XG3g6uMMPIBPjAoQhC2QIMdkl.jpg,/8sb4aBST28vN3rBz704XJczS0Ld.jpg,2017-12-22,7.002,4875,"['Drama', 'History']",50000000,179769467,116,good
696806,tt2463208,The Adam Project,Past meets future.,"After accidentally crash-landing in 2022, time-traveling fighter pilot Adam Reed teams up with his 12-year-old self on a mission to save the future.",/wFjboE0aFZNbVOF05fzrka9Fqyx.jpg,/ewUqXnwiRLhgmGhuksOdLgh49Ch.jpg,2022-03-11,6.991,4868,"['Adventure', 'Science Fiction', 'Comedy']",116000000,0,104,good
296524,tt1860357,Deepwater Horizon,"When faced with our darkest hour, hope is not a tactic.","A story set on the offshore drilling rig Deepwater Horizon, which exploded during April 2010 and created the worst oil spill in U.S. history.",/jgBIYCZACe3iaS9TL2XzVGkO5p5.jpg,/fRT76SSQzAuZljogpsWyKphUxYX.jpg,2016-09-28,6.9,4864,"['Drama', 'Action']",110000000,121790376,107,good
1495,tt0320661,Kingdom of Heaven,"Be without fear in the face of your enemies. Safeguard the helpless, and do no wrong","After his wife dies, a blacksmith named Balian is thrust into royalty, political intrigue and bloody holy wars during the Crusades.",/rNaBe4TwbMef71sgscqabpGKsxh.jpg,/kP8rK9dGS1pr0HrnmXfIi2heWjo.jpg,2005-05-03,7.022,4861,"['Drama', 'Action', 'Adventure', 'History', 'War']",130000000,218366336,144,good
38050,tt1385826,The Adjustment Bureau,Your future has been adjusted.,"A man glimpses the future Fate has planned for him – and chooses to fight for his own destiny. Battling the powerful Adjustment Bureau across, under and through the streets of New York, he risks his destined greatness to be with the only woman he's ever loved.",/5ZzeR8iz1nEFLp94OBnbakLZawo.jpg,/jE3deh9kkOKgl3MISqmpWpqLUjl.jpg,2011-03-03,6.8,4860,"['Science Fiction', 'Thriller', 'Romance']",50200000,127900000,106,good
97630,tt1790885,Zero Dark Thirty,The greatest manhunt in history.,"A chronicle of the decade-long hunt for al-Qaeda terrorist leader Osama bin Laden after the September 2001 attacks, and his death at the hands of the Navy S.E.A.L. Team 6 in May, 2011.",/wNSdSSxowM3WIqmPJNg3RagYbwP.jpg,/evPzxMacNWsjkUKQO4NXKe5Rl6a.jpg,2012-12-19,6.995,4845,"['Thriller', 'Drama']",40000000,132800000,157,good
3021,tt0450385,1408,The Dolphin Hotel invites you to stay in any of its stunning rooms. Except one.,"A man who specializes in debunking paranormal occurrences checks into the fabled room 1408 in the Dolphin Hotel. Soon after settling in, he confronts genuine terror.",/yE9MCW7ZNxSw5SC1TMqm51pMBIV.jpg,/kNfHJGdKpAg2yRudmEObPodk542.jpg,2007-06-22,6.699,4835,"['Horror', 'Mystery']",25000000,133000000,104,good
501170,tt5606664,Doctor Sleep,Return to the Overlook.,"Still scarred by the trauma he endured as a child at the Overlook Hotel, Dan Torrance faces the ghosts of the past when he meets Abra, a courageous teen who desperately needs his help -- and who possesses a powerful extrasensory ability called the ""shine"".",/p69QzIBbN06aTYqRRiCOY1emNBh.jpg,/ap6Zc5NDOfbZaMhkRDyghbGeLf0.jpg,2019-10-30,7.145,4828,"['Horror', 'Fantasy']",45000000,72385286,152,good
338766,tt2582782,Hell or High Water,Blood always follows money.,A divorced dad and his ex-con brother resort to a desperate scheme in order to save their family's farm in West Texas.,/ljRRxqy2aXIkIBXLmOVifcOR021.jpg,/kQVdpIPCqfpa24I8SQRiwOAbkLG.jpg,2016-08-11,7.301,4815,"['Western', 'Crime', 'Drama']",12000000,37600000,102,good
762504,tt10954984,Nope,What’s a bad miracle?,"Residents in a lonely gulch of inland California bear witness to an uncanny, chilling discovery.",/AcKVlWaNVVVFQwro3nLXqPljcYA.jpg,/yRutvYkM3OP8N9oqqfjSK1VC7fs.jpg,2022-07-20,6.822,4807,"['Horror', 'Science Fiction']",68000000,171932082,130,good
376570,tt5022702,Hush,Silence can be killer.,A deaf woman is stalked by a psychotic killer in her secluded home.,/zHzBTd502IZf60x8n2g0TB01vPF.jpg,/1r7AVAxdG97mgjR47Zm5YOSnnMW.jpg,2016-03-12,6.734,4807,"['Horror', 'Thriller']",1000000,0,82,good
588,tt0384537,Silent Hill,We've been expecting you.,"Rose, a desperate mother, takes her adopted daughter, Sharon, to the town of Silent Hill in an attempt to cure her of her ailment. After a violent car crash, Sharon disappears, and Rose embarks on a horrific journey to get her back and begins to uncover the truth behind the apocalyptic disaster that burned the town 30 years earlier.",/r0bEDWO2w4a43K2xTNSF284qOsc.jpg,/xQKUQC0e32rkbeiwz4UARJMx2Di.jpg,2006-04-21,6.619,4807,"['Horror', 'Mystery']",50000000,100605135,125,good
11322,tt1152836,Public Enemies,America's Most Wanted.,"Depression-era bank robber John Dillinger's charm and audacity endear him to much of America's downtrodden public, but he's also a thorn in the side of J. Edgar Hoover and the fledgling FBI. Desperate to capture the elusive outlaw, Hoover makes Dillinger his first Public Enemy Number One and assigns his top agent, Melvin Purvis, the task of bringing him in dead or alive.",/3KgtekisQBrHRsm2cD5UOB6Ce3k.jpg,/rlKB2moKVOPasy4Dr19QluzbJgA.jpg,2009-07-01,6.686,4791,"['Crime', 'History', 'Drama']",100000000,214104620,140,good
7518,tt0327084,Over the Hedge,Get over it.,"A scheming raccoon fools a mismatched family of forest creatures into helping him repay a debt of food, by invading the new suburban sprawl that popped up while they were hibernating – and learns a lesson about family himself.",/jtZnymorbnHY7mOiBXR14ZDJseM.jpg,/reK7SgAFlyxg3s9R7neh6M970kh.jpg,2006-05-17,6.59,4790,"['Family', 'Comedy', 'Animation', 'Adventure']",80000000,343397247,83,good
786892,tt12037194,Furiosa: A Mad Max Saga,Fury is born.,"As the world falls, young Furiosa is snatched from the Green Place of Many Mothers into the hands of a great biker horde led by the warlord Dementus. Sweeping through the wasteland, they encounter the citadel presided over by Immortan Joe. The two tyrants wage war for dominance, and Furiosa must survive many trials as she puts together the means to find her way home.",/iADOJ8Zymht2JPMoy3R7xceZprc.jpg,/raph7qjAGTMXaIjVxt6ZDSXRzUr.jpg,2024-05-22,7.452,4776,"['Action', 'Science Fiction', 'Adventure']",168000000,174287546,149,good
14306,tt0822832,Marley & Me,Heel the love.,"A newly married couple, in the process of starting a family, learn many of life's important lessons from their trouble-loving retriever, Marley. Packed with plenty of laughs to lighten the load, the film explores the highs and lows of marriage, maturity and confronting one's own mortality, as seen through the lens of family life with a dog.",/pnB6hjTKylb0Ve2nUWt16gzkErr.jpg,/tVoWbAAfTDIhTeo78SbA2V6mv8E.jpg,2008-12-25,7.182,4770,"['Comedy', 'Family']",60000000,255700000,115,good
369885,tt3640424,Allied,The enemy is listening.,"In 1942, an intelligence officer in North Africa encounters a female French Resistance fighter on a deadly mission behind enemy lines. When they reunite in London, their relationship is tested by the pressures of war.",/sV4lXM32quwminL3TP36nlNPp7Q.jpg,/cdR0qwyaMfuZRfTYEixUmRnmdop.jpg,2016-11-23,6.803,4768,"['Action', 'Drama', 'War', 'Romance', 'Thriller']",106000000,119520023,124,good
10947,tt0475293,High School Musical,Experience The Laughter. The Magic. The Music.,A popular high school athlete and an academically gifted girl get roles in the school musical and develop a friendship that threatens East High's social order.,/1DGmWZjUJPeKGFRHGCA6VPFUBML.jpg,/2p1nyBVSEBiCTrrZeVSV9nIsqHr.jpg,2006-01-20,6.546,4768,"['Comedy', 'Drama', 'Family', 'Music', 'Romance', 'TV Movie']",4200000,3746,98,good
547016,tt7556122,The Old Guard,Forever is harder than it looks.,Four undying warriors who've secretly protected humanity for centuries become targeted for their mysterious powers just as they discover a new immortal.,/cjr4NWURcVN3gW5FlHeabgBHLrY.jpg,/m0ObOaJBerZ3Unc74l471ar8Iiy.jpg,2020-07-09,7.1,4757,"['Action', 'Fantasy']",70000000,0,125,good
2787,tt0134847,Pitch Black,Don't be afraid of the dark. Be afraid of what's in the dark,"When their ship crash-lands on a remote planet, the marooned passengers soon learn that escaped convict Riddick isn't the only thing they have to fear. Deadly creatures lurk in the shadows, waiting to attack in the dark, and the planet is rapidly plunging into the utter blackness of a total eclipse. With the body count rising, the doomed survivors are forced to turn to Riddick with his eerie eyes to guide them through the darkness to safety. With time running out, there's only one rule: Stay in the light.",/3AnlxZ5CZnhKKzjgFyY6EHxmOyl.jpg,/mZGwhwIwYuF0G9XLS8j23dhNfUC.jpg,2000-02-18,6.86,4751,"['Thriller', 'Science Fiction', 'Action']",23000000,53187659,108,good
536554,tt8760708,M3GAN,She's more than a toy. She's family.,"A brilliant toy company roboticist uses artificial intelligence to develop M3GAN, a life-like doll programmed to emotionally bond with her newly orphaned niece. But when the doll's programming works too well, she becomes overprotective of her new friend with terrifying results.",/d9nBoowhjiiYc4FBNtQkPY7c11H.jpg,/qd4EKTuudkws9lW76Dn9C0tnuVA.jpg,2022-12-28,7.027,4748,"['Science Fiction', 'Horror']",12000000,181796517,102,good
193756,tt1091191,Lone Survivor,Based on true acts of courage,"Four Navy SEALs on a covert mission to neutralize a high-level Taliban operative must make an impossible moral decision in the mountains of Afghanistan that leads them into an enemy ambush. As they confront unthinkable odds, the SEALs must find reserves of strength and resilience to fight to the finish.",/zlT3RSPO6GlSyb5QrLrFcDmhrQ7.jpg,/hmEbQB5UlcwobldcSDNlLZiUnmA.jpg,2013-12-24,7.429,4696,"['War', 'Action', 'Drama']",40000000,149295601,121,good
45317,tt0964517,The Fighter,Every dream deserves a fighting chance.,"Boxer ""Irish"" Micky Ward's unlikely road to the world light welterweight title. His Rocky-like rise was shepherded by half-brother Dicky, a boxer-turned-trainer who rebounded in life after nearly being KO'd by drugs and crime.",/xfsFerGhO1h6rLk8vwLgMyQ8WVJ.jpg,/2kqmEQZqime0G3ULgrKtAq3WVdH.jpg,2010-12-10,7.38,4684,['Drama'],25000000,129190869,116,good
9533,tt0289765,Red Dragon,"To understand the origin of evil, you must go back to the beginning.","Former FBI Agent Will Graham, who was once almost killed by the savage Hannibal 'The Cannibal' Lecter, now has no choice but to face him again, as it seems Lecter is the only one who can help Graham track down a new serial killer.",/ou9ZKA2cms02b7CdCdVqGkKu0O0.jpg,/7c65xpnYlea6VITznLLRS9cTuwS.jpg,2002-10-02,7.04,4678,"['Crime', 'Thriller', 'Horror']",78000000,209196298,124,good
400155,tt5220122,Hotel Transylvania 3: Summer Vacation,He's going to need a vacation after this vacation.,"Dracula, Mavis, Johnny and the rest of the Drac Pack take a vacation on a luxury Monster Cruise Ship, where Dracula falls in love with the ship’s captain, Ericka, who’s secretly a descendant of Abraham Van Helsing, the notorious monster slayer.",/lzE5BwGQea1nek7TPXUuC5AZ6rq.jpg,/m03jul0YdVEOFXEQVUv6pOVQYGL.jpg,2018-06-28,6.85,4676,"['Animation', 'Comedy', 'Family', 'Fantasy']",80000000,528600000,97,good
397243,tt3289956,The Autopsy of Jane Doe,Every body has a secret.,"Father and son coroners receive a mysterious unidentified corpse with no apparent cause of death. As they attempt to examine the ""Jane Doe,"" they discover increasingly bizarre clues that hold the key to her terrifying secrets.",/6K0wjP8kPCiPYy9PtXBGuypyt5I.jpg,/2pOd80PQSJ9cUbli7PDeX59q3vQ.jpg,2016-12-21,6.8,4671,"['Horror', 'Mystery']",4000000,6170043,86,good
55721,tt1478338,Bridesmaids,Save the date.,"Annie's life is a mess. But when she finds out her lifetime best friend is engaged, she simply must serve as Lillian's maid of honor. Though lovelorn and broke, Annie bluffs her way through the expensive and bizarre rituals. With one chance to get it perfect, she’ll show Lillian and her bridesmaids just how far you’ll go for someone you love.",/gJtA7hYsBMQ7EM3sPBMUdBfU7a0.jpg,/nffFQ64Jr9EombwzB1oHXBYLXkT.jpg,2011-05-13,6.5,4641,"['Comedy', 'Romance']",32500000,288383523,125,good
302401,tt3774114,Snowden,The only safe place is on the run.,CIA employee Edward Snowden leaks thousands of classified documents to the press.,/yfK7zxNL63VWfluFuoUaJj5PdNw.jpg,/mYZYVrQ2ghU3m79q7byeLzNXo1M.jpg,2016-09-15,7.11,4618,"['Drama', 'History', 'Crime', 'Thriller']",40000000,37357216,135,good
227156,tt0435651,The Giver,Search for truth. Find freedom.,"In a seemingly perfect community, without war, pain, suffering, differences or choice, a young boy is chosen to learn from an elderly man about the true pain and pleasure of the ""real"" world.",/dul62Av4pgi5x8LP7ELHzNyka9Z.jpg,/gFKC66PEiM2Xuzgpg1OwVzWjzPn.jpg,2014-08-13,6.555,4609,"['Drama', 'Science Fiction']",25000000,66980456,97,good
1903,tt0259711,Vanilla Sky,LoveHateDreamsLifeWorkPlayFriendshipSex.,"David Aames has it all: wealth, good looks and gorgeous women on his arm. But just as he begins falling for the warmhearted Sofia, his face is horribly disfigured in a car accident. That's just the beginning of his troubles as the lines between illusion and reality, between life and death, are blurred.",/cAh2pCiNPftsY3aSqJuIOde7uWr.jpg,/wwLufumafJojc59hgIamHyJSTO9.jpg,2001-12-14,6.821,4608,"['Mystery', 'Romance', 'Science Fiction']",68000000,203388341,136,good
1061474,tt5950044,Superman,Look up.,"Superman, a journalist in Metropolis, embarks on a journey to reconcile his Kryptonian heritage with his human upbringing as Clark Kent.",/ldyfo0BKmz5rWtJJKCvwaNS4cJT.jpg,/eU7IfdWq8KQy0oNd4kKXS0QUR08.jpg,2025-07-09,7.343,4603,"['Science Fiction', 'Adventure', 'Action']",225000000,616823803,130,good
823464,tt14539740,Godzilla x Kong: The New Empire,Rise together or fall alone.,"Following their explosive showdown, Godzilla and Kong must reunite against a colossal undiscovered threat hidden within our world, challenging their very existence – and our own.",/z1p34vh7dEOnLDmyCrlUVLuoDzd.jpg,/gvLG3Fnznkxl4SmYfcK8gUuqxM8.jpg,2024-03-27,7.047,4589,"['Action', 'Adventure', 'Science Fiction']",150000000,571750016,115,good
4133,tt0221027,Blow,based on a true story,"A boy named George Jung grows up in a struggling family in the 1950's. His mother nags at her husband as he is trying to make a living for the family. It is finally revealed that George's father cannot make a living and the family goes bankrupt. George does not want the same thing to happen to him, and his friend Tuna, in the 1960's, suggests that he deal marijuana. He is a big hit in California in the 1960's, yet he goes to jail, where he finds out about the wonders of cocaine. As a result, when released, he gets rich by bringing cocaine to America. However, he soon pays the price.",/yYZFVfk8aeMP4GxBSU9MTvqs9mJ.jpg,/v3ClsT59peXyGJ4XuDvIQAPwcZy.jpg,2001-04-04,7.351,4562,"['Crime', 'Drama']",53000000,83300000,124,good
484247,tt7040874,A Simple Favor,Can you keep a secret?,"Stephanie, a dedicated mother and popular vlogger, befriends Emily, a mysterious upper-class woman whose son Nicky attends the same school as Miles, Stephanie's son. When Emily asks her to pick Nicky up from school and then disappears, Stephanie undertakes an investigation that will dive deep into Emily's cloudy past.",/3DfQCZE02FTfkhFLIwWN5dyzn7y.jpg,/ugDSJKMEexMt1d38uyzRnVFsDIh.jpg,2018-09-13,6.642,4550,"['Thriller', 'Comedy', 'Mystery']",20000000,97644617,117,good
134,tt0190590,"O Brother, Where Art Thou?","They have a plan, but not a clue.","In the deep south during the 1930s, three escaped convicts search for hidden treasure while a relentless lawman pursues them.",/s9foMAcLg8GEzzQzer04qOGdD1k.jpg,/rbsm633lnt3hKHEpk7FOt3dy82a.jpg,2000-08-30,7.327,4550,"['Adventure', 'Comedy', 'Crime']",26000000,71877090,107,good
8699,tt0357413,Anchorman: The Legend of Ron Burgundy,They bring you the news so you don't have to get it yourself.,"It's the 1970s and San Diego anchorman Ron Burgundy is the top dog in local TV, but that's all about to change when ambitious reporter Veronica Corningstone arrives as a new employee at his station.",/mhZIcRePT7U8viFQVjt1ZjYIsR4.jpg,/qWSI9Lpq8K4o1n9ZD9zUVD4Gds1.jpg,2004-06-28,6.704,4541,['Comedy'],26000000,90574188,95,good
5175,tt0266915,Rush Hour 2,Get ready for a second Rush!,"It's vacation time for Carter as he finds himself alongside Lee in Hong Kong wishing for more excitement. While Carter wants to party and meet the ladies, Lee is out to track down a Triad gang lord who may be responsible for killing two men at the American Embassy. Things get complicated as the pair stumble onto a counterfeiting plot. The boys are soon up to their necks in fist fights and life-threatening situations. A trip back to the U.S. may provide the answers about the bombing, the counterfeiting, and the true allegiance of sexy customs agent Isabella.",/aBQf2vMiCINeVC9v6BGVYKXurTh.jpg,/vPJwn9pp5f58CqdaXU3eOSLoJkl.jpg,2001-08-03,6.756,4537,"['Action', 'Comedy', 'Crime']",90000000,347325802,90,good
91586,tt2226417,Insidious: Chapter 2,It will take what you love most.,The haunted Lambert family seeks to uncover the mysterious childhood secret that has left them dangerously connected to the spirit world.,/w5JjiB3O1CLDXbTJe1QpU5RHmlU.jpg,/i9oyhCYxIYH2082J0Rc3a3jQjRB.jpg,2013-09-12,6.68,4527,"['Horror', 'Thriller']",5000000,161921515,106,good
387426,tt3967856,Okja,We needed a miracle. And then we got one.,"A young girl named Mija risks everything to prevent a powerful, multi-national company from kidnapping her best friend - a massive animal named Okja.",/pHlRr2MfjK77VIIAO7p0R4jhsJI.jpg,/qkLZoJ1h998eJEmbuHGPCKZF0y7.jpg,2017-06-28,7.338,4514,"['Adventure', 'Drama', 'Science Fiction']",50000000,0,120,good
417859,tt0448694,Puss in Boots,Live for danger. Fight for justice. Pray for mercy.,"Long before he even met Shrek, the notorious fighter, lover and outlaw Puss in Boots becomes a hero when he sets off on an adventure with the tough and street smart Kitty Softpaws and the mastermind Humpty Dumpty to save his town. This is the true story of The Cat, The Myth, The Legend... The Boots.",/n4UkIqNYSTr4DPoHCVfLrL8mbre.jpg,/c5MCkebYhFuhmi32x760HfcvLIO.jpg,2011-10-27,6.594,4509,"['Animation', 'Family', 'Fantasy', 'Adventure', 'Comedy']",130000000,554987477,90,good
329996,tt3861390,Dumbo,Soar to new heights.,"A young elephant, whose oversized ears enable him to fly, helps save a struggling circus, but when the circus plans a new venture, Dumbo and his friends discover dark secrets beneath its shiny veneer.",/A7XkpLfNH0El2yyDLc4b0KLAKvE.jpg,/5tFt6iuGnKapHl5tw0X0cKcnuVo.jpg,2019-03-27,6.6,4508,"['Family', 'Fantasy', 'Adventure']",170000000,353284621,112,good
203833,tt0816442,The Book Thief,Courage beyond words.,"While subjected to the horrors of WWII Germany, young Liesel finds solace by stealing books and sharing them with others. Under the stairs in her home, a Jewish refugee is being sheltered by her adoptive parents.",/wj4U5sMLcJMa3WR9CpRR9e2sdgZ.jpg,/arFPEDEW4PzPaMBXgTPzJlumfGw.jpg,2013-11-08,7.5,4502,['Drama'],19000000,76586316,131,good
493529,tt2906216,Dungeons & Dragons: Honor Among Thieves,No experience necessary.,"A charming thief and a band of unlikely adventurers undertake an epic heist to retrieve a lost relic, but things go dangerously awry when they run afoul of the wrong people.",/v7UF7ypAqjsFZFdjksjQ7IUpXdn.jpg,/AdBXP8e6K3FYdDrMx3Wr6WZqCYF.jpg,2023-03-23,7.326,4501,"['Adventure', 'Fantasy', 'Comedy']",151000000,208200000,134,good
10719,tt0319343,Elf,Discover your inner elf.,"When young Buddy falls into Santa's gift sack on Christmas Eve, he's transported back to the North Pole and raised as a toy-making elf by Santa's helpers. But as he grows into adulthood, he can't shake the nagging feeling that he doesn't belong. Buddy vows to visit Manhattan and find his real dad, a workaholic.",/oOleziEempUPu96jkGs0Pj6tKxj.jpg,/5nhp41gx49vXjwXuDXJwQrRFsng.jpg,2003-11-07,6.667,4501,"['Comedy', 'Family', 'Fantasy']",32000000,228500000,97,good
51828,tt1563738,One Day,Twenty years. Two people.,"A romantic comedy centered on Dexter and Emma, who first meet during their graduation in 1988 and proceed to keep in touch regularly. The film follows what they do on July 15 annually, usually doing something together.",/n9jMwSg4IavdD8wqdYnyW5w3Mvp.jpg,/cBXxrN7jcCfXNageCMYPbOjZusl.jpg,2011-03-02,7.412,4498,"['Drama', 'Romance']",15000000,59400000,107,good
8835,tt0250494,Legally Blonde,Boldly going where no blonde has gone.,"Fashionable sorority queen Elle Woods has it all, but, she wants nothing more than to be Mrs. Warner Huntington III. But he dumps her before heading to Harvard Law School. Elle rallies all of her resources and gets into Harvard, determined to win him back. While there, she figures out that there is more to herself than just good looks.",/9ohlMrJHQqKhfUKh7Zr3JQqHNLZ.jpg,/viU23X3BIycUFf6TOlm9c7TxLgM.jpg,2001-07-13,6.808,4486,['Comedy'],18000000,141778365,96,good
272693,tt1666801,The DUFF,"You either know one, you have one, or you are one.","Bianca's universe turns upside down when she learns that her high school refers to her as a ‘DUFF' (Designated Ugly Fat Friend). Hoping to erase that label, she enlists the help of a charming jock and her favorite teacher. Together they'll face the school's mean girl and remind everyone that we are all someone's DUFF… and that's totally fine.",/A6ScveWmIPL9vSYyULD8ObqyHDQ.jpg,/trL84LbzW4s0uhOtHkTWLFJhpYO.jpg,2015-02-20,6.76,4463,"['Romance', 'Comedy']",8500000,43528634,100,good
985939,tt15325794,Fall,Fear reaches new heights.,"For best friends Becky and Hunter, life is all about conquering fears and pushing limits. But after they climb 2,000 feet to the top of a remote, abandoned radio tower, they find themselves stranded with no way down. Now Becky and Hunter's expert climbing skills will be put to the ultimate test as they desperately fight to survive the elements, a lack of supplies, and vertigo-inducing heights.",/spCAxD99U1A6jsiePFoqdEcY0dG.jpg,/hlxduUs8y9icWGMzYCDLcYHEQ2u.jpg,2022-08-11,7.106,4456,['Thriller'],3000000,17363261,107,good
136400,tt1272878,2 Guns,Never rob a bank across from a diner with the best donuts in three counties.,A DEA agent and an undercover Naval Intelligence officer who have been tasked with investigating one another find they have been set up by the mob -- the very organization the two men believe they have been stealing money from.,/ptURGAFktibhk7DEAbMazlmNqWa.jpg,/swyPgOP2lffHfMjeZKNnNFR9P88.jpg,2013-08-02,6.54,4457,"['Action', 'Comedy', 'Crime']",61000000,131940411,109,good
12153,tt0381707,White Chicks,They're going deep undercover.,"Two FBI agent brothers, Marcus and Kevin Copeland, accidentally foil a drug bust. To avoid being fired they accept a mission escorting a pair of socialites to the Hamptons--but when the girls are disfigured in a car accident, they refuse to go. Left without options, Marcus and Kevin decide to pose as the sisters, transforming themselves from black men into rich white women.",/aHTUpo45qy9QYIOnVITGGqLoVcA.jpg,/85k0kaoRgGmF6ACq0M61AFxhjLN.jpg,2004-06-23,6.93,4454,"['Comedy', 'Crime']",37000000,113100000,109,good
945961,tt18412256,Alien: Romulus,"In space, no one can hear you.","While scavenging the deep ends of a derelict space station, a group of young space colonizers come face to face with the most terrifying life form in the universe.",/2uSWRTtCG336nuBiG8jOTEUKSy8.jpg,/iYqSQaWDttQIQzsxg9xHyg0bttG.jpg,2024-08-13,7.167,4440,"['Horror', 'Science Fiction']",80000000,350865342,119,good
2789,tt0296572,The Chronicles of Riddick,All the power in the universe can't change destiny.,"After years of outrunning ruthless bounty hunters, escaped convict Riddick suddenly finds himself caught between opposing forces in a fight for the future of the human race. Now, waging incredible battles on fantastic and deadly worlds, this lone, reluctant hero will emerge as humanity's champion - and the last hope for a universe on the edge of annihilation.",/bVO1r90diKfFLzvZ5D3qK6Z558O.jpg,/lt3NqorBMWn786m9bzqM0OLdMS8.jpg,2004-06-11,6.5,4436,"['Action', 'Science Fiction']",105000000,115772733,119,good
270946,tt1911658,Penguins of Madagascar,The movie event that will blow their cover.,"Skipper, Kowalski, Rico and Private join forces with undercover organization The North Wind to stop the villainous Dr. Octavius Brine from destroying the world as we know it.",/dXbpNrPDZDMEbujFoOxmMNQVMHa.jpg,/2QMgoiDlTmrO9FngZft8GgZ2SbX.jpg,2014-11-22,6.5,4435,"['Family', 'Animation', 'Adventure', 'Comedy']",132000000,373515621,92,good
924,tt0363547,Dawn of the Dead,"When there's no more room in Hell, the dead will walk the Earth.","A group of survivors take refuge in a shopping mall after the world is taken over by aggressive, flesh-eating zombies.",/ttquyxStEEctzghtA2f4PUGprDr.jpg,/rspbS1E9wJtslrb8amfJgtMBUVh.jpg,2004-03-19,7.051,4423,"['Horror', 'Action']",26000000,102278712,101,good
9919,tt0251127,How to Lose a Guy in 10 Days,One of them is lying. So is the other.,"It's the battle of wills, as Andie needs to prove she can dump a guy in 10 days, whereas Ben needs to prove he can win a girl in 10 days. Now, the clock is ticking—and the wildly entertaining comedy smash is off and running in this irresistible tale of sex, lies and outrageous romantic fireworks!",/2dlftyPz7mTYbrsPvTogyFmYd7d.jpg,/cdYj6HFpKp5NTmLiHHbNEGSmDT4.jpg,2003-02-07,6.862,4422,"['Comedy', 'Romance']",50000000,177500000,116,good
186,tt0425210,Lucky Number Slevin,Wrong time. Wrong place. Wrong number.,"Slevin is mistakenly put in the middle of a personal war between the city’s biggest criminal bosses. Under constant watch, Slevin must try not to get killed by an infamous assassin and come up with an idea of how to get out of his current dilemma.",/x21s3p5wPww534nYj1cWakTcqz4.jpg,/ShDHEWiJ4NL6ldn4W2m3bEkIBr.jpg,2006-02-24,7.478,4413,"['Drama', 'Thriller', 'Crime', 'Mystery']",27000000,56300000,110,good
360920,tt2709692,The Grinch,It was the heist before Christmas.,The Grinch hatches a scheme to ruin Christmas when the residents of Whoville plan their annual holiday celebration.,/smxA8yvZ0LzDPer9BIRd4pyOpx1.jpg,/5lWIYxYEqWi8j3ZloxXntw3ImBo.jpg,2018-11-08,6.868,4410,"['Family', 'Comedy', 'Animation', 'Fantasy']",75000000,552976825,85,good
590223,tt2222042,Love and Monsters,An apocalyptic love story.,"Seven years since the Monsterpocalypse began, Joel Dawson has been living underground in order to survive. But after reconnecting over radio with his high school girlfriend Aimee, Joel decides to venture out to reunite with her, despite all the dangerous monsters that stand in his way.",/718NnyxyQuBQcGWt9sdelA1Zc3h.jpg,/lA5fOBqTOQBQ1s9lEYYPmNXoYLi.jpg,2020-10-16,7.269,4406,"['Adventure', 'Comedy', 'Fantasy', 'Science Fiction']",30000000,1122066,109,good
399057,tt5715874,The Killing of a Sacred Deer,,"Dr. Steven Murphy is a renowned cardiovascular surgeon who presides over a spotless household with his wife and two children. Lurking at the margins of his idyllic suburban existence is Martin, a fatherless teen who insinuates himself into the doctor's life in gradually unsettling ways.",/e4DGlsc9g0h5AyoyvvAuIRnofN7.jpg,/kJwQXgAk440l2vZOspUJee6inim.jpg,2017-10-20,7.009,4399,"['Drama', 'Thriller', 'Mystery']",3000000,10700000,121,good
157336,tt0816692,Interstellar,Mankind was born on Earth. It was never meant to die here.,The adventures of a group of explorers who make use of a newly discovered wormhole to surpass the limitations on human space travel and conquer the vast distances involved in an interstellar voyage.,/yQvGrMoipbRoddT0ZR8tPoR7NfX.jpg,/2ssWTSVklAEc98frZUQhgtGHx7s.jpg,2014-11-05,8.47,39382,"['Adventure', 'Drama', 'Science Fiction']",165000000,746606706,169,excellent
27205,tt1375666,Inception,Your mind is the scene of the crime.,"Cobb, a skilled thief who commits corporate espionage by infiltrating the subconscious of his targets is offered a chance to regain his old life as payment for a task considered to be impossible: ""inception"", the implantation of another person's idea into a target's subconscious.",/xlaY2zyzMfkhk0HSC5VUwzoZPU1.jpg,/8ZTVqvKDQ8emSGUEMjsS4yHAwrp.jpg,2010-07-15,8.372,39004,"['Action', 'Science Fiction', 'Adventure']",160000000,839030630,148,excellent
24428,tt0848228,The Avengers,Some assembly required.,"When an unexpected enemy emerges and threatens global safety and security, Nick Fury, director of the international peacekeeping agency known as S.H.I.E.L.D., finds himself in need of a team to pull the world back from the brink of disaster. Spanning the globe, a daring recruitment effort begins!",/RYMX2wcKCBAr24UyPD7xwmjaTn.jpg,/9BBTo63ANSmhC4e6r62OJFuK2GL.jpg,2012-04-25,7.999,37199,"['Science Fiction', 'Action', 'Adventure']",220000000,1518815515,143,excellent
155,tt0468569,The Dark Knight,Welcome to a world without rules.,"Batman raises the stakes in his war on crime. With the help of Lt. Jim Gordon and District Attorney Harvey Dent, Batman sets out to dismantle the remaining criminal organizations that plague the streets. The partnership proves to be effective, but they soon find themselves prey to a reign of chaos unleashed by a rising criminal mastermind known to the terrified citizens of Gotham as the Joker.",/qJ2tW6WMUDux911r6m7haRef0WH.jpg,/cfT29Im5VDvjE0RpyKOSdCKZal7.jpg,2008-07-16,8.528,35489,"['Action', 'Crime', 'Thriller']",185000000,1004558444,152,excellent
19995,tt0499549,Avatar,Enter the world of Pandora.,"In the 22nd century, a paraplegic Marine is dispatched to the moon Pandora on a unique mission, but becomes torn between following orders and protecting an alien civilization.",/gKY6q7SjCkAU6FqvqWybDYgUKIF.jpg,/vL5LR6WdxWPjLPFRLe133jXWsh5.jpg,2009-12-16,7.602,33775,"['Science Fiction', 'Action', 'Adventure']",237000000,2923706026,162,excellent
293660,tt1431045,Deadpool,Feel the love.,"The origin story of former Special Forces operative turned mercenary Wade Wilson, who, after being subjected to a rogue experiment that leaves him with accelerated healing powers, adopts the alter ego Deadpool. Armed with his new abilities and a dark, twisted sense of humor, Deadpool hunts down the man who nearly destroyed his life.",/3E53WEZJqP6aM84D8CckXx4pIHw.jpg,/en971MEXui9diirXlogOrPKmsEn.jpg,2016-02-09,7.623,32563,"['Action', 'Adventure', 'Comedy']",58000000,782837347,108,excellent
299536,tt4154756,Avengers: Infinity War,Destiny arrives all the same.,"As the Avengers and their allies have continued to protect the world from threats too large for any one hero to handle, a new danger has emerged from the cosmic shadows: Thanos. A despot of intergalactic infamy, his goal is to collect all six Infinity Stones, artifacts of unimaginable power, and use them to inflict his twisted will on all of reality. Everything the Avengers have fought for has led up to this moment - the fate of Earth and existence itself has never been more uncertain.",/7WsyChQLEftFiDOVTGkv3hFpyyt.jpg,/mDfJG3LC3Dqb67AZ52x3Z0jU0uB.jpg,2018-04-25,8.234,31737,"['Adventure', 'Action', 'Science Fiction']",300000000,2052415039,149,excellent
118340,tt2015381,Guardians of the Galaxy,"When things get bad, they'll do their worst.","Light years from Earth, 26 years after being abducted, Peter Quill finds himself the prime target of a manhunt after discovering an orb wanted by Ronan the Accuser.",/r7vmZjiyZw9rpJMQJdXpjgiCOk9.jpg,/uLtVbjvS1O7gXL8lUOwsFOH4man.jpg,2014-07-30,7.905,29537,"['Action', 'Science Fiction', 'Adventure']",170000000,772776600,121,excellent
671,tt0241527,Harry Potter and the Philosopher's Stone,Let the magic begin.,"Harry Potter has lived under the stairs at his aunt and uncle's house his whole life. But on his 11th birthday, he learns he's a powerful wizard—with a place waiting for him at the Hogwarts School of Witchcraft and Wizardry. As he learns to harness his newfound powers with the help of the school's kindly headmaster, Harry uncovers the truth about his parents' deaths—and about the villain who's to blame.",/wuMc08IPKEatf9rnMNXvIDxqP4W.jpg,/1XAC6RPT01UX9EQGy2JVn5c8pgy.jpg,2001-11-16,7.898,29397,"['Adventure', 'Fantasy']",125000000,976475550,152,excellent
1726,tt0371746,Iron Man,Heroes aren't born. They're built.,"After being held captive in an Afghan cave, billionaire engineer Tony Stark creates a unique weaponized suit of armor to fight evil.",/78lPtwv72eTNqFW9COBYI0dWDJa.jpg,/cKvDv2LpwVEqbdXWoQl4XgGN6le.jpg,2008-04-30,7.657,27952,"['Action', 'Science Fiction', 'Adventure']",140000000,585174222,126,excellent
68718,tt1853728,Django Unchained,"Life, liberty, and the pursuit of vengeance.","With the help of a German bounty hunter, a freed slave sets out to rescue his wife from a brutal Mississippi plantation owner.",/7oWY8VDWW7thTzWh3OKYRkWUlD5.jpg,/s4cJQaj40SwMifUrrdtdOJsjnRO.jpg,2012-12-25,8.19,27831,"['Drama', 'Western']",100000000,425368238,165,excellent
475557,tt7286456,Joker,Put on a happy face.,"During the 1980s, a failed stand-up comedian is driven insane and turns to a life of crime and chaos in Gotham City while becoming an infamous psychopathic crime figure.",/udDclJoHjfjb8Ekgsd4FDteOkCU.jpg,/hO7KbdvGOtDdeg0W4Y5nKEHeDDh.jpg,2019-10-01,8.126,27537,"['Crime', 'Thriller', 'Drama']",55000000,1078958629,122,excellent
299534,tt4154796,Avengers: Endgame,Avenge the fallen.,"After the devastating events of Avengers: Infinity War, the universe is in ruins due to the efforts of the Mad Titan, Thanos. With the help of remaining allies, the Avengers must assemble once more in order to undo Thanos' actions and restore order to the universe once and for all, no matter what consequences may be in store.",/ulzhLuWrPK07P1YkdWQLZnQh1JL.jpg,/7RyHsO4yDXtBv1zUU3mTpHeQ0d5.jpg,2019-04-24,8.234,27496,"['Adventure', 'Science Fiction', 'Action']",356000000,2799439100,181,excellent
120,tt0120737,The Lord of the Rings: The Fellowship of the Ring,One ring to rule them all.,"Young hobbit Frodo Baggins, after inheriting a mysterious ring from his uncle Bilbo, must leave his home in order to keep it from falling into the hands of its evil creator. Along the way, a fellowship is formed to protect the ringbearer and make sure that the ring arrives at its final destination: Mt. Doom, the only place where it can be destroyed.",/6oom5QYQ2yQTMJIbnvbkBL9cHo6.jpg,/oiwc338EoBgS4sEI2ixAny4KQKg.jpg,2001-12-18,8.432,27323,"['Adventure', 'Fantasy', 'Action']",93000000,871368364,179,excellent
122,tt0167260,The Lord of the Rings: The Return of the King,The eye of the enemy is moving.,"As armies mass for a final battle that will decide the fate of the world--and powerful, ancient forces of Light and Dark compete to determine the outcome--one member of the Fellowship of the Ring is revealed as the noble heir to the throne of the Kings of Men. Yet, the sole hope for triumph over evil lies with a brave hobbit, Frodo, who, accompanied by his loyal friend Sam and the hideous, wretched Gollum, ventures deep into the very dark heart of Mordor on his seemingly impossible quest to destroy the Ring of Power.​",/rCzpDGLbOoPwLjy3OAm5NUPOTrC.jpg,/2u7zbn8EudG6kLlBzUYqP8RyFU4.jpg,2003-12-17,8.496,26324,"['Adventure', 'Fantasy', 'Action']",94000000,1118888979,201,excellent
106646,tt0993846,The Wolf of Wall Street,Earn. Spend. Party.,"A New York stockbroker refuses to cooperate in a large securities fraud case involving corruption on Wall Street, corporate banking world and mob infiltration. Based on Jordan Belfort's autobiography.",/kW9LmvYHAaS9iA0tHmZVq8hQYoq.jpg,/7Nwnmyzrtd0FkcRyPqmdzTPppQa.jpg,2013-12-25,8.028,25735,"['Crime', 'Drama', 'Comedy']",100000000,407038432,180,excellent
11324,tt1130884,Shutter Island,Someone is missing.,"World War II soldier-turned-U.S. Marshal Teddy Daniels investigates the disappearance of a patient from a hospital for the criminally insane, but his efforts are compromised by troubling visions and a mysterious doctor.",/nrmXQ0zcZUL8jFLrakWc90IR8z9.jpg,/rbZvGN1A1QyZuoKzhCw8QPmf2q0.jpg,2010-02-14,8.199,25659,"['Drama', 'Thriller', 'Mystery']",80000000,294804195,138,excellent
49026,tt1345836,The Dark Knight Rises,The legend ends.,"Following the death of District Attorney Harvey Dent, Batman assumes responsibility for Dent's crimes to protect the late attorney's reputation and is subsequently hunted by the Gotham City Police Department. Eight years later, Batman encounters the mysterious Selina Kyle and the villainous Bane, a new terrorist leader who overwhelms Gotham's finest. The Dark Knight resurfaces to protect a city that has branded him an enemy.",/hr0L2aueqlP2BYUblTTjmtn0hw4.jpg,/y2DB71C4nyIdMrANijz8mzvQtk6.jpg,2012-07-17,7.793,24186,"['Action', 'Crime', 'Drama', 'Thriller']",250000000,1081041287,165,excellent
16869,tt0361748,Inglourious Basterds,Once upon a time in Nazi occupied France...,"In Nazi-occupied France during World War II, a group of Jewish-American soldiers known as ""The Basterds"" are chosen specifically to spread fear throughout the Third Reich by scalping and brutally killing Nazis. The Basterds, lead by Lt. Aldo Raine soon cross paths with a French-Jewish teenage girl who runs a movie theater in Paris which is targeted by the soldiers.",/7sfbEnaARXDDhKm0CZ7D7uc2sbo.jpg,/hwNtEmmugU5Yd7hpfprNWI0DGIn.jpg,2009-08-02,8.217,23998,"['Drama', 'Thriller', 'War']",70000000,321457747,153,excellent
76341,tt1392190,Mad Max: Fury Road,The future belongs to the mad.,"An apocalyptic story set in the furthest reaches of our planet, in a stark desert landscape where humanity is broken, and most everyone is crazed fighting for the necessities of life. Within this world exist two rebels on the run who just might be able to restore order.",/hA2ple9q4qnwxp3hKVNhroipsir.jpg,/uT895WNwm0aIJRtGizcQhrejWUo.jpg,2015-05-13,7.632,23935,"['Action', 'Adventure', 'Science Fiction']",150000000,378858340,121,excellent
121,tt0167261,The Lord of the Rings: The Two Towers,The journey continues.,"Frodo Baggins and the other members of the Fellowship continue on their sacred quest to destroy the One Ring--but on separate paths. Their destinies lie at two towers--Orthanc Tower in Isengard, where the corrupt wizard Saruman awaits, and Sauron's fortress at Barad-dur, deep within the dark lands of Mordor. Frodo and Sam are trekking to Mordor to destroy the One Ring of Power while Gimli, Legolas and Aragorn search for the orc-captured Merry and Pippin. All along, nefarious wizard Saruman awaits the Fellowship members at the Orthanc Tower in Isengard.",/5VTN0pR8gcqV3EPUHHfMGnJYN9L.jpg,/kWYfW2Re0rUDE6IHhy4CRuKWeFr.jpg,2002-12-18,8.415,23697,"['Adventure', 'Fantasy', 'Action']",79000000,926287400,179,excellent
672,tt0295297,Harry Potter and the Chamber of Secrets,Something evil has returned to Hogwarts!,"Cars fly, trees fight back, and a mysterious house-elf comes to warn Harry Potter at the start of his second year at Hogwarts. Adventure and danger await when bloody writing on a wall announces: The Chamber Of Secrets Has Been Opened. To save Hogwarts will require all of Harry, Ron and Hermione's magical abilities and courage.",/sdEOH0992YZ0QSxgXNIGLq1ToUi.jpg,/1stUIsjawROZxjiCMtqqXqgfZWC.jpg,2002-11-13,7.703,23440,"['Adventure', 'Fantasy']",100000000,876688482,161,excellent
150540,tt2096673,Inside Out,Meet the little voices inside your head.,"When 11-year-old Riley moves to a new city, her Emotions team up to help her through the transition. Joy, Fear, Anger, Disgust and Sadness work together, but when Joy and Sadness get lost, they must journey through unfamiliar places to get back home.",/2H1TmgdfNtsKlU9jKdeNyYL5y8T.jpg,/o3i6AfTcWAuNvzAUV3q5lOmi6Gx.jpg,2015-06-17,7.91,23334,"['Animation', 'Family', 'Adventure', 'Drama', 'Comedy']",175000000,857611174,95,excellent
673,tt0304141,Harry Potter and the Prisoner of Azkaban,Something wicked this way comes.,"Year three at Hogwarts means new fun and challenges as Harry learns the delicate art of approaching a Hippogriff, transforming shape-shifting Boggarts into hilarity and even turning back time. But the term also brings danger: soul-sucking Dementors hover over the school, an ally of the accursed He-Who-Cannot-Be-Named lurks within the castle walls, and fearsome wizard Sirius Black escapes Azkaban. And Harry will confront them all.",/aWxwnYoe8p2d2fcxOqtvAtJ72Rw.jpg,/vbk5CfaAHOjQPSAcYm6AoRRz2Af.jpg,2004-05-31,8.008,23007,"['Adventure', 'Fantasy']",130000000,789804554,141,excellent
283995,tt3896198,Guardians of the Galaxy Vol. 2,Anyone can save the galaxy once.,The Guardians must fight to keep their newfound family together as they unravel the mysteries of Peter Quill's true parentage.,/y4MBh0EjBlMuOzv9axM4qJlmhzz.jpg,/aJn9XeesqsrSLKcHfHP4u5985hn.jpg,2017-04-19,7.608,22802,"['Science Fiction', 'Adventure', 'Action']",200000000,863756051,137,excellent
272,tt0372784,Batman Begins,Evil fears the knight.,"Driven by tragedy, billionaire Bruce Wayne dedicates his life to uncovering and defeating the corruption that plagues his home, Gotham City.  Unable to work within the system, he instead creates a new identity, a symbol of fear for the criminal underworld - The Batman.",/sPX89Td70IDDjVr85jdSBb4rWGr.jpg,/9IIBboV7MCT0bTxzXHmWK1Hq558.jpg,2005-06-10,7.722,22442,"['Drama', 'Crime', 'Action']",150000000,374218673,140,excellent
22,tt0325980,Pirates of the Caribbean: The Curse of the Black Pearl,Prepare to be blown out of the water.,"When wily pirate Captain Barbossa seizes Jack Sparrow’s beloved ship, the Black Pearl, and kidnaps the governor’s daughter, Elizabeth Swann, blacksmith Will Turner reluctantly teams up with the unpredictable pirate Jack to rescue her—only to uncover a terrifying curse that turns Barbossa’s crew into the undead.",/kvDwL2gTf6yxujbsWbsGQB3Z9Wa.jpg,/uRNgkJSkNBFbbn9fPsEjDIy8Sh3.jpg,2003-07-09,7.821,22059,"['Adventure', 'Fantasy', 'Action']",140000000,655011224,143,excellent
674,tt0330373,Harry Potter and the Goblet of Fire,Dark and difficult times lie ahead.,"When his name emerges from the Goblet of Fire, Harry Potter becomes a competitor in a grueling battle for glory among three wizarding schools—the Triwizard Tournament. But since Harry never submitted his name for the Tournament, who did? Now Harry must confront a deadly dragon, fierce water demons, and an enchanted maze only to find himself in the cruel grasp of He Who Must Not Be Named.",/fECBtHlr0RB3foNHDiCBXeg9Bv9.jpg,/1OV7hau4D3rWGS5bu8sqBYeVpe.jpg,2005-11-16,7.801,22019,"['Adventure', 'Fantasy']",150000000,895921036,157,excellent
284053,tt3501632,Thor: Ragnarok,No hammer. No problem.,"Thor is imprisoned on the other side of the universe and finds himself in a race against time to get back to Asgard to stop Ragnarok, the destruction of his home-world and the end of Asgardian civilization, at the hands of a powerful new threat, the ruthless Hela.",/rzRwTcFvttcN1ZpX2xv4j3tSdJu.jpg,/6G2fLCVm9fiLyHvBrccq6GSe2ih.jpg,2017-10-02,7.6,21881,"['Action', 'Science Fiction', 'Comedy']",180000000,855301806,131,excellent
12445,tt1201607,Harry Potter and the Deathly Hallows: Part 2,It all ends.,"Harry, Ron and Hermione continue their quest to vanquish the evil Voldemort once and for all. Just as things begin to look hopeless for the young wizards, Harry discovers a trio of magical objects that endow him with powers to rival Voldemort's formidable skills.",/c54HpQmuwXjHq2C9wmoACjxoom3.jpg,/cbcpDn6XJaIGoOil1bKuskU8ds4.jpg,2011-07-12,8.081,21848,"['Adventure', 'Fantasy']",125000000,1341511219,130,excellent
634649,tt10872600,Spider-Man: No Way Home,The Multiverse unleashed.,"Peter Parker is unmasked and no longer able to separate his normal life from the high-stakes of being a super-hero. When he asks for help from Doctor Strange the stakes become even more dangerous, forcing him to discover what it truly means to be Spider-Man.",/1g0dhYtq4irTY1GPXvft6k4YLjm.jpg,/zD5v1E4joAzFvmAEytt7fM3ivyT.jpg,2021-12-15,7.934,21784,"['Action', 'Adventure', 'Science Fiction']",200000000,1921847111,148,excellent
14160,tt1049413,Up,Change is in the air.,"Carl Fredricksen spent his entire life dreaming of exploring the globe and experiencing life to its fullest. But at age 78, life seems to have passed him by, until a twist of fate (and a persistent 8-year old Wilderness Explorer named Russell) gives him a new lease on life.",/mFvoEwSfLqbcWwFsDjQebn9bzFe.jpg,/hGGC9gKo7CFE3fW07RA587e5kol.jpg,2009-05-28,7.959,21530,"['Animation', 'Comedy', 'Family', 'Adventure']",175000000,735103954,96,excellent
286217,tt3659388,The Martian,Bring him home.,"During a manned mission to Mars, Astronaut Mark Watney is presumed dead after a fierce storm and left behind by his crew. But Watney has survived and finds himself stranded and alone on the hostile planet. With only meager supplies, he must draw upon his ingenuity, wit and spirit to subsist and find a way to signal to Earth that he is alive.",/fASz8A0yFE3QB6LgGoOfwvFSseV.jpg,/lzMS0CI3FLQYC5EgJoWeIaEt0lm.jpg,2015-09-30,7.694,21045,"['Science Fiction', 'Drama', 'Adventure']",108000000,631058917,141,excellent
354912,tt2380307,Coco,The celebration of a lifetime.,"Despite his family’s baffling generations-old ban on music, Miguel dreams of becoming an accomplished musician like his idol, Ernesto de la Cruz. Desperate to prove his talent, Miguel finds himself in the stunning and colorful Land of the Dead following a mysterious chain of events. Along the way, he meets charming trickster Hector, and together, they set off on an extraordinary journey to unlock the real story behind Miguel's family history.",/6Ryitt95xrO8KXuqRGm1fUuNwqF.jpg,/g7CHF8gTLGooTbP4GznIGwaqAGL.jpg,2017-10-27,8.197,20825,"['Family', 'Animation', 'Music', 'Adventure']",175000000,814641172,105,excellent
98,tt0172495,Gladiator,What we do in life echoes in eternity.,"After the death of Emperor Marcus Aurelius, his devious son takes power and demotes Maximus, one of Rome's most capable generals who Marcus preferred. Eventually, Maximus is forced to become a gladiator and battle to the death against other men for the amusement of paying audiences.",/wN2xWp1eIwCKOD0BHTcErTBv1Uq.jpg,/jhk6D8pim3yaByu1801kMoxXFaX.jpg,2000-05-04,8.225,20729,"['Action', 'Drama', 'Adventure']",103000000,465516248,155,excellent
675,tt0373889,Harry Potter and the Order of the Phoenix,The rebellion begins.,"Returning for his fifth year at Hogwarts, Harry is stunned to find that his warnings about the return of Lord Voldemort have been ignored. Left with no choice, Harry takes matters into his own hands, training a small group of motivated students to defend themselves against the Dark Arts.",/5aOyriWkPec0zUDxmHFP9qMmBaj.jpg,/pkxPkHOPJjOvzfQOclANEBT8OfK.jpg,2007-07-08,7.672,20676,"['Adventure', 'Fantasy']",150000000,938212738,138,excellent
767,tt0417741,Harry Potter and the Half-Blood Prince,Dark secrets revealed.,"As Lord Voldemort tightens his grip on both the Muggle and wizarding worlds, Hogwarts is no longer a safe haven. Harry suspects perils may even lie within the castle, but Dumbledore is more intent upon preparing him for the final battle fast approaching. Together they work to find the key to unlock Voldemorts defenses and to this end, Dumbledore recruits his old friend and colleague Horace Slughorn, whom he believes holds crucial information. Even as the decisive showdown looms, romance blossoms for Harry, Ron, Hermione and their classmates. Love is in the air, but danger lies ahead and Hogwarts may never be the same again.",/z7uo9zmQdQwU5ZJHFpv2Upl30i1.jpg,/ze6Mx4QE5mQVXRYmG2flncqqle4.jpg,2009-07-15,7.681,20651,"['Adventure', 'Fantasy']",250000000,933959197,153,excellent
12,tt0266543,Finding Nemo,There are 3.7 trillion fish in the ocean. They're looking for one.,"Nemo, an adventurous young clownfish, is unexpectedly taken from his Great Barrier Reef home to a dentist's office aquarium. It's up to his worrisome father Marlin and a friendly but forgetful fish Dory to bring Nemo home -- meeting vegetarian sharks, surfer dude turtles, hypnotic jellyfish, hungry seagulls, and more along the way.",/eHuGQ10FUzK1mdOY69wF5pGgEf5.jpg,/eCynaAOgYYiw5yN5lBwz3IxqvaW.jpg,2003-05-30,7.817,20425,"['Animation', 'Family', 'Adventure']",94000000,940335536,100,excellent
263115,tt3315342,Logan,Someone has come along.,"In the near future, a weary Logan cares for an ailing Professor X in a hideout on the Mexican border. But Logan's attempts to hide from the world and his legacy are upended when a young mutant arrives, pursued by dark forces.",/fnbjcRDYn6YviCcePDnGdyAkYsB.jpg,/4DZxWNSAyksN6N3JkvpJ53Yq6zU.jpg,2017-02-28,7.819,20278,"['Action', 'Drama', 'Science Fiction']",97000000,619021436,137,excellent
12444,tt0926084,Harry Potter and the Deathly Hallows: Part 1,Nowhere is safe.,"Harry, Ron and Hermione walk away from their last year at Hogwarts to find and destroy the remaining Horcruxes, putting an end to Voldemort's bid for immortality. But with Harry's beloved Dumbledore dead and Voldemort's unscrupulous Death Eaters on the loose, the world is more dangerous than ever.",/iGoXIpQb7Pot00EEdwpwPajheZ5.jpg,/vcrgU0KaNj5mKUCIQSUdiQwTE9y.jpg,2010-11-17,7.735,20252,"['Adventure', 'Fantasy']",250000000,954305868,146,excellent
10681,tt0910970,WALL·E,"After 700 years of doing what he was built for, he'll discover what he was meant for.","After hundreds of years doing what he was built for, WALL•E— a robot designed to clean up the earth—discovers a new purpose in life when he meets a sleek search robot named EVE. EVE comes to realize that WALL•E has inadvertently stumbled upon the key to the planet's future, and races back to space to report to the humans. Meanwhile, WALL•E chases EVE across the galaxy and sets into motion one of the most imaginative adventures ever brought to the big screen.",/hbhFnRzzg6ZDmm8YAmxBnQpQIPh.jpg,/ai2FicMUxLCurVkjtYdSvVDWRmS.jpg,2008-06-22,8.11,20107,"['Animation', 'Family', 'Science Fiction']",180000000,521311860,98,excellent
100402,tt1843866,Captain America: The Winter Soldier,In heroes we trust.,"After the cataclysmic events in New York with The Avengers, Steve Rogers, aka Captain America is living quietly in Washington, D.C. and trying to adjust to the modern world. But when a S.H.I.E.L.D. colleague comes under attack, Steve becomes embroiled in a web of intrigue that threatens to put the world at risk. Joining forces with the Black Widow, Captain America struggles to expose the ever-widening conspiracy while fighting off professional assassins sent to silence him at every turn. When the full scope of the villainous plot is revealed, Captain America and the Black Widow enlist the help of a new ally, the Falcon. However, they soon find themselves up against an unexpected and formidable enemy—the Winter Soldier.",/tVFRpFw3xTedgPGqxW0AOI8Qhh0.jpg,/1RWLMyC9KcFfcaoViMiJGSSZzzr.jpg,2014-03-20,7.7,19873,"['Action', 'Adventure', 'Science Fiction']",170000000,714766572,136,excellent
210577,tt2267998,Gone Girl,You don't know what you've got 'til it's...,"With his wife's disappearance having become the focus of an intense media circus, a man sees the spotlight turned on him when it's suspected that he may not be innocent.",/ts996lKsxvjkO2yiYG0ht4qAicO.jpg,/iWak7wT0j6ycCc8lKr4NBz9c7n5.jpg,2014-10-01,7.889,19818,"['Mystery', 'Thriller', 'Drama']",61000000,370890259,149,excellent
585,tt0198781,"Monsters, Inc.",It's nothing personal. It's just their job.,"Lovable Sulley and his wisecracking sidekick Mike Wazowski are the top scare team at Monsters, Inc., the scream-processing factory in Monstropolis. When a little girl named Boo wanders into their world, it's the monsters who are scared silly, and it's up to Sulley and Mike to keep her out of sight and get her back home.",/wFSpyMsp7H0ttERbxY7Trlv8xry.jpg,/sDTnMOJ3H5wI38OxObmCtK7wfd5.jpg,2001-11-01,7.849,19641,"['Animation', 'Comedy', 'Family']",115000000,579700000,92,excellent
281957,tt1663202,The Revenant,Blood lost. Life found.,"In the 1820s, a frontiersman, Hugh Glass, sets out on a path of vengeance against those who left him for dead after a bear mauling.",/ji3ecJphATlVgWNY0B0RVXZizdf.jpg,/mNQtUJv1F3u0uSKILFrGjIHqkxx.jpg,2015-12-25,7.54,19190,"['Western', 'Drama', 'Adventure']",135000000,532950503,157,excellent
329865,tt2543164,Arrival,Why are they here?,"Taking place after alien crafts land around the world, an expert linguist is recruited by the military to determine whether they come in peace or are a threat.",/pEzNVQfdzYDzVK0XqxERIw2x2se.jpg,/r8FD6CC3GgjWaGVkZh00AcedfpA.jpg,2016-11-10,7.625,19179,"['Drama', 'Science Fiction', 'Mystery']",47000000,203388186,116,excellent
24,tt0266697,Kill Bill: Vol. 1,Here comes the bride.,"An assassin is shot by her ruthless employer, Bill, and other members of their assassination circle – but she lives to plot her vengeance.",/v7TaX8kXMXs5yFFGR41guUDNcnB.jpg,/iffzIhuLAO38Po6sh1s6ZEVwlNL.jpg,2003-10-10,7.972,18778,"['Action', 'Crime']",30000000,180906076,111,excellent
9806,tt0317705,The Incredibles,Expect the incredible.,"Bob Parr has given up his superhero days to log in time as an insurance adjuster and raise his three children with his formerly heroic wife in suburbia. But when he receives a mysterious assignment, it's time to get back into costume.",/2LqaLgk4Z226KkgPJuiOQ58wvrm.jpg,/lxwzY9vNwjDgxWKt3zZ6zcU6rEJ.jpg,2004-10-27,7.7,18768,"['Action', 'Adventure', 'Animation', 'Family']",92000000,631442092,115,excellent
419430,tt5052448,Get Out,"Just because you're invited, doesn't mean you're welcome.","Chris and his girlfriend Rose go upstate to visit her parents for the weekend. At first, Chris reads the family's overly accommodating behavior as nervous attempts to deal with their daughter's interracial relationship, but as the weekend progresses, a series of increasingly disturbing discoveries lead him to a truth that he never could have imagined.",/mE24wUCfjK8AoBBjaMjho7Rczr7.jpg,/o8dPH0ZSIyyViP6rjRX1djwCUwI.jpg,2017-02-24,7.622,18744,"['Mystery', 'Thriller', 'Horror']",4500000,255407969,104,excellent
808,tt0126029,Shrek,The greatest fairy tale never told.,"It ain't easy bein' green -- especially if you're a likable (albeit smelly) ogre named Shrek. On a mission to retrieve a gorgeous princess from the clutches of a fire-breathing dragon, Shrek teams up with an unlikely compatriot -- a wisecracking donkey.",/iB64vpL3dIObOtMZgX3RqdVdQDc.jpg,/40Wtp7kMG6mZ4d5T1jfrd8qrvD4.jpg,2001-05-18,7.759,18589,"['Animation', 'Comedy', 'Fantasy', 'Adventure', 'Family']",60000000,488977919,90,excellent
2062,tt0382932,Ratatouille,He's dying to become a chef.,"Remy, a rat living in Paris, possesses a palate far more refined than that of his fellow comrades. He dreams of becoming a chef, determined to create culinary masterpieces rather than scavenge for scraps. When fate deposits him in the sewers beneath one of Paris’s most famous restaurants, he finds himself ideally placed to fulfill his dream. Forming an unusual alliance with a bumbling young kitchen worker, Remy begins a daring culinary double life. Together, they must outwit the scheming Head Chef Skinner, evade Remy’s disapproving colony, and impress renowned food critic Anton Ego, who strikes fear in the hearts of chefs all throughout France.",/t3vaWRPSf6WjDSamIkKDs1iQWna.jpg,/xgDj56UWyeWQcxQ44f5A3RTWuSs.jpg,2007-06-28,7.8,18343,"['Animation', 'Comedy', 'Family', 'Fantasy']",150000000,623726000,111,excellent
313369,tt3783958,La La Land,Here's to the fools who dream.,"Mia, an aspiring actress, serves lattes to movie stars in between auditions and Sebastian, a jazz musician, scrapes by playing cocktail party gigs in dingy bars, but as success mounts they are faced with decisions that begin to fray the fragile fabric of their love affair, and the dreams they worked so hard to maintain in each other threaten to rip them apart.",/uDO8zWDhfWwoFdKS4fzkUJt0Rf0.jpg,/nlPCdZlHtRNcF6C9hzUH4ebmV1w.jpg,2016-12-01,7.9,17983,"['Comedy', 'Drama', 'Romance']",30000000,509183536,129,excellent
205596,tt2084970,The Imitation Game,The true enigma was the man who cracked the code.,"Based on the real life story of legendary cryptanalyst Alan Turing, the film portrays the nail-biting race against time by Turing and his brilliant team of code-breakers at Britain's top-secret Government Code and Cypher School at Bletchley Park, during the darkest days of World War II.",/zSqJ1qFq8NXFfi7JeIYMlzyR0dx.jpg,/gLQoJ9P79g501oEEtrN8zMlCPpx.jpg,2014-11-14,7.985,17960,"['History', 'Drama', 'Thriller', 'War']",14000000,233555708,113,excellent
269149,tt2948356,Zootopia,Welcome to the urban jungle.,"Determined to prove herself, Officer Judy Hopps, the first bunny on Zootopia's police force, jumps at the chance to crack her first case - even if it means partnering with scam-artist fox Nick Wilde to solve the mystery.",/hlK0e0wAQ3VLuJcsfIYPvb4JVud.jpg,/9tOkjBEiiGcaClgJFtwocStZvIT.jpg,2016-02-11,7.759,17947,"['Animation', 'Adventure', 'Family', 'Comedy']",150000000,1025521689,109,excellent
207703,tt2802144,Kingsman: The Secret Service,Manners maketh man.,The story of a super-secret spy organization that recruits an unrefined but promising street kid into the agency's ultra-competitive training program just as a global threat emerges from a twisted tech genius.,/r6q9wZK5a2K51KFj4LWVID6Ja1r.jpg,/qzUIOTk0E3F1zjvYjcBRTKUTgf9.jpg,2015-01-24,7.62,17717,"['Crime', 'Comedy', 'Action', 'Adventure']",81000000,414351546,129,excellent
424694,tt1727824,Bohemian Rhapsody,Fearless lives forever.,"Singer Freddie Mercury, guitarist Brian May, drummer Roger Taylor and bass guitarist John Deacon take the music world by storm when they form the rock 'n' roll band Queen in 1970. Hit songs become instant classics. When Mercury's increasingly wild lifestyle starts to spiral out of control, Queen soon faces its greatest challenge yet – finding a way to keep the band together amid the success and excess.",/lHu1wtNaczFPGFDTrjCSzeLPTKN.jpg,/dcvbs8z0GEXslC1kCT77x19XDeR.jpg,2018-10-24,7.958,17661,"['Music', 'Drama']",52000000,910813521,135,excellent
1124,tt0482571,The Prestige,Are You Watching Closely?,"A mysterious story of two magicians whose intense rivalry leads them on a life-long battle for supremacy -- full of obsession, deceit and jealousy with dangerous and deadly consequences.",/Ag2B2KHKQPukjH7WutmgnnSNurZ.jpg,/z3br1ub7spqGMkxgjgJSdM4DC21.jpg,2006-10-17,8.206,17426,"['Drama', 'Mystery', 'Science Fiction']",40000000,109676311,130,excellent
324857,tt4633694,Spider-Man: Into the Spider-Verse,More than one wears the mask.,"Struggling to find his place in the world while juggling school and family, Brooklyn teenager Miles Morales is unexpectedly bitten by a radioactive spider and develops unfathomable powers just like the one and only Spider-Man. While wrestling with the implications of his new abilities, Miles discovers a super collider created by the madman Wilson ""Kingpin"" Fisk, causing others from across the Spider-Verse to be inadvertently transported to his dimension.",/iiZZdoQBEYBv6id8su7ImL0oCbD.jpg,/8mnXR9rey5uQ08rZAvzojKWbDQS.jpg,2018-12-06,8.393,17057,"['Animation', 'Action', 'Adventure', 'Science Fiction']",90000000,394884133,117,excellent
640,tt0264464,Catch Me If You Can,The true story of a real fake.,"A true story about Frank Abagnale Jr. who, before his 19th birthday, successfully conned millions of dollars worth of checks as a Pan Am pilot, doctor, and legal prosecutor. An FBI agent makes it his mission to put him behind bars. But Frank not only eludes capture, he revels in the pursuit.",/ctjEj2xM32OvBXCq8zAdK3ZrsAj.jpg,/ggC3Brchf4RqPitEh7cROFoeAWn.jpg,2002-12-16,7.978,16940,"['Drama', 'Crime']",52000000,352114312,141,excellent
333339,tt1677720,Ready Player One,A better reality awaits.,"When the creator of a popular video game system dies, a virtual contest is created to compete for his fortune.",/pU1ULUq8D3iRxl1fdX2lZIzdHuI.jpg,/5a7lMDn3nAj2ByO0X1fg6BhUphR.jpg,2018-03-28,7.6,16757,"['Adventure', 'Action', 'Science Fiction']",175000000,607274134,140,excellent
244786,tt2582802,Whiplash,The road to greatness can take you to the edge.,"Under the direction of a ruthless instructor, a talented young drummer begins to pursue perfection at any cost, even his humanity.",/7fn624j5lj3xTme2SgiLCeuedmO.jpg,/wbQa0EnWUyRzQ5d1pHLNRlmsCUP.jpg,2014-10-10,8.375,16490,"['Drama', 'Music', 'Thriller']",3300000,50307484,107,excellent
177572,tt2245084,Big Hero 6,Drop everything. Save the world.,"A special bond develops between plus-sized inflatable robot Baymax, and prodigy Hiro Hamada, who team up with a group of friends to form a band of high-tech heroes.",/2mxS4wUimwlLmI1xp6QW6NSU361.jpg,/4s2d3xdyqotiVNHTlTlJjrr3q0H.jpg,2014-10-24,7.724,16479,"['Adventure', 'Family', 'Animation', 'Action', 'Comedy']",165000000,657870525,102,excellent
330459,tt3748528,Rogue One: A Star Wars Story,Empires are built on fear. Rebellions are built on hope.,A rogue band of resistance fighters unite for a mission to steal the Death Star plans and bring a new hope to the galaxy.,/i0yw1mFbB7sNGHCs7EXZPzFkdA1.jpg,/6t8ES1d12OzWyCGxBeDYLHoaDrT.jpg,2016-12-14,7.505,16285,"['Action', 'Adventure', 'Science Fiction']",200000000,1056057273,133,excellent
38,tt0338013,Eternal Sunshine of the Spotless Mind,You can erase someone from your mind. Getting them out of your heart is another story.,"Joel Barish, heartbroken that his girlfriend underwent a procedure to erase him from her memory, decides to do the same. However, as he watches his memories of her fade away, he realises that he still loves her, and may be too late to correct his mistake.",/5MwkWH9tYHv3mV9OdYTMR5qreIz.jpg,/W1ffLQGHoxfAOq0ZYdPtJlvAdb.jpg,2004-03-19,8.091,16208,"['Science Fiction', 'Drama', 'Romance']",20000000,72258126,108,excellent
127585,tt1877832,X-Men: Days of Future Past,"To save the future, they must alter the past.",The ultimate X-Men ensemble fights a war for the survival of the species across two time periods as they join forces with their younger selves in an epic battle that must change the past – to save our future.,/tYfijzolzgoMOtegh1Y7j2Enorg.jpg,/fctQU5MoXgJ5pNMljFzlEFXwfSu.jpg,2014-05-15,7.53,16150,"['Action', 'Adventure', 'Science Fiction']",250000000,748045700,132,excellent
77,tt0209144,Memento,Some memories are best forgotten.,"Leonard Shelby is tracking down the man who raped and murdered his wife. The difficulty of locating his wife's killer, however, is compounded by the fact that he suffers from a rare, untreatable form of short-term memory loss. Although he can recall details of life before his accident, Leonard cannot remember what happened fifteen minutes ago, where he's going, or why.",/fKTPH2WvH8nHTXeBYBVhawtRqtR.jpg,/7Wev9JMo6R5XAfz2KDvXb7oPMmy.jpg,2000-10-11,8.177,16090,"['Mystery', 'Thriller']",9000000,40060108,113,excellent
1422,tt0407887,The Departed,"Cops or criminals. When you’re facing a loaded gun, what’s the difference?","To take down South Boston's Irish Mafia, the police send in one of their own to infiltrate the underworld, not realizing the syndicate has done likewise. While an undercover cop curries favor with the mob kingpin, a career criminal rises through the police ranks. But both sides soon discover there's a mole among them.",/nT97ifVT2J1yMQmeq20Qblg61T.jpg,/6WRrGYalXXveItfpnipYdayFkQB.jpg,2006-10-04,8.16,16057,"['Drama', 'Thriller', 'Crime']",90000000,291465000,151,excellent
120467,tt2278388,The Grand Budapest Hotel,A murder case of Madam D. with enormous wealth and the most outrageous events surrounding her sudden death!,"The Grand Budapest Hotel tells of a legendary concierge at a famous European hotel between the wars and his friendship with a young employee who becomes his trusted protégé. The story involves the theft and recovery of a priceless Renaissance painting, the battle for an enormous family fortune and the slow and then sudden upheavals that transformed Europe during the first half of the 20th century.",/eWdyYQreja6JGCzqHWXpWHDrrPo.jpg,/9udCLTxTFl28RxnK8Q05E154ZGa.jpg,2014-02-26,8.031,15953,"['Comedy', 'Drama']",30000000,174600318,100,excellent
10193,tt0435761,Toy Story 3,No toy gets left behind.,"Woody, Buzz, and the rest of Andy's toys haven't been played with in years. With Andy about to go to college, the gang find themselves accidentally left at a nefarious day care center. The toys must band together to escape and return home to Andy.",/AbbXspMOwdvwWZgVN0nabZq03Ec.jpg,/uAfhsySkr1UzQg1zdg3dZQRz9Fd.jpg,2010-06-16,7.804,15617,"['Animation', 'Family', 'Comedy']",200000000,1067316101,102,excellent
44214,tt0947798,Black Swan,,"The story of Nina, a ballerina in a New York City ballet company whose life, like all those in her profession, is completely consumed with dance. She lives with her retired ballerina mother Erica who zealously supports her daughter's professional ambition. When artistic director Thomas Leroy decides to replace prima ballerina Beth MacIntyre for the opening production of their new season, Swan Lake, Nina is his first choice.",/viWheBd44bouiLCHgNMvahLThqx.jpg,/g0geLM1zXpLb9mpqKw1ePcA5bTJ.jpg,2010-12-03,7.685,15451,"['Drama', 'Thriller', 'Horror']",13000000,329398046,108,excellent
752,tt0434409,V for Vendetta,People should not be afraid of their governments. Governments should be afraid of their people.,"In a world in which Great Britain has become a fascist state, a masked vigilante known only as “V” conducts guerrilla warfare against the oppressive British government. When V rescues a young woman from the secret police, he finds in her an ally with whom he can continue his fight to free the people of Britain.",/piZOwjyk1g51oPHonc7zaQY3WOv.jpg,/5EKplo61HbA5sMGAN0XAvzdo1MX.jpg,2006-02-23,7.899,15452,"['Action', 'Thriller', 'Science Fiction']",54000000,134686457,132,excellent
152601,tt1798709,Her,A Spike Jonze love story.,"In the not so distant future, Theodore, a lonely writer, purchases a newly developed operating system designed to meet the user's every need. To Theodore's surprise, a romantic relationship develops between him and his operating system. This unconventional love story blends science fiction and romance in a sweet tale that explores the nature of love and the ways that technology isolates and connects us all.",/eCOtqtfvn7mxGl6nfmq4b1exJRc.jpg,/nG5zmbVeYlcDhckrPAe06fArywn.jpg,2013-12-18,7.841,15198,"['Romance', 'Science Fiction', 'Drama']",23000000,47351251,126,excellent
273248,tt3460252,The Hateful Eight,No one comes up here without a damn good reason.,Bounty hunters seek shelter from a raging blizzard and get caught up in a plot of betrayal and deception.,/jIywvdPjia2t3eKYbjVTcwBQlG8.jpg,/7g1zO5t0bd27Iqn5ZUDJmksOGPJ.jpg,2015-12-25,7.8,15165,"['Drama', 'Mystery', 'Western']",44000000,155760117,188,excellent
335984,tt1856101,Blade Runner 2049,The key to the future is finally unearthed.,"Thirty years after the events of the first film, a new blade runner, LAPD Officer K, unearths a long-buried secret that has the potential to plunge what's left of society into chaos. K's discovery leads him on a quest to find Rick Deckard, a former LAPD blade runner who has been missing for 30 years.",/gajva2L0rPYkEWjzgFlBXCAVBE5.jpg,/askFH4GSk2u9z3ZE5ypdKIMeqLJ.jpg,2017-10-04,7.6,14980,"['Science Fiction', 'Drama']",150000000,259239658,164,excellent
393,tt0378194,Kill Bill: Vol. 2,The bride is back for the final cut.,"The Bride unwaveringly continues on her roaring rampage of revenge against the band of assassins who had tried to kill her and her unborn child. She visits each of her former associates one-by-one, checking off the victims on her Death List Five until there's nothing left to do … but kill Bill.",/2yhg0mZQMhDyvUQ4rG1IZ4oIA8L.jpg,/pgG6tzJzC8mjGqhaT8IWwEk00xf.jpg,2004-04-16,7.877,14951,"['Action', 'Crime', 'Thriller']",30000000,152159461,136,excellent
137113,tt1631867,Edge of Tomorrow,Live. Die. Repeat.,"Major Bill Cage is an officer who has never seen a day of combat when he is unceremoniously demoted and dropped into combat. Cage is killed within minutes, managing to take an alpha alien down with him. He awakens back at the beginning of the same day and is forced to fight and die again... and again - as physical contact with the alien has thrown him into a time loop.",/nBM9MMa2WCwvMG4IJ3eiGUdbPe6.jpg,/4V1yIoAKPMRQwGBaSses8Bp2nsi.jpg,2014-05-27,7.636,14926,"['Action', 'Science Fiction']",178000000,370541256,114,excellent
324786,tt2119532,Hacksaw Ridge,One of the greatest heroes in American history never fired a bullet.,"WWII American Army Medic Desmond T. Doss, who served during the Battle of Okinawa, refuses to kill people and becomes the first Conscientious Objector in American history to receive the Congressional Medal of Honor.",/fnOMP6mjmOmZwmlC1n0K7ivrzt1.jpg,/vDKRMZGFTKP9nQolzeSB1rB1w6p.jpg,2016-10-07,8.189,14734,"['Drama', 'History', 'War']",40000000,175302354,139,excellent
438631,tt1160419,Dune,It begins.,"Paul Atreides, a brilliant and gifted young man born into a great destiny beyond his understanding, must travel to the most dangerous planet in the universe to ensure the future of his family and his people. As malevolent forces explode into conflict over the planet's exclusive supply of the most precious resource in existence-a commodity capable of unlocking humanity's greatest potential-only those who can conquer their fear will survive.",/gDzOcq0pfeCeqMBwKIJlSmQpjkZ.jpg,/qVgZu5BTx6pu4owCvVOm4zjTfOi.jpg,2021-09-15,7.78,14709,"['Science Fiction', 'Adventure']",165000000,410668500,155,excellent
10191,tt0892769,How to Train Your Dragon,What started as fire and fury will become friendship.,"As the son of a Viking leader on the cusp of manhood, shy Hiccup Horrendous Haddock III faces a rite of passage: he must kill a dragon to prove his warrior mettle. But after downing a feared dragon, he realizes that he no longer wants to destroy it, and instead befriends the beast – which he names Toothless – much to the chagrin of his warrior father.",/ygGmAO60t8GyqUo9xYeYxSZAR3b.jpg,/59vDC1BuEQvti24OMr0ZvtAK6R1.jpg,2010-03-18,7.857,14254,"['Fantasy', 'Adventure', 'Animation', 'Family']",165000000,495141736,98,excellent
264660,tt0470752,Ex Machina,There is nothing more human than the will to survive.,"Caleb, a coder at the world's largest internet company, wins a competition to spend a week at a private mountain retreat belonging to Nathan, the reclusive CEO of the company. But when Caleb arrives at the remote location he finds that he will have to participate in a strange and fascinating experiment in which he must interact with the world's first true artificial intelligence, housed in the body of a beautiful robot girl.",/dmJW8IAKHKxFNiUnoDR7JfsK7Rp.jpg,/uqOuJ50EtTj7kkDIXP8LCg7G45D.jpg,2015-01-21,7.574,14153,"['Drama', 'Science Fiction']",15000000,36869414,108,excellent
57158,tt1170358,The Hobbit: The Desolation of Smaug,Beyond darkness... beyond desolation... lies the greatest danger of all.,"The Dwarves, Bilbo and Gandalf have successfully escaped the Misty Mountains, and Bilbo has gained the One Ring. They all continue their journey to get their gold back from the Dragon, Smaug.",/xQYiXsheRCDBA39DOrmaw1aSpbk.jpg,/hwPnxzIgQFfXl5zP0Yh8bViCMzf.jpg,2013-12-11,7.576,14093,"['Fantasy', 'Adventure', 'Action']",250000000,958400000,161,excellent
76600,tt1630029,Avatar: The Way of Water,Return to Pandora.,"Set more than a decade after the events of the first film, learn the story of the Sully family (Jake, Neytiri, and their kids), the trouble that follows them, the lengths they go to keep each other safe, the battles they fight to stay alive, and the tragedies they endure.",/t6HIqrRAclMCA60NsSmeqe9RmNV.jpg,/kJsPVzdyBrYHLomuNv5SJDXUQ2f.jpg,2022-12-14,7.592,13959,"['Action', 'Adventure', 'Science Fiction']",350000000,2353096253,192,excellent
546554,tt8946378,Knives Out,"Hell, any of them could have done it.","When renowned crime novelist Harlan Thrombey is found dead at his estate just after his 85th birthday, the inquisitive and debonair Detective Benoit Blanc is mysteriously enlisted to investigate. From Harlan's dysfunctional family to his devoted staff, Blanc sifts through a web of red herrings and self-serving lies to uncover the truth behind Harlan's untimely death.",/pThyQovXQrw2m0s9x82twj48Jq4.jpg,/4HWAQu28e2yaWrtupFPGFkdNU7V.jpg,2019-11-27,7.839,13879,"['Comedy', 'Crime', 'Mystery']",40000000,312897920,131,excellent
277834,tt3521164,Moana,The ocean is calling.,"In Ancient Polynesia, when a terrible curse incurred by Maui reaches an impetuous Chieftain's daughter's island, she answers the Ocean's call to seek out the demigod to set things right.",/9tzN8sPbyod2dsa0lwuvrwBDWra.jpg,/iYLKMV7PIBtFmtygRrhSiyzcVsF.jpg,2016-10-13,7.564,13661,"['Adventure', 'Comedy', 'Family', 'Animation']",150000000,690860472,107,excellent
4922,tt0421715,The Curious Case of Benjamin Button,"Life isn't measured in minutes, but in moments.","Born under unusual circumstances, Benjamin Button springs into being as an elderly man in a New Orleans nursing home and ages in reverse. Twelve years after his birth, he meets Daisy, a child who flits in and out of his life as she grows up to be a dancer. Though he has all sorts of unusual adventures over the course of his life, it is his relationship with Daisy, and the hope that they will come together at the right time, that drives Benjamin forward.",/26wEWZYt6yJkwRVkjcbwJEFh9IS.jpg,/2fswjyrY3GEzeoVn6mF8pNeNcgf.jpg,2008-12-25,7.598,13624,"['Drama', 'Fantasy', 'Romance']",150000000,335802786,166,excellent
64690,tt0780504,Drive,There are no clean getaways.,"Driver is a skilled Hollywood stuntman who moonlights as a getaway driver for criminals. Though he projects an icy exterior, lately he's been warming up to a pretty neighbor named Irene and her young son, Benicio. When Irene's husband gets out of jail, he enlists Driver's help in a million-dollar heist. The job goes horribly wrong, and Driver must risk his life to protect Irene and Benicio from the vengeful masterminds behind the robbery.",/602vevIURmpDfzbnv5Ubi6wIkQm.jpg,/iymDDg4upZWgpbSeiE1JCjsSPBs.jpg,2011-09-15,7.584,13503,"['Drama', 'Thriller', 'Crime']",15000000,79713640,100,excellent
530915,tt8579674,1917,Time is the enemy.,"At the height of the First World War, two young British soldiers must cross enemy territory and deliver a message that will stop a deadly attack on hundreds of soldiers.",/iZf0KyrE25z1sage4SYFLCCrMi9.jpg,/2lBOQK06tltt8SQaswgb8d657Mv.jpg,2019-12-25,8.0,13431,"['War', 'History', 'Drama']",100000000,446064352,119,excellent
141,tt0246578,Donnie Darko,"28 days, 6 hours, 42 minutes, 12 seconds... that is when the world will end.","After narrowly escaping a bizarre accident, a troubled teenager is plagued by visions of a large bunny rabbit that manipulates him to commit a series of crimes.",/sv7D4vlfIH25lNjQYoXzoOFCYaz.jpg,/msCHK5Kh1YbdZ0zPJ2nzPUhhSN9.jpg,2001-01-19,7.764,13310,"['Fantasy', 'Drama', 'Mystery']",4500000,7500000,114,excellent
6977,tt0477348,No Country for Old Men,There are no clean getaways.,"Llewelyn Moss stumbles upon dead bodies, $2 million and a hoard of heroin in a Texas desert, but methodical killer Anton Chigurh comes looking for it, with local sheriff Ed Tom Bell hot on his trail. The roles of prey and predator blur as the violent pursuit of money and justice collide.",/6d5XOczc226jECq0LIX0siKtgHR.jpg,/gddUsvfyySrM5k8B8wwJy2VRlBx.jpg,2007-11-09,7.95,13175,"['Crime', 'Thriller', 'Western']",25000000,171627166,122,excellent
296096,tt2674426,Me Before You,Live boldly.,"Lou Clark, a directionless 26-year-old from the English countryside, takes a job at the local castle as a caregiver and companion to a wealthy young banker, Will Traynor. Wheelchair-bound from an accident two years prior, the once adventurous Will has all but given up — that is until Lou determines to show him that life is worth living.",/Ia3dzj5LnCj1ZBdlVeJrbKJQxG.jpg,/3WK7p9EdZmmvB1IbB2Vw9Rf4lXH.jpg,2016-06-01,7.916,13151,"['Drama', 'Romance']",20000000,207945075,110,excellent
146233,tt1392214,Prisoners,Every moment matters.,"Keller Dover is facing every parent’s worst nightmare. His six-year-old daughter, Anna, is missing, together with her young friend, Joy, and as minutes turn to hours, panic sets in. The only lead is a dilapidated RV that had earlier been parked on their street.",/jsS3a3ep2KyBVmmiwaz3LvK49b1.jpg,/n1ItmvzsDV5yLgDodSCLZpFlsP6.jpg,2013-09-19,8.1,12922,"['Drama', 'Thriller', 'Crime']",46000000,122127446,153,excellent
228150,tt2713180,Fury,War never ends quietly.,"April, 1945. As the Allies make their final push in the European Theatre, a battle-hardened army sergeant named Wardaddy commands a Sherman tank and her five-man crew on a deadly mission behind enemy lines. Outnumbered and outgunned, and with a rookie soldier thrust into their platoon, Wardaddy and his men face overwhelming odds in their heroic attempts to strike at the heart of Nazi Germany.",/pfte7wdMobMF4CVHuOxyu6oqeeA.jpg,/95ckrV6wQgbffurAVmETQ5YKASL.jpg,2014-10-15,7.543,12835,"['War', 'Drama', 'Action']",68000000,211817906,135,excellent
490132,tt6966692,Green Book,Inspired by a True Friendship.,"Tony Lip, a bouncer in 1962, is hired to drive pianist Don Shirley on a tour through the Deep South in the days when African Americans, forced to find alternate accommodations and services due to segregation laws below the Mason-Dixon Line, relied on a guide called The Negro Motorist Green Book.",/7BsvSuDQuoqhWmU2fL7W2GOcZHU.jpg,/5En0fmDagt3Pk8d7P3uTwfeQceg.jpg,2018-11-16,8.224,12750,"['Drama', 'Comedy', 'History']",23000000,321752656,130,excellent
398818,tt5726616,Call Me by Your Name,Is it better to speak or die?,"In the summer of 1983, a 17-year-old Elio spends his days in his family's villa in Italy. One day Oliver, a graduate student, arrives to assist Elio's father, a professor of Greco-Roman culture. Soon, Elio and Oliver discover a summer that will alter their lives forever.",/mZ4gBdfkhP9tvLH1DO4m4HYtiyi.jpg,/fwf4L3r2ZU9ptOB9nOo5nuVLo1i.jpg,2017-10-01,8.093,12686,"['Romance', 'Drama']",3500000,43143046,132,excellent
138843,tt1457767,The Conjuring,Based on the true case files of the Warrens.,"Paranormal investigators Ed and Lorraine Warren work to help a family terrorized by a dark presence in their farmhouse. Forced to confront a powerful entity, the Warrens find themselves caught in the most terrifying case of their lives.",/wVYREutTvI2tmxr6ujrHT704wGF.jpg,/ecKQlAEG95k62SMGhvX83oEqANK.jpg,2013-07-18,7.537,12615,"['Horror', 'Thriller']",13000000,321293998,112,excellent
11036,tt0332280,The Notebook,Behind every great love is a great story.,"An epic love story centered around an older man who reads aloud to a woman with Alzheimer's. From a faded notebook, the old man's words bring to life the story about a couple who is separated by World War II, and is then passionately reunited, seven years later, after they have taken different paths.",/rNzQyW4f8B8cQeg7Dgj3n6eT5k9.jpg,/zdXnJqBaGFVtLoPNuMeKfEYUViZ.jpg,2004-06-25,7.887,12443,"['Romance', 'Drama']",29000000,115600000,123,excellent
38757,tt0398286,Tangled,They're taking adventure to new lengths.,"Feisty teenager Rapunzel, who has long and magical hair, wants to go and see sky lanterns on her eighteenth birthday, but she's bound to a tower by her overprotective mother. She strikes a deal with Flynn Rider, a charming wanted thief, and the duo set off on an action-packed escapade.",/ym7Kst6a4uodryxqbGOxmewF235.jpg,/cWczNud8Y8i8ab0Z4bxos4myWYO.jpg,2010-11-24,7.61,12295,"['Animation', 'Family', 'Adventure']",260000000,592461732,100,excellent
8358,tt0162222,Cast Away,"At the edge of the world, his journey begins.","Chuck Noland, a top international manager for FedEx, and Kelly, a Ph.D. student, are in love and heading towards marriage. Then Chuck's plane to Malaysia crashes at sea during a terrible storm. He's the only survivor, and finds himself marooned on a desolate island. With no way to escape, Chuck must find ways to survive in his new home.",/7lLJgKnAicAcR5UEuo8xhSMj18w.jpg,/oCFVYPXI4IfhtF3GapU2jkDicDI.jpg,2000-12-22,7.661,12175,"['Adventure', 'Drama']",90000000,429632142,143,excellent
76203,tt2024544,12 Years a Slave,The extraordinary true story of Solomon Northup.,"In the pre-Civil War United States, Solomon Northup, a free black man from upstate New York, is abducted and sold into slavery. Facing cruelty as well as unexpected kindnesses Solomon struggles not only to stay alive, but to retain his dignity. In the twelfth year of his unforgettable odyssey, Solomon’s chance meeting with a Canadian abolitionist will forever alter his life.",/xdANQijuNrJaw1HA61rDccME4Tm.jpg,/4Bb1kMIfrT2tYRZ9M6Jhqy6gkeF.jpg,2013-10-18,7.933,11914,"['Drama', 'History']",20000000,187000000,134,excellent
414906,tt1877830,The Batman,Unmask the truth.,"In his second year of fighting crime, Batman uncovers corruption in Gotham City that connects to his own family while facing a serial killer known as the Riddler.",/74xTEgt7R36Fpooo50r9T25onhq.jpg,/rvtdN5XkWAfGX6xDuPL6yYS2seK.jpg,2022-03-01,7.7,11779,"['Crime', 'Mystery', 'Thriller']",185000000,772775278,177,excellent
242582,tt2872718,Nightcrawler,The city shines brightest at night.,"When Lou Bloom, desperate for work, muscles into the world of L.A. crime journalism, he blurs the line between observer and participant to become the star of his own story. Aiding him in his effort is Nina, a TV-news veteran.",/j9HrX8f7GbZQm1BrBiR40uFQZSb.jpg,/bdI6U1mT0kCdTJ6TWtiFxQ42GSn.jpg,2014-10-23,7.709,11622,"['Crime', 'Drama', 'Thriller']",8500000,47425835,118,excellent
872585,tt15398776,Oppenheimer,The world forever changes.,The story of J. Robert Oppenheimer's role in the development of the atomic bomb during World War II.,/8Gxv8gSFCU0XGDykEGv7zR1n2ua.jpg,/neeNHeXjMF5fXoCJRsOmkNGC7q.jpg,2023-07-19,8.032,11598,"['Drama', 'History']",100000000,952000000,181,excellent
36557,tt0381061,Casino Royale,Everyone has a past. Every legend has a beginning.,"Le Chiffre, a banker to the world's terrorists, is scheduled to participate in a high-stakes poker game in Montenegro, where he intends to use his winnings to establish his financial grip on the terrorist market. M sends Bond—on his maiden mission as a 00 Agent—to attend this game and prevent Le Chiffre from winning. With the help of Vesper Lynd and Felix Leiter, Bond enters the most important poker game in his already dangerous career.",/lMrxYKKhd4lqRzwUHAy5gcx9PSO.jpg,/klJMCIblHLFwCuGjKz7tyOpekIC.jpg,2006-11-14,7.57,11585,"['Adventure', 'Action', 'Thriller']",150000000,599045960,144,excellent
222935,tt2582846,The Fault in Our Stars,Life doesn't have to be perfect for love to be extraordinary.,"Despite the tumor-shrinking medical miracle that has bought her a few years, Hazel has never been anything but terminal, her final chapter inscribed upon diagnosis. But when a patient named Augustus Waters suddenly appears at Cancer Kid Support Group, Hazel's story is about to be completely rewritten.",/kcVuktIlrn9SAN1uBmPDnocTQmF.jpg,/oQaVV7p916HO5MDI820zzs1pin9.jpg,2014-06-02,7.591,11525,"['Romance', 'Drama']",14000000,307166834,126,excellent
13223,tt1205489,Gran Torino,Get off my lawn.,"Disgruntled Korean War veteran Walt Kowalski sets out to reform his neighbor, Thao Lor, a Hmong teenager who tried to steal Kowalski's prized possession: a 1972 Gran Torino.",/zUybYvxWdAJy5hhYovsXtHSWI1l.jpg,/1uyDZmTjUQsbflqfkUJZvAGV3bv.jpg,2008-12-12,7.989,11469,['Drama'],33000000,270000000,116,excellent
1949,tt0443706,Zodiac,There's more than one way to lose your life to a killer.,"Over the course of a decade, editors of the San Francisco Chronicle entice themselves in the murders of the Zodiac Killer. However, as time runs its course, interest in the case dwindles in the eyes of the professionals. The Killer stops interacting with the public. However, believing he has the answers, an amateur cartoonist from the initial sightings races against time to prevent what he believes is another murder.",/6YmeO4pB7XTh8P8F960O1uA14JO.jpg,/3zCPI4JFc54xvLaJ71oI2KoP3az.jpg,2007-03-02,7.529,11451,"['Crime', 'Mystery', 'Thriller']",65000000,84785914,157,excellent
508442,tt2948372,Soul,Everybody has a soul. Joe Gardner is about to find his.,"Joe Gardner is a middle school teacher with a love for jazz music. After a successful audition at the Half Note Club, he suddenly gets into an accident that separates his soul from his body and is transported to the You Seminar, a center in which souls develop and gain passions before being transported to a newborn child. Joe must enlist help from the other souls-in-training, like 22, a soul who has spent eons in the You Seminar, in order to get back to Earth.",/6jmppcaubzLF8wkXM36ganVISCo.jpg,/rQaHA74pevnGsxcKGaoZVGWe9TC.jpg,2020-12-25,8.093,11318,"['Animation', 'Family', 'Drama', 'Music', 'Fantasy']",150000000,121977511,101,excellent
12405,tt1010048,Slumdog Millionaire,What does it take to find a lost love?,"A teenager reflects on his life after being accused of cheating on the Indian version of ""Who Wants to be a Millionaire?"".",/5leCCi7ZF0CawAfM5Qo2ECKPprc.jpg,/1wZoVT9RJsZmNjg8CecXqSgFUd9.jpg,2008-11-12,7.731,11243,"['Drama', 'Romance']",15000000,378400000,121,excellent
84892,tt1659337,The Perks of Being a Wallflower,We are infinite.,"Pittsburgh, Pennsylvania, 1991. High school freshman Charlie is a wallflower, always watching life from the sidelines, until two senior students, Sam and her stepbrother Patrick, become his mentors, helping him discover the joys of friendship, music and love.",/aKCvdFFF5n80P2VdS7d8YBwbCjh.jpg,/aM6E4DBP6588q3tEr9hz41ls80q.jpg,2012-09-20,7.802,11127,['Drama'],13000000,33384127,103,excellent
266856,tt2980516,The Theory of Everything,His mind changed our world. Her love changed his.,"The Theory of Everything is the extraordinary story of one of the world’s greatest living minds, the renowned astrophysicist Stephen Hawking, who falls deeply in love with fellow Cambridge student Jane Wilde.",/kJuL37NTE51zVP3eG5aGMyKAIlh.jpg,/dh2QT3TPtAQf057yeLpNMuaJlmp.jpg,2014-11-07,7.833,11060,"['Drama', 'Romance']",15000000,123726688,123,excellent
453,tt0268978,A Beautiful Mind,He saw the world in a way no one could have imagined.,"From the heights of notoriety to the depths of depravity, John Forbes Nash Jr. experiences it all. As a brilliant but socially awkward mathematician, he made a groundbreaking discovery early in his career and stands on the brink of international acclaim. But as the handsome and arrogant Nash accepts secret work in cryptography, he becomes entangled in a mysterious conspiracy. His life takes a nightmarish turn and he soon finds himself on a painful and harrowing journey of self-discovery.",/zwzWCmH72OSC9NA0ipoqw5Zjya8.jpg,/vVBcIN68kFq681b4lObiNJhEVro.jpg,2001-12-14,7.855,10991,"['Drama', 'Romance']",58000000,316791257,135,excellent
641,tt0180093,Requiem for a Dream,,The drug-induced utopias of four Coney Island residents are shattered when their addictions run deep.,/nOd6vjEmzCT0k4VYqsA2hwyi87C.jpg,/7tZt3PA948fvSTFx0699YF44Tdt.jpg,2000-10-06,8.012,10868,"['Crime', 'Drama']",4500000,7390108,102,excellent
359940,tt5027774,"Three Billboards Outside Ebbing, Missouri",,"After seven months have passed without a culprit in her daughter's murder case, Mildred Hayes makes a bold move, painting three signs leading into her town with a controversial message directed at Bill Willoughby, the town's revered chief of police. When his second-in-command Officer Jason Dixon, an immature mother's boy with a penchant for violence, gets involved, the battle between Mildred and Ebbing's law enforcement is only exacerbated.",/bRYLt8fV82tdVoDppSFTZIcJiLN.jpg,/oQHF0Y4gCw6VdPmapjsbZoxY2ht.jpg,2017-12-01,8.06,10819,"['Crime', 'Drama']",15000000,162729321,115,excellent
361743,tt1745960,Top Gun: Maverick,Feel the need... The need for speed.,"After more than thirty years of service as one of the Navy’s top aviators, and dodging the advancement in rank that would ground him, Pete “Maverick” Mitchell finds himself training a detachment of TOP GUN graduates for a specialized mission the likes of which no living pilot has ever seen.",/62HCnUTziyWcpDaBO2i1DX17ljH.jpg,/AaV1YIdWKnjAIAOe8UUKBFm327v.jpg,2022-05-21,8.151,10761,"['Action', 'Drama']",170000000,1488732821,131,excellent
791373,tt12361974,Zack Snyder's Justice League,Us united.,"Determined to ensure Superman's ultimate sacrifice was not in vain, Bruce Wayne aligns forces with Diana Prince with plans to recruit a team of metahumans to protect the world from an approaching threat of catastrophic proportions.",/tnAuB8q5vv7Ax9UAEje5Xi4BXik.jpg,/13Nz8EchKRdCgJcKdEoJAnpiVn2.jpg,2021-03-18,8.09,10728,"['Action', 'Adventure', 'Fantasy']",70000000,0,242,excellent
399566,tt5034838,Godzilla vs. Kong,One will fall.,"In a time when monsters walk the Earth, humanity’s fight for its future sets Godzilla and Kong on a collision course that will see the two most powerful forces of nature on the planet collide in a spectacular battle for the ages.",/pgqgaUx1cJb5oZQQ5v0tNARCeBp.jpg,/wWqTMWkEw6HouLd1zPZbZWxtAPr.jpg,2021-03-24,7.538,10555,"['Action', 'Science Fiction', 'Adventure']",200000000,470116094,114,excellent
1402,tt0454921,The Pursuit of Happyness,"For his son, one man will reach for the impossible.",A struggling salesman takes custody of his son as he's poised to begin a life-changing professional career.,/lBYOKAMcxIvuk9s9hMuecB9dPBV.jpg,/5jhG1lTgV0MS6tDkBMQSSitttTT.jpg,2006-12-14,7.9,10509,['Drama'],55000000,307077295,117,excellent
502356,tt6718170,The Super Mario Bros. Movie,Not all heroes wear capes. Some wear overalls.,"While working underground to fix a water main, Brooklyn plumbers—and brothers—Mario and Luigi are transported down a mysterious pipe and wander into a magical new world. But when the brothers are separated, Mario embarks on an epic quest to find Luigi.",/qNBAXBIQlnOThrVvA6mA2B5ggV6.jpg,/9n2tJBplPbgR2ca05hS5CKXwP2c.jpg,2023-04-05,7.587,10483,"['Family', 'Comedy', 'Adventure', 'Fantasy', 'Animation']",100000000,1360879735,93,excellent
82702,tt1646971,How to Train Your Dragon 2,,"Five years after uniting the dragons and Vikings of Berk, Hiccup and Toothless soar beyond their homeland, charting the vast unknown. During one of their adventures, the pair discover a secret cave that houses hundreds of wild dragons -- and a mysterious dragon rider with a startling connection to Hiccup. And as the ruthless dragon conqueror Drago Bludvist rises to seize control of both dragons and people alike, Hiccup must step into his role as a true leader and, alongside his friends and Toothless, protect Berk from a devastating war.",/d13Uj86LdbDLrfDoHR5aDOFYyJC.jpg,/8AAuJtCzaibYkbE0QVHc8EBsELB.jpg,2014-06-05,7.679,10349,"['Fantasy', 'Action', 'Adventure', 'Animation', 'Family']",145000000,621537519,102,excellent
381284,tt4846340,Hidden Figures,"Meet the women you don't know, behind the mission you do.","The untold story of Katherine G. Johnson, Dorothy Vaughan and Mary Jackson – brilliant African-American women working at NASA and serving as the brains behind one of the greatest operations in history – the launch of astronaut John Glenn into orbit. The visionary trio crossed all gender and race lines to inspire generations to dream big.",/9lfz2W2uGjyow3am00rsPJ8iOyq.jpg,/rfkIeCaIHhN3K5wjJJqKmfUjYp8.jpg,2016-12-10,8.04,10339,"['Drama', 'History']",25000000,235957472,127,excellent
515001,tt2584384,Jojo Rabbit,An anti-hate satire.,"Jojo, a lonely German boy during World War II has his world shaken when he learns that his single mother is hiding a Jewish girl in their home. Influenced by a buffoonish imaginary version of Adolf Hitler, he begins to question his beliefs and confront the conflict between propaganda and his own humanity.",/7GsM4mtM0worCtIVeiQt28HieeN.jpg,/lTyikzfGgRX5ZqIfVeT26APYfRL.jpg,2019-10-18,7.989,10321,"['Comedy', 'War', 'Drama']",14000000,82468705,108,excellent
70,tt0405159,Million Dollar Baby,"Beyond his silence, there is a past. Beyond her dreams, there is a feeling. Beyond hope, there is a memory. Beyond their journey, there is a love.","Despondent over a painful estrangement from his daughter, trainer Frankie Dunn isn't prepared for boxer Maggie Fitzgerald to enter his life. But Maggie's determined to go pro and to convince Dunn and his cohort to help her.",/jcfEqKdWF1zeyvECPqp3mkWLct2.jpg,/oGMomeS7bE43eN8SGJUaKvQnmud.jpg,2004-12-05,7.952,10276,['Drama'],30000000,216763646,132,excellent
568124,tt2953050,Encanto,There's a little magic in all of us...almost all of us.,"The tale of an extraordinary family, the Madrigals, who live hidden in the mountains of Colombia, in a magical house, in a vibrant town, in a wondrous, charmed place called an Encanto. The magic of the Encanto has blessed every child in the family—every child except one, Mirabel. But when she discovers that the magic surrounding the Encanto is in danger, Mirabel decides that she, the only ordinary Madrigal, might just be her exceptional family's last hope.",/4j0PNHkMr5ax3IA8tjtxcmPU3QT.jpg,/3G1Q5xF40HkUBJXxt2DQgQzKTp5.jpg,2021-10-13,7.569,10137,"['Animation', 'Comedy', 'Family', 'Fantasy']",150000000,261292688,102,excellent
3933,tt0121164,Corpse Bride,There's been a grave misunderstanding.,"In a 19th-century European village, a young man about to be married is whisked away to the underworld and wed to a mysterious corpse bride, while his real bride waits bereft in the land of the living.",/isb2Qow76GpqYmsSyfdMfsYAjts.jpg,/v23fWgJUEt8EMmvn19btIacxP8E.jpg,2005-09-12,7.585,10099,"['Romance', 'Fantasy', 'Animation']",40000000,118133252,77,excellent
5915,tt0758758,Into the Wild,Into the heart. Into the soul.,"After graduating from Emory University in 1992, top student and athlete Christopher McCandless abandons his possessions, gives his entire $24,000 savings account to charity, and hitchhikes to Alaska to live in the wilderness.",/jnLnLYP5pGDfri04gxtAqAvkHMw.jpg,/87tmTU1NSR5EUGTKsF5rhLwZtZc.jpg,2007-09-21,7.799,10069,"['Adventure', 'Drama']",15000000,56255142,148,excellent
423,tt0253474,The Pianist,Music was his passion. Survival was his masterpiece.,"The true story of pianist Władysław Szpilman's experiences in Warsaw during the Nazi occupation. When the Jews of the city find themselves forced into a ghetto, Szpilman finds work playing in a café; and when his family is deported in 1942, he stays behind, works for a while as a laborer, and eventually goes into hiding in the ruins of the war-torn city.",/2hFvxCCWrTmCYwfy7yum0GKRi3Y.jpg,/c0fB9xk7D1aVb3Bg2rk2SVJcGn.jpg,2002-09-17,8.376,10046,"['Drama', 'War']",35000000,120098945,150,excellent
316029,tt1485796,The Greatest Showman,The impossible comes true.,"The story of American showman P.T. Barnum, founder of the circus that became the famous traveling Ringling Bros. and Barnum & Bailey Circus.",/b9CeobiihCx1uG1tpw8hXmpi7nm.jpg,/lrNKm3HNvGdZoAfiBKu7b04FLHN.jpg,2017-12-20,7.862,9988,['Drama'],84000000,459066134,105,excellent
337404,tt3228774,Cruella,Hello cruel world.,"In 1970s London amidst the punk rock revolution, a young grifter named Estella is determined to make a name for herself with her designs. She befriends a pair of young thieves who appreciate her appetite for mischief, and together they are able to build a life for themselves on the London streets. One day, Estella’s flair for fashion catches the eye of the Baroness von Hellman, a fashion legend who is devastatingly chic and terrifyingly haute. But their relationship sets in motion a course of events and revelations that will cause Estella to embrace her wicked side and become the raucous, fashionable and revenge-bent Cruella.",/hjS9mH8KvRiGHgjk6VUZH7OT0Ng.jpg,/6MKr3KgOLmzOP6MSuZERO41Lpkt.jpg,2021-05-26,7.973,9985,"['Comedy', 'Crime', 'Adventure']",200000000,233503234,134,excellent
107,tt0208092,Snatch,Stealin' stones and breakin' bones.,"Unscrupulous boxing promoters, violent bookies, a Russian gangster, incompetent amateur robbers, and supposedly Jewish jewellers fight to track down a priceless stolen diamond.",/kJZoAHq1SLDdWjeNGtlHAnGpmFV.jpg,/gTghF8ardwJ48XLHkiapWk3ZmSo.jpg,2000-09-01,7.82,9880,"['Crime', 'Comedy']",100000000,83557872,103,excellent
264644,tt3170832,Room,Love knows no boundaries,"Held captive for 7 years in an enclosed space, a woman and her young son finally gain their freedom, allowing the boy to experience the outside world for the first time.",/2hHDMeYyZjbGWn0BeNH1cTMxuM7.jpg,/cGV6R2vzT4TYIabf3JgmrOISQ0y.jpg,2015-10-16,8.0,9636,"['Drama', 'Thriller']",13000000,35401758,118,excellent
747,tt0365748,Shaun of the Dead,A romantic comedy. With zombies.,"Shaun lives a supremely uneventful life, which revolves around his girlfriend, his mother, and, above all, his local pub. This gentle routine is threatened when the dead return to life and make strenuous attempts to snack on ordinary Londoners.",/dgXPhzNJH8HFTBjXPB177yNx6RI.jpg,/wb34q3VgzHgL8frVMywrN3wXmqx.jpg,2004-04-09,7.542,9251,"['Horror', 'Comedy']",6000000,39396175,99,excellent
45269,tt1504320,The King's Speech,Find your voice.,"The King's Speech tells the story of the man who became King George VI, the father of Queen Elizabeth II. After his brother abdicates, George ('Bertie') reluctantly assumes the throne. Plagued by a dreaded stutter and considered unfit to be king, Bertie engages the help of an unorthodox speech therapist named Lionel Logue. Through a set of unexpected techniques, and as a result of an unlikely friendship, Bertie is able to find his voice and boldly lead the country into war.",/pVNKXVQFukBaCz6ML7GH3kiPlQP.jpg,/6dyqfaPdeM5Z22ylw9ZTyjROBo7.jpg,2010-11-26,7.733,9237,"['Drama', 'History']",15000000,414211549,118,excellent
122906,tt2194499,About Time,What if every moment in life came with a second chance?,"The night after another unsatisfactory New Year's party, Tim's father tells his son that the men in his family have always had the ability to travel through time. They can't change history, but they can change what happens and has happened in their own lives. Thus begins the start of a lesson in learning to appreciate life itself as it is, as it comes, and most importantly, the people living alongside us.",/ls6zswrOZVhCXQBh96DlbnLBajM.jpg,/einbto9qLXFx9QXxEHylaxDbKPx.jpg,2013-09-04,7.907,9178,"['Drama', 'Romance', 'Fantasy']",12000000,87100449,123,excellent
152532,tt0790636,Dallas Buyers Club,Dare to live.,"Loosely based on the true-life tale of Ron Woodroof, a drug-taking, women-loving, homophobic man who in 1986 was diagnosed with HIV/AIDS and given thirty days to live.",/7Fdh7gUq3plvQqxRbNYhWvDABXA.jpg,/sbVKj98cq0FztCukzu47bu0H8o7.jpg,2013-11-01,7.918,9007,"['Drama', 'History']",5000000,55736588,117,excellent
50014,tt1454029,The Help,Change begins with a whisper.,"Aibileen Clark is a middle-aged African-American maid who has spent her life raising white children and has recently lost her only son; Minny Jackson is an African-American maid who has often offended her employers despite her family's struggles with money and her desperate need for jobs; and Eugenia ""Skeeter"" Phelan is a young white woman who has recently moved back home after graduating college to find out her childhood maid has mysteriously disappeared. These three stories intertwine to explain how life in Jackson, Mississippi revolves around ""the help""; yet they are always kept at a certain distance because of racial lines.",/3kmfoWWEc9Vtyuaf9v5VipRgdjx.jpg,/k2ZdjMXmqnw4RJeh8cwxCvcznJZ.jpg,2011-08-09,8.198,8943,['Drama'],25000000,216600000,146,excellent
508943,tt12801262,Luca,Prepare for an unforgettable trip.,Luca and his best friend Alberto experience an unforgettable summer on the Italian Riviera. But all the fun is threatened by a deeply-held secret: they are sea monsters from another world just below the water’s surface.,/9x4i9uKGXt8IiiIF5Ey0DIoY738.jpg,/620hnMVLu6RSZW6a5rwO8gqpt0t.jpg,2021-06-17,7.783,8892,"['Animation', 'Family', 'Fantasy', 'Comedy', 'Drama']",200000000,51074773,95,excellent
359724,tt1950186,Ford v Ferrari,They took the American dream for a ride,"American car designer Carroll Shelby and the British-born driver Ken Miles work together to battle corporate interference, the laws of physics, and their own personal demons to build a revolutionary race car for Ford Motor Company and take on the dominating race cars of Enzo Ferrari at the 24 Hours of Le Mans in France in 1966.",/dR1Ju50iudrOh3YgfwkAU1g2HZe.jpg,/2vq5GTJOahE03mNYZGxIynlHcWr.jpg,2019-11-13,8.005,8880,"['Drama', 'Action', 'History']",97600000,225508210,153,excellent
14836,tt0327597,Coraline,Be careful what you wish for.,"Wandering her rambling old house in her boring new town, 11-year-old Coraline discovers a hidden door to a strangely idealized version of her life. In order to stay in the fantasy, she must make a frighteningly real sacrifice.",/4jeFXQYytChdZYE9JYO7Un87IlW.jpg,/hofnlIyF6bePkgQOpcuRWLvzf15.jpg,2009-02-05,7.901,8863,"['Animation', 'Family', 'Fantasy']",60000000,185860104,100,excellent
314365,tt1895587,Spotlight,Break the story. Break the silence.,"The true story of how the Boston Globe uncovered the massive scandal of child molestation and cover-up within the local Catholic Archdiocese, shaking the entire Catholic Church to its core.",/8DPGG400FgaFWaqcv11n8mRd2NG.jpg,/8FbbcmwmpGd7brfiC7f7lWFNGdi.jpg,2015-11-06,7.815,8734,"['Drama', 'History']",20000000,98690254,129,excellent
315162,tt3915174,Puss in Boots: The Last Wish,Say hola to his little friends.,"Puss in Boots discovers that his passion for adventure has taken its toll: He has burned through eight of his nine lives, leaving him with only one life left. Puss sets out on an epic journey to find the mythical Last Wish and restore his nine lives.",/kuf6dutpsT0vSVehic3EZIqkOBt.jpg,/jr8tSoJGj33XLgFBy6lmZhpGQNu.jpg,2022-12-07,8.201,8728,"['Animation', 'Adventure', 'Fantasy', 'Comedy', 'Family']",90000000,484700000,103,excellent
4348,tt0414387,Pride & Prejudice,Sometimes the last person on earth you want to be with is the one person you can't be without.,"A story of love and life among the landed English gentry during the Georgian era. Mr. Bennet is a gentleman living in Hertfordshire with his overbearing wife and five daughters, but if he dies their house will be inherited by a distant cousin whom they have never met, so the family's future happiness and security is dependent on the daughters making good marriages.",/o8UhmEbWPHmTUxP0lMuCoqNkbB3.jpg,/1Onam6oWyFAUCcoxtdWkACtEiNr.jpg,2005-09-16,8.048,8692,"['Drama', 'Romance']",28000000,124604345,128,excellent
466282,tt3846674,To All the Boys I've Loved Before,The letters are out.,Lara Jean's love life goes from imaginary to out of control when her secret letters to every boy she's ever fallen for are mysteriously mailed out.,/hKHZhUbIyUAjcSrqJThFGYIR6kI.jpg,/xXhta1NIKn09IXy0mfp68cabdWS.jpg,2018-08-17,7.595,8690,"['Comedy', 'Romance']",0,0,100,excellent
533535,tt6263850,Deadpool & Wolverine,Come together.,"A listless Wade Wilson toils away in civilian life with his days as the morally flexible mercenary, Deadpool, behind him. But when his homeworld faces an existential threat, Wade must reluctantly suit-up again with an even more reluctant Wolverine.",/8cdWjvZQUExUUTzyp4t6EDMubfO.jpg,/ufpeVEM64uZHPpzzeiDNIAdaeOD.jpg,2024-07-24,7.557,8465,"['Action', 'Comedy', 'Science Fiction']",200000000,1338073645,128,excellent
569094,tt9362722,Spider-Man: Across the Spider-Verse,It's how you wear the mask that matters.,"After reuniting with Gwen Stacy, Brooklyn’s full-time, friendly neighborhood Spider-Man is catapulted across the Multiverse, where he encounters the Spider Society, a team of Spider-People charged with protecting the Multiverse's very existence. But when the heroes clash on how to handle a new threat, Miles finds himself pitted against the other Spiders and must set out on his own to save those he loves most.",/8Vt6mWEReuy4Of61Lnj5Xj704m8.jpg,/9xfDWXAUbFXQK585JvByT5pEAhe.jpg,2023-05-31,8.333,8444,"['Animation', 'Action', 'Adventure', 'Science Fiction']",100000000,690897910,140,excellent
1372,tt0450259,Blood Diamond,It will cost you everything.,"An ex-mercenary turned smuggler. A Mende fisherman. Amid the explosive civil war overtaking 1999 Sierra Leone, these men join for two desperate missions: recovering a rare pink diamond of immense value and rescuing the fisherman's son, conscripted as a child soldier into the brutal rebel forces ripping a swath of torture and bloodshed countrywide.",/bqKNoySmI4eOjsSjJEnLj4j2HAp.jpg,/vffPZUYScdWtGU0UrccFIRX4LbV.jpg,2006-12-08,7.555,8248,"['Drama', 'Thriller', 'Action']",100000000,171720398,143,excellent
4638,tt0425112,Hot Fuzz,Big cops. Small town. Moderate violence.,"Former London constable Nicholas Angel finds it difficult to adapt to his new assignment in the sleepy British village of Sandford. Not only does he miss the excitement of the big city, but he also has a well-meaning oaf for a partner. However, when a series of grisly accidents rocks Sandford, Angel smells something rotten in the idyllic village.",/zPib4ukTSdXvHP9pxGkFCe34f3y.jpg,/9rMSCFH9zhv1vILpEZQlUJs9iUm.jpg,2007-02-14,7.562,8242,"['Crime', 'Action', 'Comedy']",12000000,80600000,121,excellent
406997,tt2543472,Wonder,Who gives you the courage to face the world?,"The story of August Pullman – a boy with facial differences – who enters fifth grade, attending a mainstream elementary school for the first time.",/sONh3LYGFcVDTy8pm1tbSOB13Li.jpg,/b7xQ5fuyVO4c24igizCfPgF6n7q.jpg,2017-11-13,8.107,8219,"['Family', 'Drama']",20000000,315025930,113,excellent
615457,tt7888964,Nobody,Never underestimate a nobody.,"Hutch Mansell, a suburban dad, overlooked husband, nothing neighbor — a ""nobody."" When two thieves break into his home one night, Hutch's unknown long-simmering rage is ignited and propels him on a brutal path that will uncover dark secrets he fought to leave behind.",/oBgWY00bEFeZ9N25wWVyuQddbAo.jpg,/61MrK5U4w4MVL1vfwoG12zYPJ8B.jpg,2021-03-18,7.882,8205,"['Action', 'Thriller']",16000000,57512470,91,excellent
447365,tt6791350,Guardians of the Galaxy Vol. 3,Once more with feeling.,"Peter Quill, still reeling from the loss of Gamora, must rally his team around him to defend the universe along with protecting one of their own. A mission that, if not completed successfully, could quite possibly lead to the end of the Guardians as we know them.",/r2J02Z2OpNTctfOSN1Ydgii51I3.jpg,/5YZbUmjbMa3ClvSW1Wj3D6XGolb.jpg,2023-05-03,7.924,8179,"['Science Fiction', 'Adventure', 'Action']",250000000,845550000,150,excellent
1954,tt0289879,The Butterfly Effect,Change one thing. Change everything.,"A young man struggles to access sublimated childhood memories. He finds a technique that allows him to travel back into the past, to occupy his childhood body and change history. However, he soon finds that every change he makes has unexpected consequences.",/ea5iv7TWMh18fOKoRGgmtcg85Gx.jpg,/yriYPLqyFqPW0QXaegT1KmWXk9a.jpg,2004-01-17,7.575,8151,"['Science Fiction', 'Thriller']",13000000,96800000,113,excellent
545611,tt6710474,Everything Everywhere All at Once,The universe is so much bigger than you realize.,"An aging Chinese immigrant is swept up in an insane adventure, where she alone can save what's important to her by connecting with the lives she could have led in other universes.",/u68AjlvlutfEIcpmbYpKcdi09ut.jpg,/ss0Os3uWJfQAENILHZUdX8Tt1OC.jpg,2022-03-24,7.72,7834,"['Action', 'Adventure', 'Science Fiction']",25000000,139200000,140,excellent
603692,tt10366206,John Wick: Chapter 4,"No way back, one way out.","With the price on his head ever increasing, John Wick uncovers a path to defeating The High Table. But before he can earn his freedom, Wick must face off against a new enemy with powerful alliances across the globe and forces that turn old friends into foes.",/vZloFAK7NmvMGKE7VkF5UHaz0I.jpg,/7I6VUdPj6tQECNHdviJkUHD2u89.jpg,2023-03-21,7.707,7824,"['Action', 'Thriller', 'Crime']",100000000,447316405,170,excellent
693134,tt15239678,Dune: Part Two,Long live the fighters.,"Follow the mythic journey of Paul Atreides as he unites with Chani and the Fremen while on a path of revenge against the conspirators who destroyed his family. Facing a choice between the love of his life and the fate of the known universe, Paul endeavors to prevent a terrible future only he can foresee.",/1pdfLvkbY9ohJlCjQH2CZjjYVvJ.jpg,/eZ239CUp1d6OryZEBPnO2n87gMG.jpg,2024-02-27,8.129,7787,"['Science Fiction', 'Adventure']",190000000,714844358,167,excellent
773,tt0449059,Little Miss Sunshine,A family on the verge of a breakdown.,"A family loaded with quirky, colorful characters piles into an old van and road trips to California for little Olive to compete in a beauty pageant.",/niNdhTpPHSgw22tK0PLjQMV640v.jpg,/fs6p6TfZgblhmTk0hCeEINdeCAl.jpg,2006-07-26,7.691,7777,"['Comedy', 'Drama']",8000000,100523351,102,excellent
9693,tt0206634,Children of Men,The year 2027: the last days of the human race. No child has been born for 18 years. He must protect our only hope.,"In 2027, in a chaotic world in which humans can no longer procreate, a former activist agrees to help transport a miraculously pregnant woman to a sanctuary at sea, where her child's birth may help scientists save the future of humankind.",/lQcXgb0fFzffnLV5WY0Q0X2WW7E.jpg,/gFGLwUBhVrq0bq4j9DU08xQDRU2.jpg,2006-09-22,7.6,7770,"['Science Fiction', 'Thriller', 'Action']",76000000,70595464,109,excellent
96721,tt1979320,Rush,Everyone's driven by something.,"In the 1970s, a rivalry propels race car drivers Niki Lauda and James Hunt to fame and glory — until a horrible accident threatens to end it all.",/95BDrWmcfJDEa2WCfjmLgi67jhi.jpg,/D3eDUNEzJPBDG3TCJcR7RyRgTA.jpg,2013-09-02,7.735,7758,"['Drama', 'Action']",38000000,90200000,123,excellent
587,tt0319061,Big Fish,An adventure as big as life itself.,"Throughout his life Edward Bloom has always been a man of big appetites, enormous passions and tall tales. In his later years, he remains a huge mystery to his son, William. Now, to get to know the real man, Will begins piecing together a true picture of his father from flashbacks of his amazing adventures.",/tjK063yCgaBAluVU72rZ6PKPH2l.jpg,/bLqUd0tBvKezDr9MEla7k34i3rp.jpg,2003-12-10,7.758,7702,"['Adventure', 'Fantasy', 'Drama']",70000000,123200000,125,excellent
59436,tt1605783,Midnight in Paris,Anything can happen in the city of light.,"While on a trip to Paris with his fiancée's family, a nostalgic screenwriter finds himself mysteriously going back to the 1920s every day at midnight.",/4wBG5kbfagTQclETblPRRGihk0I.jpg,/gR1LRuvKTzh2AvxGvfoBNNJHPMq.jpg,2011-05-11,7.515,7694,"['Fantasy', 'Comedy', 'Romance']",17000000,151119219,94,excellent
766507,tt11866324,Prey,They hunt to live. It lives to hunt.,"When danger threatens her camp, the fierce and highly skilled Comanche warrior Naru sets out to protect her people. But the prey she stalks turns out to be a highly evolved alien predator with a technically advanced arsenal.",/2FKjLRt7oK1bRRIrxgWmthbBdFh.jpg,/sNhzcUw5cg4JwICjnHZ5XhTKNrU.jpg,2022-08-02,7.662,7616,"['Thriller', 'Action', 'Science Fiction']",65000000,0,100,excellent
14574,tt0914798,The Boy in the Striped Pyjamas,"Lines may divide us, but hope will unite us.","When his family moves from their home in Berlin to a strange new house in Poland, young Bruno befriends Shmuel, a boy who lives on the other side of the fence where everyone seems to be wearing striped pajamas. Unaware of Shmuel's fate as a Jewish prisoner or the role his own Nazi father plays in his imprisonment, Bruno embarks on a dangerous journey inside the camp's walls.",/2C8QCXdMlojTxZjfBlINr4FWcb6.jpg,/A63giQFJP4ABqNk4sLzegVeqVdl.jpg,2008-05-07,7.816,7604,"['Drama', 'War', 'History']",12500000,20416563,94,excellent
142,tt0388795,Brokeback Mountain,Love is a force of nature.,"In 1960s Wyoming, two men develop a strong emotional and sexual relationship that endures as a lifelong connection complicating their lives as they get married and start families of their own.",/aByfQOQBNa4CMFwIgq3QrqY2ZHh.jpg,/vXzqV2RtJlT9WhNEM4NYWCEC6ZI.jpg,2005-10-22,7.784,7492,"['Drama', 'Romance']",14000000,178043761,134,excellent
616,tt0325710,The Last Samurai,"In the face of an enemy, in the heart of one man, lies the soul of a warrior.","Nathan Algren is an American hired to instruct the Japanese army in the ways of modern warfare, which finds him learning to respect the samurai and the honorable principles that rule them. Pressed to destroy the samurai's way of life in the name of modernization and open trade, Algren decides to become an ultimate warrior himself and to fight for their right to exist.",/a8jmJPs5eZBARmnuEEvZwbjwyz4.jpg,/piXBj3FKEGNb6XCfAM7w5s4BI7O.jpg,2003-12-05,7.6,7459,"['Drama', 'Action', 'War']",140000000,456800000,154,excellent
398978,tt1302006,The Irishman,His story changed history.,"Pennsylvania, 1956. Frank Sheeran, a war veteran of Irish origin who works as a truck driver, accidentally meets mobster Russell Bufalino. Once Frank becomes his trusted man, Bufalino sends him to Chicago with the task of helping Jimmy Hoffa, a powerful union leader related to organized crime, with whom Frank will maintain a close friendship for nearly twenty years.",/mbm8k3GFhXS0ROd9AD1gqYbIFbM.jpg,/1RDto0tLo8Fhq7OcwgDaM7nECb7.jpg,2019-11-01,7.575,7442,"['Crime', 'Drama', 'History']",159000000,968853,209,excellent
109424,tt1535109,Captain Phillips,Out here survival is everything.,"The true story of Captain Richard Phillips and the 2009 hijacking by Somali pirates of the US-flagged MV Maersk Alabama, the first American cargo ship to be hijacked in two hundred years.",/8Td0kkocW6sD3uRpzwfMfkqMWhx.jpg,/ihdFypo7MyfJvDSjK7Sbnsjhu8H.jpg,2013-10-10,7.539,7422,"['Action', 'Drama', 'Thriller']",55000000,218791811,134,excellent
322,tt0327056,Mystic River,"We bury our sins, we wash them clean.",The lives of three men who were childhood friends are shattered when one of them suffers a family tragedy.,/hCHVDbo6XJGj3r2i4hVjKhE0GKF.jpg,/4ycpMe25LYpzGW42U9amyW9gM53.jpg,2003-10-08,7.743,7371,"['Thriller', 'Crime', 'Drama', 'Mystery']",25000000,156800000,138,excellent
492188,tt7653254,Marriage Story,"Where there's a love, there's a way.","A stage director and an actress struggle through a grueling, coast-to-coast divorce that pushes them to their personal extremes.",/2JRyCKaRKyJAVpsIHeLvPw5nHmw.jpg,/wDwQXLDUuiEaaiuWIDBpbqnwYGX.jpg,2019-09-28,7.734,7366,['Drama'],18000000,333686,137,excellent
7345,tt0469494,There Will Be Blood,There will be greed. There will be vengeance.,"Ruthless silver miner, turned oil prospector, Daniel Plainview, moves to oil-rich California. Using his son to project a trustworthy, family-man image, Plainview cons local landowners into selling him their valuable properties for a pittance. However, local preacher Eli Sunday suspects Plainview's motives and intentions, starting a slow-burning feud that threatens both their lives.",/fa0RDkAlCec0STeMNAhPaF89q6U.jpg,/9UAKA6ceZi6TgQwTAAMt7DWwYPI.jpg,2007-12-26,8.078,7353,['Drama'],25000000,77208711,158,excellent
11688,tt0120917,The Emperor's New Groove,It's all about... ME!,"Emperor Kuzco is turned into a llama by his ex-administrator Yzma, and must now regain his throne and his human form with the help of Pacha, a gentle llama herder.",/isA0acj3ONKBLp1pKadUNzxEPFv.jpg,/mZj8EUr6F1x2PWZjKPxaeYd5WRw.jpg,2000-12-15,7.559,7239,"['Adventure', 'Animation', 'Comedy', 'Family', 'Fantasy']",100000000,169327687,78,excellent
527774,tt5109280,Raya and the Last Dragon,A quest to save her world.,"Long ago, in the fantasy world of Kumandra, humans and dragons lived together in harmony. But when an evil force threatened the land, the dragons sacrificed themselves to save humanity. Now, 500 years later, that same evil has returned and it’s up to a lone warrior, Raya, to track down the legendary last dragon to restore the fractured land and its divided people.",/5nVhgCzxKbK47OLIKxCR1syulOn.jpg,/zmX7ObPaRfiCmY6LMalUb1bJDKj.jpg,2021-03-03,7.801,7229,"['Animation', 'Family', 'Fantasy', 'Adventure', 'Action']",100000000,130423032,107,excellent
11321,tt0814314,Seven Pounds,Seven names. Seven strangers. One secret.,An IRS agent with a fateful secret embarks on an extraordinary journey of redemption by forever changing the lives of seven strangers.,/85zUipgVy2QbvAJ6djZXYaGckMv.jpg,/rlF1oWTeOGA6RB2g7VsE8PkV7te.jpg,2008-12-18,7.602,7183,['Drama'],55000000,168167691,123,excellent
28178,tt1028532,Hachi: A Dog's Tale,"A true story of faith, devotion and undying love.","Professor Wilson discovers a lost Akita puppy on his way home. Despite objections from his wife, Hachi endears himself to the family and grows to be Parker's loyal companion. As their bond grows deeper, a beautiful relationship unfolds.",/lsy3aEsEfYIHdLRk4dontZ4s85h.jpg,/a5pOEjOLvr04Hr8qktIDM75OZi0.jpg,2009-06-08,8.005,7123,"['Drama', 'Family']",16000000,46800000,93,excellent
1933,tt0230600,The Others,Sooner or later they’ll find you.,"Grace is a religious woman who lives in an old house kept dark because her two children, Anne and Nicholas, have a rare sensitivity to light. When the family begins to suspect the house is haunted, Grace fights to protect her children at any cost in the face of strange events and disturbing visions.",/p8g1vlTvpM6nr2hMMiZ1fUlKF0D.jpg,/rbBe9WQ1OqCxzgwskOTnaY6JdUA.jpg,2001-08-02,7.617,7096,"['Horror', 'Mystery', 'Thriller']",17000000,210002906,101,excellent
166428,tt2386490,How to Train Your Dragon: The Hidden World,Fly on your own. Find your way home.,"As Hiccup fulfills his dream of creating a peaceful dragon utopia, Toothless’ discovery of an untamed, elusive mate draws the Night Fury away. When danger mounts at home and Hiccup’s reign as village chief is tested, both dragon and rider must make impossible decisions to save their kind.",/xvx4Yhf0DVH8G4LzNISpMfFBDy2.jpg,/h3KN24PrOheHVYs9ypuOIdFBEpX.jpg,2019-01-03,7.749,7038,"['Animation', 'Family', 'Adventure']",129000000,539987993,104,excellent
11544,tt0275847,Lilo & Stitch,There's one in every family.,"As Stitch, a runaway genetic experiment from a faraway planet, wreaks havoc on the Hawaiian Islands, he becomes the mischievous adopted alien ""puppy"" of an independent little girl named Lilo and learns about loyalty, friendship, and ʻohana, the Hawaiian tradition of family.",/cFuLvQJPoZpuruAtN3rVnMmLIH8.jpg,/AcxbOWUbwtIEDisfuhNGHQNfnMK.jpg,2002-06-21,7.6,7036,"['Animation', 'Family', 'Comedy']",80000000,273144151,85,excellent
1018,tt0166924,Mulholland Drive,An actress longing to be a star. A woman searching for herself. Both worlds will collide... on Mulholland Drive.,"Blonde Betty Elms has only just arrived in Hollywood to become a movie star when she meets an enigmatic brunette with amnesia. Meanwhile, as the two set off to solve the second woman's identity, filmmaker Adam Kesher runs into ominous trouble while casting his latest project.",/x7A59t6ySylr1L7aubOQEA480vM.jpg,/g9ClaS5EqU0Hk8WIbMNhld0Bk6f.jpg,2001-06-06,7.803,6966,"['Thriller', 'Drama', 'Mystery']",15000000,20289986,147,excellent
334543,tt3741834,Lion,The search begins,"A five-year-old Indian boy gets lost on the streets of Calcutta, thousands of kilometers from home. He survives many challenges before being adopted by a couple in Australia; 25 years later, he sets out to find his lost family.",/iBGRbLvg6kVc7wbS8wDdVHq6otm.jpg,/ycABRSIK1Ff10Tc2A6WJHagp1Co.jpg,2016-11-24,8.04,6922,['Drama'],12000000,140312928,118,excellent
334533,tt3553976,Captain Fantastic,He prepared them for everything except the outside world.,"Deep in the forests of the Pacific Northwest, a father devoted to raising his six kids with a rigorous physical and intellectual education is forced to leave his paradise and enter the world, beginning a journey that challenges his idea of what it means to be a parent.",/2sFME73GaD8UsUxPUKe60cPdLif.jpg,/d84M69u6Q202dm6EvhVxbiqrK9f.jpg,2016-07-08,7.888,6791,"['Adventure', 'Drama']",5000000,23123592,119,excellent
22881,tt0878804,The Blind Side,Based on the extraordinary true story,"The story of Michael Oher, a homeless and traumatized boy who became an All American football player and first round NFL draft pick with the help of a caring woman and her family.",/bMgq7VBriuBFknXEe9E9pVBYGZq.jpg,/5P6hWD4zxAMntRuRnB4MmPLijNw.jpg,2009-11-20,7.665,6782,['Drama'],29000000,309231694,129,excellent
331482,tt3281548,Little Women,Own your story.,Four sisters come of age in America in the aftermath of the Civil War.,/yn5ihODtZ7ofn8pDYfxCmxh8AXI.jpg,/lqxxwTRk0l7CubY6JkJdhnwJEkn.jpg,2019-12-25,7.854,6775,"['Drama', 'Romance']",40000000,332103783,135,excellent
1022789,tt22022452,Inside Out 2,Make room for new emotions.,"Teenager Riley's mind headquarters is undergoing a sudden demolition to make room for something entirely unexpected: new Emotions! Joy, Sadness, Anger, Fear and Disgust, who’ve long been running a successful operation by all accounts, aren’t sure how to feel when Anxiety shows up. And it looks like she’s not alone.",/vpnVM9B6NMmQpWeZvzLvDESb2QY.jpg,/p5ozvmdgsmbWe0H8Xk7Rc8SCwAB.jpg,2024-06-11,7.544,6588,"['Animation', 'Adventure', 'Comedy', 'Family']",200000000,1698863816,97,excellent
508439,tt7146812,Onward,Their quest beginneth.,"In a suburban fantasy world, two teenage elf brothers embark on an extraordinary quest to discover if there is still a little magic left out there.",/f4aul3FyD3jv3v4bul1IrkWZvzq.jpg,/bcT8CaBIj086WVD7K529h78eujb.jpg,2020-02-29,7.642,6528,"['Animation', 'Family', 'Fantasy', 'Adventure', 'Comedy']",200000000,141888276,102,excellent
522627,tt8367814,The Gentlemen,Criminal. Class.,"American expat Mickey Pearson has built a highly profitable marijuana empire in London. When word gets out that he’s looking to cash out of the business forever it triggers plots, schemes, bribery and blackmail in an attempt to steal his domain out from under him.",/jtrhTYB7xSrJxR1vusu99nvnZ1g.jpg,/tintsaQ0WLzZsTMkTiqtMB3rfc8.jpg,2020-01-01,7.663,6519,"['Comedy', 'Crime']",22000000,115171795,113,excellent
2034,tt0139654,Training Day,"The only thing more dangerous than the line being crossed, is the cop who will cross it.","On his first day on the job as a narcotics officer, a rookie cop works with a rogue detective who isn't what he appears.",/bUeiwBQdupBLQthMCHKV7zv56uv.jpg,/nuO8o9ltxhI7AZQxePavEZ4TyHa.jpg,2001-10-05,7.517,6517,"['Action', 'Crime', 'Drama']",45000000,104900000,122,excellent
200727,tt1638002,"Love, Rosie",Right love. Wrong time.,"Since the moment they met at age 5, Rosie and Alex have been best friends, facing the highs and lows of growing up side by side. A fleeting shared moment, one missed opportunity, and the decisions that follow send their lives in completely different directions. As each navigates the complexities of life, love, and everything in between, they always find their way back to each other - but is it just friendship, or something more?",/8Mf9GgyNv5jjLAAPGsom9skH2Du.jpg,/rpsHpJj7FgnNBXhaO2KFthPwqH6.jpg,2014-10-16,7.81,6473,"['Romance', 'Drama', 'Comedy']",0,4439431,102,excellent
334541,tt4034228,Manchester by the Sea,I can't beat it.,"After his older brother passes away, Lee Chandler is forced to return home to care for his 16-year-old nephew. There he is compelled to deal with a tragic past that separated him from his family and the community where he was born and raised.",/o9VXYOuaJxCEKOxbA86xqtwmqYn.jpg,/fjk4eE8Ypke4YLv5A3ArDH4GzYH.jpg,2016-11-17,7.553,6366,['Drama'],9000000,79000000,138,excellent
83666,tt1748122,Moonrise Kingdom,,"Set on an island off the coast of New England in the summer of 1965, Moonrise Kingdom tells the story of two twelve-year-olds who fall in love, make a secret pact, and run away together into the wilderness. As various authorities try to hunt them down, a violent storm is brewing off-shore – and the peaceful island community is turned upside down in more ways than anyone can handle.",/y4SXcbNl6CEF2t36icuzuBioj7K.jpg,/bsYv9IFIGfpAV0oUbe7YTiyxhox.jpg,2012-05-16,7.676,6284,"['Comedy', 'Drama', 'Romance']",16000000,68263166,94,excellent
449176,tt5164432,"Love, Simon",Everyone deserves a great love story.,"Everyone deserves a great love story, but for 17-year-old Simon Spier, it's a little more complicated. He hasn't told his family or friends that he's gay, and he doesn't know the identity of the anonymous classmate that he's fallen for online.",/snIsqVPmlu4LPjvToHpDotxa7Eh.jpg,/nJSPkq5dtASykhiYIZhpCX9Zgeq.jpg,2018-02-16,7.976,6235,"['Comedy', 'Drama', 'Romance']",17000000,66316289,110,excellent
17431,tt1182345,Moon,"250,000 miles from home, the hardest thing to face...is yourself.","With only three weeks left in his three-year contract, Sam Bell is eager to return to Earth. Stationed alone at a Moon-based facility with his computer assistant GERTY, an unexpected accident sets off a series of unsettling events that shake his isolation.",/35IU0Mq0zFsN1mYwDGts5mKc77n.jpg,/mvUAo9ACgmLpS4Ofc2IwD4n7WCt.jpg,2009-06-12,7.569,6204,"['Science Fiction', 'Drama']",5000000,9760104,97,excellent
1579,tt0472043,Apocalypto,No one can outrun their destiny.,"Set in the Mayan civilization, when a man's idyllic presence is brutally disrupted by a violent invading force, he is taken on a perilous journey to a world ruled by fear and oppression where a harrowing end awaits him. Through a twist of fate and spurred by the power of his love for his woman and his family he will make a desperate break to return home and to ultimately save his way of life.",/cRY25Q32kDNPFDkFkxAs6bgCq3L.jpg,/nnmbJvYyDS1VkMOCbxSpdBi3WbJ.jpg,2006-12-07,7.596,6181,"['Action', 'Drama', 'History']",40000000,120654337,138,excellent
31011,tt0485947,Mr. Nobody,"Nothing is real, everything is possible.","Nemo Nobody leads an ordinary existence with his wife and 3 children; one day, he wakes up as a mortal centenarian in the year 2092.",/qNkIONc4Rgmzo23ph7qWp9QfVnW.jpg,/y9zcjxEilWr44c4vJbEaLTgE0Uw.jpg,2009-11-06,7.797,6179,"['Science Fiction', 'Drama', 'Romance']",47000000,2331721,141,excellent
4553,tt0361862,The Machinist,How do you wake up from a nightmare if you’re not asleep?,"Trevor, an insomniac lathe operator, experiences unusual occurrences at work and home. A strange man follows him everywhere, but no one else seems to notice him.",/diAYqR4xdF9Hnj7qun6DEQhRrT2.jpg,/hokXWehieJ2mdiward3L0qnGI7r.jpg,2004-09-24,7.523,6089,"['Thriller', 'Drama']",5000000,8203235,102,excellent
10315,tt0432283,Fantastic Mr. Fox,Dig the life fantastic.,"The Fantastic Mr. Fox, bored with his current life, plans a heist against the three local farmers. The farmers, tired of sharing their chickens with the sly fox, seek revenge against him and his family.",/euZyZb6iGreujYKrGyZHRddhUYh.jpg,/pKqGRxoQgrIk3nLJ3jxYyIzbCMo.jpg,2009-10-14,7.822,6032,"['Adventure', 'Animation', 'Comedy', 'Family']",40000000,46471023,87,excellent
637649,tt11083552,Wrath of Man,A one man army.,"A cold and mysterious new security guard for a Los Angeles cash truck company surprises his co-workers when he unleashes precision skills during a heist. The crew is left wondering who he is and where he came from. Soon, the marksman's ultimate motive becomes clear as he takes dramatic and irrevocable steps to settle a score.",/M7SUK85sKjaStg4TKhlAVyGlz3.jpg,/70AV2Xx5FQYj20labp0EGdbjI6E.jpg,2021-04-22,7.58,6018,"['Thriller', 'Crime', 'Drama']",40000000,103966489,119,excellent
4982,tt0765429,American Gangster,There are two sides to the American dream.,"Loosely based on the criminal career of Frank Lucas, a gangster from La Grange, North Carolina, who smuggled heroin into the United States on American service planes returning from the Vietnam War, before being detained by a task force led by Newark Detective Richie Roberts.",/sX9idXDqRUxE5ffww3n3RV5gL55.jpg,/y42MEf1rvoLEWYEyNuOADxQ6MQ7.jpg,2007-11-02,7.588,5966,"['Drama', 'Crime']",100000000,269755430,157,excellent
306819,tt0810819,The Danish Girl,Find the courage to be yourself.,"When Gerda Wegener asks her husband Einar to fill in as a portrait model, Einar discovers the person she's meant to be and begins living her life as Lili Elbe. Having realized her true self and with Gerda's love and support, Lili embarks on a groundbreaking journey as a transgender pioneer.",/mXZZIacI5FC8thzSC0lgQBQ2uAX.jpg,/d0tzLbn62WANaq5mnyLpCJsJq1B.jpg,2015-11-27,7.55,5925,['Drama'],15000000,64200000,119,excellent
1184918,tt29623480,The Wild Robot,Discover your true nature.,"After a shipwreck, an intelligent robot called Roz is stranded on an uninhabited island. To survive the harsh environment, Roz bonds with the island's animals and cares for an orphaned baby goose.",/eG9lz41mJqsI4J6ubMtVqD26q2J.jpg,/mQZJoIhTEkNhCYAqcHrQqhENLdu.jpg,2024-09-12,8.307,5898,"['Family', 'Animation', 'Science Fiction', 'Adventure']",78000000,331982078,102,excellent
400928,tt4481414,Gifted,How do you create an ordinary life for an extraordinary girl?,"Frank, a single man raising his child prodigy niece Mary, is drawn into a custody battle with his mother.",/9Ts7Vc4wLlpI9oox9mkVUE1tBHy.jpg,/aH63TQfTFgAT8tYZs0CjDsqfMo2.jpg,2017-04-07,7.996,5899,"['Drama', 'Comedy']",7000000,40300000,101,excellent
527641,tt6472976,Five Feet Apart,"When life keeps you apart, fight for every inch.","Seventeen-year-old Stella spends most of her time in the hospital as a cystic fibrosis patient. Her life is full of routines, boundaries and self-control — all of which get put to the test when she meets Will, an impossibly charming teen who has the same illness. There's an instant flirtation, though restrictions dictate that they must maintain a safe distance between them. As their connection intensifies, so does the temptation to throw the rules out the window and embrace that attraction.",/kreTuJBkUjVWePRfhHZuYfhNE1T.jpg,/27ZkYMWynuK2qiDP6awc3MsCaOs.jpg,2019-03-14,8.217,5889,"['Romance', 'Drama']",7000000,92600000,116,excellent
756999,tt7144666,The Black Phone,Never talk to strangers.,"Finney Blake, a shy but clever 13-year-old boy, is abducted by a sadistic killer and trapped in a soundproof basement where screaming is of little use. When a disconnected phone on the wall begins to ring, Finney discovers that he can hear the voices of the killer’s previous victims. And they are dead set on making sure that what happened to them doesn’t happen to Finney.",/p9ZUzCyy9wRTDuuQexkQ78R2BgF.jpg,/AfvIjhDu9p64jKcmohS4hsPG95Q.jpg,2022-06-16,7.528,5757,"['Horror', 'Thriller']",16000000,161441914,103,excellent
8321,tt0780536,In Bruges,Shoot first. Sightsee later.,"Ray and Ken, two hit men, are in Bruges, Belgium, waiting for their next mission. While they are there they have time to think and discuss their previous assignment. When the mission is revealed to Ken, it is not what he expected.",/vz3Vd6nfq9YZrVvyYx5RHFaYKV3.jpg,/dtGxDOcFssdUUTYBr6M6INXTI1e.jpg,2008-02-08,7.502,5710,"['Comedy', 'Drama', 'Crime']",15000000,34533783,108,excellent
792307,tt14230458,Poor Things,She’s nothing like you’ve ever seen.,"Brought back to life by an unorthodox scientist, a young woman runs off with a lawyer on a whirlwind adventure across the continents. Free from the prejudices of her times, she grows steadfast in her purpose to stand for equality and liberation.",/kCGlIMHnOm8JPXq3rXM6c5wMxcT.jpg,/zh6IdheEYinU4TPtorWsjx6qPQE.jpg,2023-12-07,7.648,5415,"['Science Fiction', 'Romance', 'Comedy']",35000000,117607117,141,excellent
399174,tt5104604,Isle of Dogs,Loyalty has a scent. And it smells like rebellion.,"In the future, an outbreak of canine flu leads the mayor of a Japanese city to banish all dogs to an island used as a garbage dump. The outcasts must soon embark on an epic journey when a 12-year-old boy arrives on the island to find his beloved pet.",/c0nUX6Q1ZB0P2t1Jo6EeFSVnOGQ.jpg,/goMGTcitprGu7YD6VZS4lUUwzRA.jpg,2018-03-23,7.846,5357,"['Adventure', 'Comedy', 'Animation']",35000000,72991435,101,excellent
976573,tt15789038,Elemental,Opposites react.,"In a city where fire, water, land and air residents live together, a fiery young woman and a go-with-the-flow guy will discover something elemental: how much they have in common.",/4Y1WNkd88JXmGfhtWR7dmDAo1T2.jpg,/4fLZUr1e65hKPPVw0R3PmKFKxj1.jpg,2023-06-14,7.578,5237,"['Animation', 'Family', 'Romance', 'Fantasy', 'Comedy']",200000000,496444308,102,excellent
615,tt0335345,The Passion of the Christ,"By his wounds, we were healed.",A graphic portrayal of the last twelve hours of Jesus of Nazareth's life.,/rBM5o2HpmCfDejuIPybI09tkY3V.jpg,/4840rkbpsiuow5ew155oVKcqJwj.jpg,2004-02-25,7.5,5152,['Drama'],30000000,610063468,127,excellent
583083,tt9784456,The Kissing Booth 2,Rules can be broken...but so can hearts.,"With college decisions looming, Elle juggles her long-distance romance with Noah, changing relationship with bestie Lee and feelings for a new classmate.",/mb7wQv0adK3kjOUr9n93mANHhPJ.jpg,/bXdCpL1A1mW2sEBiTmYYFnb10XN.jpg,2020-07-24,7.608,5121,"['Comedy', 'Romance']",0,0,132,excellent
575264,tt9603212,Mission: Impossible - Dead Reckoning Part One,We all share the same fate.,"Ethan Hunt and his IMF team embark on their most dangerous mission yet: To track down a terrifying new weapon that threatens all of humanity before it falls into the wrong hands. With control of the future and the world's fate at stake and dark forces from Ethan's past closing in, a deadly race around the globe begins. Confronted by a mysterious, all-powerful enemy, Ethan must consider that nothing can matter more than his mission—not even the lives of those he cares about most.",/NNxYkU70HPurnNCSiCjYAmacwm.jpg,/628Dep6AxEtDxjZoGP78TsOxYbK.jpg,2023-07-08,7.5,5040,"['Action', 'Thriller', 'Adventure']",220000000,571125435,164,excellent
59440,tt1291584,Warrior,Family is worth fighting for.,"The youngest son of an alcoholic former boxer returns home, where he's trained by his father for competition in a mixed martial arts tournament – a path that puts the fighter on a collision course with his estranged, older brother.",/iM8n4nZJPR2abpnyZ36FUgHiRjr.jpg,/zb7b40ieuRGiIc9ebIEapneaCsl.jpg,2011-09-09,7.844,4966,"['Drama', 'Action']",25000000,23300000,140,excellent
500664,tt6499752,Upgrade,Not man. Not machine. More.,"A brutal mugging leaves Grey Trace paralyzed in the hospital and his beloved wife dead. A billionaire inventor soon offers Trace a cure — an artificial intelligence implant called STEM that will enhance his body. Now able to walk, Grey finds that he also has superhuman strength and agility — skills he uses to seek revenge against the thugs who destroyed his life.",/woLGROUdPWdBnLVFKYdGD3kFkPY.jpg,/oiPUcD1IIZrYGTSIpvTmd3dRmPo.jpg,2018-05-31,7.503,4936,"['Action', 'Thriller', 'Science Fiction']",3000000,16976561,100,excellent
9023,tt0166813,Spirit: Stallion of the Cimarron,Some legends can never be tamed.,A captured mustang remains determined to return to his herd no matter what.,/cUgYrz4twiJ3QgVGpRfey984NIB.jpg,/b8hPBW0NJmiIVzvQjT3CwIpAdzl.jpg,2002-05-24,7.687,4858,"['Animation', 'Adventure', 'Family', 'Drama', 'Western']",80000000,122563539,83,excellent
824,tt0203009,Moulin Rouge!,No laws. No limits. One rule. Never fall in love.,"A celebration of love and creative inspiration takes place in the infamous, gaudy and glamorous Parisian nightclub, at the cusp of the 20th century. A young poet, who is plunged into the heady world of Moulin Rouge, begins a passionate affair with the club's most notorious and beautiful star.",/2kjM5CUZRIU5yOANUowrbJcRL9L.jpg,/vvcLSgiviCIU0J0UcwLqWdU8Iup.jpg,2001-05-18,7.532,4814,"['Drama', 'Romance', 'Music']",52500000,179213434,128,excellent
438695,tt6467266,Sing 2,Where will your dreams take you?,"Buster and his new cast now have their sights set on debuting a new show at the Crystal Tower Theater in glamorous Redshore City. But with no connections, he and his singers must sneak into the Crystal Entertainment offices, run by the ruthless wolf mogul Jimmy Crystal, where the gang pitches the ridiculous idea of casting the lion rock legend Clay Calloway in their show. Buster must embark on a quest to find the now-isolated Clay and persuade him to return to the stage.",/aWeKITRFbbwY8txG5uCj4rMCfSP.jpg,/ztiFxuG0gC6wQ8y7JZFYbCQyN4Y.jpg,2021-12-01,7.832,4732,"['Animation', 'Music', 'Comedy', 'Family']",85000000,408402685,110,excellent
4347,tt0783233,Atonement,Torn apart by betrayal. Separated by war. Bound by love.,A young girl irrevocably changes the course of several lives when she accuses her older sister's lover of a crime he did not commit.,/hMRIyBjPzxaSXWM06se3OcNjIQa.jpg,/prH7Lmo7V9GuMbhCaDCSa6kvZvs.jpg,2007-02-27,7.633,4660,"['Drama', 'Romance']",30000000,131016624,123,excellent
508965,tt4729430,Klaus,A true selfless act always sparks another.,"A selfish postman and a reclusive toymaker form an unlikely friendship, delivering joy to a cold, dark town that desperately needs it.",/q125RHUDgR4gjwh1QkfYuJLYkL.jpg,/cYQvXNPZLow73lhspVQ7CYlT3Mi.jpg,2019-11-08,8.224,4614,"['Animation', 'Family', 'Comedy']",0,0,97,excellent
785084,tt13833688,The Whale,,A reclusive English teacher suffering from severe obesity attempts to reconnect with his estranged teenage daughter for one last chance at redemption.,/jQ0gylJMxWSL490sy0RrPj1Lj7e.jpg,/46FRuCeAn6TrS4F1P4F9zhyCpyo.jpg,2022-12-09,7.775,4613,['Drama'],3000000,57615635,117,excellent
9016,tt0133240,Treasure Planet,Find your place in the universe.,"When space galleon cabin boy Jim Hawkins discovers a map to an intergalactic ""loot of a thousand worlds,"" a cyborg cook named John Silver teaches him to battle supernovas and space storms on their journey to find treasure.",/kNhZkR3UNbXfvESQo7mJpOi4tGd.jpg,/f2opsSUSiMdEp6AiY2sbC8QPd8S.jpg,2002-11-26,7.563,4559,"['Science Fiction', 'Adventure', 'Animation', 'Family', 'Fantasy']",140000000,109578115,96,excellent
3580,tt0824747,Changeling,"To find her son, she did what no one else dared.","Los Angeles, 1928. When single mother Christine Collins leaves for work, her son vanishes without a trace. Five months later, the police reunite mother and son. But when Christine suspects that the boy returned to her isn't her child, her quest for truth exposes a world of corruption.",/829VqESzooUXRVgrfM7PtNBGySf.jpg,/yWs9QUP2kamsnfdV4cloxLM5RUw.jpg,2008-10-24,7.58,4448,"['Crime', 'Drama', 'Mystery']",55000000,113400000,141,excellent
10229,tt0281358,A Walk to Remember,It all comes down to who's by your side.,"When the popular, restless Landon Carter is forced to participate in the school drama production, he falls in love with Jamie Sullivan, the daughter of the town's minister. Jamie has a ""to-do"" list for her life, as well as a very big secret she must keep from Landon.",/8lUYMvWdHA0Q0k5F76RQCeCBUkA.jpg,/1FWSGQZo6HAzqO52VHL405VxJ07.jpg,2002-01-25,7.8,4229,"['Drama', 'Romance']",11800000,47494916,102,excellent
489999,tt7668870,Searching,No one is lost without a trace.,"After David Kim's 16-year-old daughter goes missing, a local investigation is opened and a detective is assigned to the case. But 37 hours later and without a single lead, David decides to search the one place no one has looked yet, where all secrets are kept today: his daughter's laptop.",/yuAPCsCGJGSxA7YOW4elF5JNrzK.jpg,/jOqOduY1tLhXgVZo7ypCtDVr0mM.jpg,2018-08-24,7.57,4187,"['Mystery', 'Thriller', 'Drama']",1000000,75462037,102,excellent
277216,tt1398426,Straight Outta Compton,The world's most dangerous times created the world's most dangerous group.,"In 1987, five young men, using brutally honest rhymes and hardcore beats, put their frustration and anger about life in the most dangerous place in America into the most powerful weapon they had: their music.  Taking us back to where it all began, Straight Outta Compton tells the true story of how these cultural rebels—armed only with their lyrics, swagger, bravado and raw talent—stood up to the authorities that meant to keep them down and formed the world’s most dangerous group, N.W.A.  And as they spoke the truth that no one had before and exposed life in the hood, their voice ignited a social revolution that is still reverberating today.",/1CiLJx8Xtv3TbbFj6k7BboSmKgC.jpg,/8r9RoGfwGmn1pn0G3sbvHHemSWF.jpg,2015-08-11,7.774,4150,"['Drama', 'Music', 'History']",28000000,201634991,147,excellent
71,tt0249462,Billy Elliot,Inside every one of us is a special talent waiting to come out. The trick is finding it.,"County Durham, England, 1984. The miners' strike has started and the police have started coming up from Bethnal Green, starting a class war with the lower classes suffering. Caught in the middle of the conflict is 11-year old Billy Elliot, who, after leaving his boxing club for the day, stumbles upon a ballet class and finds out that he's naturally talented. He practices with his teacher Mrs. Wilkinson for an upcoming audition in Newcastle-upon Tyne for the royal Ballet school in London.",/mYtqgWCJiXpDeZwjVcC3OQGD8IR.jpg,/mTsbahr4SLqgVZkKRN0O8t5iA9y.jpg,2000-09-28,7.593,4052,"['Drama', 'Comedy', 'Music']",5000000,109280263,111,excellent
12163,tt1125849,The Wrestler,Love. Pain. Glory.,"Aging wrestler Randy ""The Ram"" Robinson is long past his prime but still ready and rarin' to go on the pro-wrestling circuit. After a particularly brutal beating, however, Randy hangs up his tights, pursues a serious relationship with a long-in-the-tooth stripper, and tries to reconnect with his estranged daughter. But he can't resist the lure of the ring and readies himself for a comeback.",/6OTR8dSoNGjWohJNo3UhIGd3Tj.jpg,/wcJmFsz8RqIhozMwvU81hreTX4i.jpg,2008-09-07,7.538,3977,"['Drama', 'Romance']",6000000,44734660,109,excellent
481848,tt7504726,The Call of the Wild,Based on the legendary novel.,"Buck is a big-hearted dog whose blissful domestic life is turned upside down when he is suddenly uprooted from his California home and transplanted to the exotic wilds of the Yukon during the Gold Rush of the 1890s. As the newest rookie on a mail delivery dog sled team—and later its leader—Buck experiences the adventure of a lifetime, ultimately finding his true place in the world and becoming his own master.",/33VdppGbeNxICrFUtW2WpGHvfYc.jpg,/1GZCV0dwIoAn6jpWPfVAbeMTVC2.jpg,2020-02-19,7.522,3917,"['Adventure', 'Family', 'Drama']",109000000,111200000,100,excellent
522402,tt3420504,Finch,Take an unforgettable journey.,"On a post-apocalyptic Earth, a robot, built to protect the life of his dying creator's beloved dog, learns about life, love, friendship, and what it means to be human.",/eEJtzD1F05xDipFEDY98CTH5yZn.jpg,/uoc358GH6Yl7TufbUKHkETPu64B.jpg,2021-11-04,7.804,3895,"['Science Fiction', 'Drama', 'Adventure']",2500000,0,116,excellent
246741,tt3416742,What We Do in the Shadows,Some interviews with some vampires.,Vampire housemates try to cope with the complexities of modern life and show a newly turned hipster some of the perks of being undead.,/a2rD3i3DBMeYbA34rBv6z3B9S3a.jpg,/utjThRtcnsj0GrDwNudjGdfmHfq.jpg,2014-06-19,7.551,3893,"['Comedy', 'Horror']",1600000,6300000,86,excellent
313297,tt4302938,Kubo and the Two Strings,Be bold. Be brave. Be epic.,"Kubo mesmerizes the people in his village with his magical gift for spinning wild tales with origami. When he accidentally summons an evil spirit seeking vengeance, Kubo is forced to go on a quest to solve the mystery of his fallen samurai father and his mystical weaponry, as well as discover his own magical powers.",/ewcOCkuuKAKULGUnbBVaO1htt0D.jpg,/bhspYsRMHgMqzUlxiVpIY8OrqMt.jpg,2016-08-18,7.63,3789,"['Animation', 'Adventure', 'Family']",60000000,76249438,102,excellent
80,tt0381681,Before Sunset,What if you had a second chance with the one that got away?,"Nine years later, Jesse travels across Europe giving readings from a book he wrote about the night he spent in Vienna with Celine. After his reading in Paris, Celine finds him, and they spend part of the day together before Jesse has to again leave for a flight. They are both in relationships now, and Jesse has a son, but as their strong feelings for each other start to return, both confess a longing for more.",/4sW5XH9ZfYXpvFzev00S1IGAEbg.jpg,/tcZi0LQc5iu2u6i5aOWyj9NBBvl.jpg,2004-06-16,7.81,3751,"['Drama', 'Romance']",2700000,15992615,80,excellent
911430,tt16311594,F1,Let's ride.,Racing legend Sonny Hayes is coaxed out of retirement to lead a struggling Formula 1 team—and mentor a young hotshot driver—while chasing one more chance at glory.,/vqBmyAj0Xm9LnS1xe1MSlMAJyHq.jpg,/rZWkXnIyTLzUJpHSUpOb7vgB0BL.jpg,2025-06-25,7.8,3733,"['Action', 'Drama']",250000000,631627111,156,excellent
600354,tt10272386,The Father,,"A man refuses all assistance from his daughter as he ages and, as he tries to make sense of his changing circumstances, he begins to doubt his loved ones, his own mind and even the fabric of his reality.",/pr3bEQ517uMb5loLvjFQi8uLAsp.jpg,/h3weAFgg06GqchI2xDfufBgSFTj.jpg,2020-12-23,8.096,3587,['Drama'],6000000,21029340,97,excellent
950396,tt13654226,The Gorge,The world's most dangerous secret lies between them.,"Two highly trained operatives grow close from a distance after being sent to guard opposite sides of a mysterious gorge. When an evil below emerges, they must work together to survive what lies within.",/7iMBZzVZtG0oBug4TfqDb9ZxAOa.jpg,/9nhjGaFLKtddDPtPaX5EmKqsWdH.jpg,2025-02-13,7.618,3586,"['Romance', 'Science Fiction', 'Thriller']",70000000,0,128,excellent
419478,tt4799066,Midnight Sun,Love will light the way.,"Katie, a 17-year-old, has been sheltered since childhood and confined to her house during the day by a rare disease that makes even the smallest amount of sunlight deadly. Fate intervenes when she meets Charlie and they embark on a summer romance.",/vPG2zEKPXhovPW9S91SRnwr5JM1.jpg,/9T8sj5io4SGCBTHsk5H8LGcfKVe.jpg,2018-03-22,7.807,3537,"['Romance', 'Drama']",2800000,27365467,92,excellent
937278,tt7405458,A Man Called Otto,Fall in love with the grumpiest man in America.,"When a lively young family moves in next door, grumpy widower Otto Anderson meets his match in a quick-witted, pregnant woman named Marisol, leading to an unlikely friendship that turns his world upside down.",/130H1gap9lFfiTF9iDrqNIkFvC9.jpg,/9ZznETDyfPWVugRiv0jfGrkRftw.jpg,2022-12-28,7.751,3532,"['Comedy', 'Drama']",50000000,113360085,126,excellent
381289,tt1753383,A Dog's Purpose,Every dog happens for a reason.,A dog goes on quest to discover his purpose in life over the course of several lifetimes with multiple owners.,/3jcNvhtVQe5Neoffdic39fRactM.jpg,/sLjeApi5odpyEoCzAnbr5DycL3z.jpg,2017-01-19,7.636,3506,"['Adventure', 'Comedy', 'Fantasy', 'Family', 'Drama']",22000000,205000000,100,excellent
244267,tt2884206,I Origins,,A molecular biologist's study of the human eye has far-reaching implications about humanity's scientific and spiritual beliefs.,/2P31jhd1dWUAPD8dmnSrwkQ8CNN.jpg,/v0rI995IpYNZQaqlIYBmodP0f82.jpg,2014-07-18,7.565,3432,"['Science Fiction', 'Drama']",1000000,481234,106,excellent
1904,tt0397535,Memoirs of a Geisha,A story like mine has never been told.,"In the years before World War II, a penniless Japanese child is torn from her family to work as a maid in a geisha house.",/pBwYsQaSTgnPphIy02DJjCF2cqs.jpg,/zJDnqXtGNHUmexiaWNa52Vslve5.jpg,2005-12-06,7.64,3353,"['Drama', 'Romance', 'History']",85000000,162242962,146,excellent
980489,tt4495098,Gran Turismo,From gamer to racer.,The ultimate wish-fulfillment tale of a teenage Gran Turismo player whose gaming skills won him a series of Nissan competitions to become an actual professional racecar driver.,/51tqzRtKMMZEYUpSYkrUE7v9ehm.jpg,/xFYpUmB01nswPgbzi8EOCT1ZYFu.jpg,2023-08-09,7.705,3330,"['Adventure', 'Drama', 'Action']",60000000,121700000,135,excellent
556984,tt1070874,The Trial of the Chicago 7,"In 1968, democracy refused to back down.",What was supposed to be a peaceful protest turned into a violent clash with the police. What followed was one of the most notorious trials in history.,/ahf5cVdooMAlDRiJOZQNuLqa1Is.jpg,/v8Nf6Y1qL1Q3PWTBezXNPPaXqza.jpg,2020-09-25,7.7,3314,"['Drama', 'History']",35000000,107423,130,excellent
501929,tt7979580,The Mitchells vs. the Machines,Saving the world can be a trip.,"A quirky, dysfunctional family's road trip is upended when they find themselves in the middle of the robot apocalypse and suddenly become humanity's unlikeliest last hope.",/mI2Di7HmskQQ34kz0iau6J1vr70.jpg,/vsZLf5uog08pAnfsMuDWrsLWUUF.jpg,2021-04-22,7.844,3311,"['Animation', 'Adventure', 'Comedy']",75000000,0,114,excellent
1062722,tt1312221,Frankenstein,Only monsters play God.,"Dr. Victor Frankenstein, a brilliant but egotistical scientist, brings a creature to life in a monstrous experiment that ultimately leads to the undoing of both the creator and his tragic creation.",/g4JtvGlQO7DByTI6frUobqvSL3R.jpg,/hpXBJxLD2SEf8l2CspmSeiHrBKX.jpg,2025-10-17,7.65,3306,"['Drama', 'Fantasy', 'Horror']",120000000,480678,150,excellent
228205,tt2726560,The Longest Ride,Two couples. Two love stories. One epic tale.,The lives of a young couple intertwine with a much older man as he reflects back on a lost love while he's trapped in an automobile crash.,/qdUVfvPBvT6cetDDM7rn8y2CNZE.jpg,/fLgQ6bf9RKywpZckiEtAPnY3DLr.jpg,2015-04-09,7.625,3301,"['Drama', 'Romance']",34000000,63013281,128,excellent
43949,tt0817177,Flipped,You never forget your first love.,"When Juli meets Bryce in the second grade, she knows it's true love. After spending six years trying to convince Bryce the same, she's ready to give up - until he starts to reconsider.",/6zDYFigohwncqFL00MKbFV01dWb.jpg,/xBSwwkAYl9h8QVG2OxNpSaSgJwr.jpg,2010-08-06,8.006,3293,"['Romance', 'Drama']",14000000,4324817,89,excellent
555604,tt1488589,Guillermo del Toro's Pinocchio,Love will give you life.,"During the rise of fascism in Mussolini's Italy, a wooden boy brought magically to life struggles to live up to his father's expectations.",/vx1u0uwxdlhV2MUzj4VlcMB0N6m.jpg,/qXOxYzPSPY9viZTgs7O6vNBOB7Y.jpg,2022-11-09,8.021,3292,"['Animation', 'Fantasy', 'Adventure', 'Drama']",35000000,0,117,excellent
7214,tt0393162,Coach Carter,It begins on the streets. It ends here.,"Based on a true story, in which Richmond High School head basketball coach Ken Carter made headlines in 1999 for benching his undefeated team due to poor academic results.",/y3HOTTyM5nLsdUzXFtFCohG28qj.jpg,/n4CvA50GBtIPrSqCl8nMNZCliYI.jpg,2005-01-14,7.571,3243,"['Drama', 'History']",30000000,76669554,136,excellent
939243,tt18259086,Sonic the Hedgehog 3,New adventure. New rival.,"Sonic, Knuckles, and Tails reunite against a powerful new adversary, Shadow, a mysterious villain with powers unlike anything they have faced before. With their abilities outmatched in every way, Team Sonic must seek out an unlikely alliance in hopes of stopping Shadow and protecting the planet.",/d8Ryb8AunYAuycVKDp5HpdWPKgC.jpg,/zOpe0eHsq0A2NvNyBbtT6sj53qV.jpg,2024-12-19,7.614,3213,"['Action', 'Science Fiction', 'Comedy', 'Family']",122000000,492162604,110,excellent
205,tt0395169,Hotel Rwanda,"When the world closed its eyes, he opened his arms.","Inspired by true events, this film takes place in Rwanda in the 1990s when more than a million Tutsis were killed in a genocide that went mostly unnoticed by the rest of the world. Hotel owner Paul Rusesabagina houses over a thousand refuges in his hotel in attempt to save their lives.",/p3pHw85UMZPegfMZBA6dZ06yarm.jpg,/jkvvXaN7FPVKGlk8oj9PL0FHNtj.jpg,2004-12-22,7.72,3134,"['Drama', 'History', 'War']",17500000,38000000,122,excellent
882569,tt4873118,Guy Ritchie's The Covenant,A bond. A pledge. A commitment.,"During the war in Afghanistan, a local interpreter risks his own life to carry an injured sergeant across miles of grueling terrain.",/kVG8zFFYrpyYLoHChuEeOGAd6Ru.jpg,/eTvN54pd83TrSEOz6wbsXEJktCV.jpg,2023-04-19,7.716,3117,"['War', 'Action', 'Thriller']",55000000,21948551,123,excellent
71859,tt1242460,We Need to Talk About Kevin,This conversation is long overdue.,"After her son Kevin commits a horrific act, troubled mother Eva reflects on her complicated relationship with her disturbed son as he grew from a toddler into a teenager.",/auAmiRmbBQ5QIYGpWgcGBoBQY3b.jpg,/k7lwdrpZ92BDahx6TLdkPE65cpJ.jpg,2011-09-28,7.545,3067,"['Drama', 'Thriller']",7000000,10800000,113,excellent
342470,tt3907584,All the Bright Places,Live life at full brightness,Two teens facing personal struggles form a powerful bond as they embark on a cathartic journey chronicling the wonders of Indiana.,/4SafxuMKQiw4reBiWKVZJpJn80I.jpg,/tcrNJfyNEIqaBR8Ogkgnq5xQJnf.jpg,2020-02-28,7.632,3003,"['Romance', 'Drama']",0,0,108,excellent
431693,tt5814534,Spies in Disguise,Super Spy. Super Fly.,"Super spy Lance Sterling and scientist Walter Beckett are almost exact opposites. Lance is smooth, suave and debonair. Walter is… not. But what Walter lacks in social skills he makes up for in smarts and invention, creating the awesome gadgets Lance uses on his epic missions. But when events take an unexpected turn, Walter and Lance suddenly have to rely on each other in a whole new way.",/z52xI0MnoX1rqySFJYnmBqHbXRn.jpg,/uG1v9Hk1XKICd6IJChRR20mBh8i.jpg,2019-12-04,7.556,2954,"['Animation', 'Action', 'Adventure', 'Comedy', 'Family']",100000000,171616764,102,excellent
309809,tt1754656,The Little Prince,Growing up isn't the problem... forgetting is.,"Based on the best-seller book 'The Little Prince', the movie tells the story of a little girl that lives with resignation in a world where efficiency and work are the only dogmas. Everything will change when accidentally she discovers her neighbor that will tell her about the story of the Little Prince that he once met.",/je5Z7gbFTzrs3FPHINo9yGiHoVo.jpg,/ackk6QMSECnqWC2H73lKXs8J5iY.jpg,2015-07-29,7.6,2950,"['Adventure', 'Animation', 'Fantasy', 'Family']",64000000,101281211,106,excellent
228326,tt2262227,The Book of Life,Two worlds. One love.,"The journey of Manolo, a young man who is torn between fulfilling the expectations of his family and following his heart. Before choosing which path to follow, he embarks on an incredible adventure that spans fantastical worlds where he must face his greatest fears.",/aotTZos5KswgCryEzx2rlOjFsm1.jpg,/b0XkgWgCBurkCZdNXp7kEZdgxEi.jpg,2014-10-01,7.53,2908,"['Animation', 'Adventure', 'Comedy', 'Family', 'Fantasy']",50000000,97437106,95,excellent
10637,tt0210945,Remember the Titans,History is written by the winners.,"After leading his football team to 15 winning seasons, coach Bill Yoast is demoted and replaced by Herman Boone – tough, opinionated and as different from the beloved Yoast as he could be. The two men learn to overcome their differences and turn a group of hostile young men into champions.",/825ohvC4wZ3gCuncCaqkWeQnK8h.jpg,/7lwo8VLHD8Va49DKuszabpm41V9.jpg,2000-09-29,7.6,2901,['Drama'],30000000,136700000,113,excellent
13363,tt0756683,The Man from Earth,From one of the acclaimed writers of Star Trek and The Twilight Zone comes a story that transcends both time and space...,"A departing professor gathers his closest colleagues for an intimate farewell, but the night takes an unexpected turn when he shares a stunning secret about his past. As the conversation unfolds, skepticism and curiosity collide, challenging everything they thought they knew about history, science, and belief.",/V086R82gNgWrotaXZFO4JhdgB1.jpg,/gt4EnUGbbGbNOX0q47YII3WxB48.jpg,2007-06-10,7.6,2867,"['Science Fiction', 'Drama']",200000,0,87,excellent
762975,tt4614584,Purple Hearts,,"An aspiring musician agrees to a marriage of convenience with a soon-to-deploy Marine, but a tragedy soon turns their fake relationship all too real.",/4JyNWkryifWbWXJyxcWh3pVya6N.jpg,/jdZM1Gs6DtRGvosgqaXRrIkvYX7.jpg,2022-07-29,8.05,2846,"['Romance', 'Drama']",0,0,122,excellent
451915,tt1226837,Beautiful Boy,"A true story of addiction, survival and family.","After he and his first wife separate, journalist David Sheff struggles to help their teenage son, who goes from experimenting with drugs to becoming devastatingly addicted to methamphetamine.",/u2Gfv0mz3xePsgyCPHovrnFL1sB.jpg,/sOhtC4cmaYPOlcjXCWxxrx2NKKn.jpg,2018-10-12,7.5,2837,['Drama'],25000000,31749905,121,excellent
614917,tt9620288,King Richard,"Venus, Serena and a plan for greatness.","The story of how Richard Williams served as a coach to his daughters Venus and Serena, who will soon become two of the most legendary tennis players in history.",/2dfujXrxePtYJPiPHj1HkAFQvpu.jpg,/ljCKYCSRMNyZNyke5Lc1I8nW5b2.jpg,2021-11-18,7.6,2819,"['Drama', 'History']",50000000,39400000,144,excellent
502033,tt5363618,Sound of Metal,Music was his world. Then silence revealed a new one.,"Metal drummer Ruben begins to lose his hearing. When a doctor tells him his condition will worsen, he thinks his career and life is over. His girlfriend Lou checks the former addict into a rehab for the deaf hoping it will prevent a relapse and help him adapt to his new life. After being welcomed and accepted just as he is, Ruben must choose between his new normal and the life he once knew.",/3178oOJKKPDeQ2legWQvMPpllv.jpg,/7b5R8FfGUzlxfhOkPpL3xyIeuyF.jpg,2020-11-20,7.7,2810,"['Drama', 'Music']",0,516520,121,excellent
705861,tt8009428,Hustle,Are you obsessed with this game?,"After discovering a once-in-a-lifetime player with a rocky past abroad, a down on his luck basketball scout takes it upon himself to bring the phenom to the States without his team's approval. Against the odds, they have one final shot to prove they have what it takes to make it in the NBA.",/5AxdqvMo36YJ9WBAMtrKQMBTKn3.jpg,/hGr0FrLI74vqpBWTBOPloDBwOAK.jpg,2022-06-03,7.704,2796,"['Drama', 'Comedy']",21000000,0,117,excellent
804095,tt14208870,The Fabelmans,Capture every moment.,"Growing up in post-World War II era Arizona, young Sammy Fabelman aspires to become a filmmaker as he reaches adolescence, but soon discovers a shattering family secret and explores how the power of films can help him see the truth.",/h7llKkqkkJtJrTOaDLuVeUYDQ7I.jpg,/xQyGkQ8ICa4lgifGr3oZjkm3AJ2.jpg,2022-11-11,7.572,2733,['Drama'],40000000,45629909,151,excellent
308369,tt2582496,Me and Earl and the Dying Girl,A little friendship never killed anyone.,"Greg is coasting through senior year of high school as anonymously as possible, avoiding social interactions like the plague while secretly making spirited, bizarre films with Earl, his only friend. But both his anonymity and friendship threaten to unravel when his mother forces him to befriend a classmate with leukemia.",/eLjS2bLMjln2n2I73Xu6TaANPDZ.jpg,/4sOeeDX9uBteu81ty2bcdbzU933.jpg,2015-06-12,7.536,2732,"['Drama', 'Comedy']",0,0,105,excellent
678512,tt7599146,Sound of Freedom,Fight for the light. Silence the darkness.,"The story of Tim Ballard, a former US government agent, who quits his job in order to devote his life to rescuing children from global sex traffickers.",/qA5kPYZA7FkVvqcEfJRoOy4kpHg.jpg,/7JqWWLCajnt6XWCrRlgvtsYP0u6.jpg,2023-07-03,7.956,2724,"['Action', 'Drama']",14500000,250600000,131,excellent
1087192,tt26743210,How to Train Your Dragon,The legend is real.,"On the rugged isle of Berk, where Vikings and dragons have been bitter enemies for generations, Hiccup stands apart, defying centuries of tradition when he befriends Toothless, a feared Night Fury dragon. Their unlikely bond reveals the true nature of dragons, challenging the very foundations of Viking society.",/41dfWUWtg1kUZcJYe6Zk6ewxzMu.jpg,/79PNOxNXSe5e0bhEj11QJPlsdCN.jpg,2025-06-06,7.926,2716,"['Fantasy', 'Family', 'Action', 'Adventure']",150000000,636351148,125,excellent
553,tt0276919,Dogville,A quiet little town not far from here.,"A woman on the run from the mob is reluctantly accepted in a small Colorado community in exchange for labor, but when a search visits the town, she learns that their support has a price.",/lraVawavIXh5geMlVjpzCw9TGwR.jpg,/r3xsFBD1VTUusk393bBc7SsDUJe.jpg,2003-05-21,7.754,2664,"['Crime', 'Drama', 'Thriller']",10000000,16690617,178,excellent
803796,tt14205554,KPop Demon Hunters,They sing. They dance. They battle demons.,"When K-pop superstars Rumi, Mira and Zoey aren't selling out stadiums, they're using their secret powers to protect their fans from supernatural threats.",/zT7Lhw3BhJbMkRqm9Zlx2YGMsY0.jpg,/w3Bi0wygeFQctn6AqFTwhGNXRwL.jpg,2025-06-20,8.022,2636,"['Fantasy', 'Music', 'Comedy', 'Animation']",100000000,24619953,96,excellent
1242898,tt31227572,Predator: Badlands,First hunt. Last chance.,"Cast out from his clan, a young Predator finds an unlikely ally in a damaged android and embarks on a treacherous journey in search of the ultimate adversary.",/erTRAi241eYF4K8KoGGOI8kFPox.jpg,/82lM4GJ9uuNvNDOEpxFy77uv4Ak.jpg,2025-11-05,7.698,2609,"['Action', 'Science Fiction', 'Adventure']",105000000,184500000,107,excellent
339877,tt3262342,Loving Vincent,"The truth is, we cannot speak other than by our paintings.",A young man arrives at the last hometown of painter Vincent van Gogh to deliver the troubled artist's final letter and ends up investigating his final days there.,/56sq57kDm7XgyXBYrgJLumo0Jac.jpg,/KKrsUGDXZfpeL3ddXTeGibmUHS.jpg,2017-06-22,8.0,2585,"['Animation', 'Drama', 'History']",5500000,42187665,95,excellent
1084242,tt26443597,Zootopia 2,They're back with a twissst.,"After cracking the biggest case in Zootopia's history, rookie cops Judy Hopps and Nick Wilde find themselves on the twisting trail of a great mystery when Gary De'Snake arrives and turns the animal metropolis upside down. To crack the case, Judy and Nick must go undercover to unexpected new parts of town, where their growing partnership is tested like never before.",/oJ7g2CifqpStmoYQyaLQgEU32qO.jpg,/lgotja3xMoJZbynwHfcQcJAEMWH.jpg,2025-11-26,7.602,2555,"['Animation', 'Family', 'Mystery', 'Adventure', 'Comedy']",150000000,1868208796,108,excellent
776503,tt10366460,CODA,Every family has its own language.,"As a CODA (Child of Deaf Adults), Ruby is the only hearing person in her deaf family. When the family's fishing business is threatened, Ruby finds herself torn between pursuing her love of music and her fear of abandoning her parents.",/BzVjmm8l23rPsijLiNLUzuQtyd.jpg,/v85FlkbMYKa5du1glm0YfYNsL2n.jpg,2021-08-13,7.891,2550,"['Drama', 'Music', 'Romance']",10000000,1905058,112,excellent
629542,tt8115900,The Bad Guys,Good is no fun at all.,"When the Bad Guys, a crew of criminal animals, are finally caught after years of heists and being the world’s most-wanted villains, Mr. Wolf brokers a deal to save them all from prison.",/7qop80YfuO0BwJa1uXk1DXUUEwv.jpg,/9IDJpHROaC0S1ZlIxrvzOcOX5yC.jpg,2022-03-17,7.5,2514,"['Family', 'Comedy', 'Crime', 'Animation', 'Action']",80000000,250162278,100,excellent
552178,tt9071322,Dark Waters,The truth has a man on the inside.,"A tenacious attorney uncovers a dark secret that connects a growing number of unexplained deaths to one of the world's largest corporations. In the process, he risks everything — his future, his family, and his own life — to expose the truth.",/bzvzaHqKBSuGIIWhinTQPHvT0zf.jpg,/jRqHItD7rORpbB0lx2ke8StSntb.jpg,2019-11-22,7.5,2496,"['Drama', 'Thriller']",20000000,13601384,127,excellent
10950,tt0277027,I Am Sam,Love is all you need.,"Sam, a neurodivergent man, has a daughter with a homeless woman who abandons them when they leave the hospital, leaving Sam to raise Lucy on his own. But as Lucy grows up, Sam's limitations as a parent start to become a problem and the authorities take her away. Sam convinces high-priced lawyer Rita to take his case pro bono and in turn teaches her the value of love and family.",/8n8BTMIRPKT0KZKSa0nACG9cQ8O.jpg,/mOsg2l9zq315ouw55rbNATSwgU1.jpg,2001-12-28,7.563,2475,['Drama'],22000000,92542418,132,excellent
522212,tt4916630,Just Mercy,Every generation has its hero. Meet ours.,"The powerful true story of Harvard-educated lawyer Bryan Stevenson, who goes to Alabama to defend the disenfranchised and wrongly condemned — including Walter McMillian, a man sentenced to death despite evidence proving his innocence. Bryan fights tirelessly for Walter with the system stacked against them.",/2bDZl3PzFLFWe4gaFUQnnaslqT3.jpg,/wfabrzHzfYTdCj3iSCY7OEQbND0.jpg,2019-12-25,7.856,2469,"['Drama', 'Crime', 'History']",25000000,50401502,137,excellent
696374,tt11316854,Gabriel's Inferno,,"An intriguing and sinful exploration of seduction, forbidden love, and redemption, Gabriel's Inferno is a captivating and wildly passionate tale of one man's escape from his own personal hell as he tries to earn the impossible--forgiveness and love.",/oyG9TL7FcRP4EZ9Vid6uKzwdndz.jpg,/nIkcTtuhmkl1GZO2LfZi7SwFz7F.jpg,2020-05-29,8.386,2452,"['Romance', 'Drama']",0,0,122,excellent
840430,tt14849194,The Holdovers,Discomfort and joy.,"A curmudgeonly instructor at a New England prep school is forced to remain on campus during Christmas break to babysit the handful of students with nowhere to go. Eventually, he forms an unlikely bond with one of them — a damaged, brainy troublemaker — and with the school’s head cook, who has just lost a son in Vietnam.",/VHSzNBTwxV8vh7wylo7O9CLdac.jpg,/A99WMiz0ASpH9coOFrxSEuwTWx0.jpg,2023-10-27,7.651,2450,"['Drama', 'Comedy']",13000000,42513270,133,excellent
369557,tt3544112,Sing Street,Boy meets girl. Girl unimpressed. Boy starts band.,A boy growing up in Dublin during the 1980s escapes his strained family life by starting a band to impress the mysterious girl he likes.,/sUWpVlrvzU2SJbnVZqIeKulPKwk.jpg,/yB35bWnl0hBsc7bgMrO98d4s3Kj.jpg,2016-03-11,7.861,2436,"['Romance', 'Drama', 'Music', 'Comedy']",4000000,13624522,105,excellent
1646,tt0463998,Freedom Writers,Their story. Their world. Their future.,"A young teacher inspires her class of at-risk students to learn tolerance, apply themselves, and pursue education beyond high school.",/81AdeUQT99N0xPg3j6RVh0YGOTk.jpg,/oVCyqxwLkRPJC51w89Dwp6VL9vk.jpg,2007-01-05,7.919,2397,"['Crime', 'Drama']",21000000,43095175,123,excellent
921,tt0352248,Cinderella Man,One man's extraordinary fight to save the family he loved.,"The true story of boxer Jim Braddock who, following his retirement in the 1930s, makes a surprise comeback in order to lift his family out of poverty.",/wkeOjIcpuqLMW4GnVowlM9VI0JE.jpg,/cQNr3o3F32d2ZzaxrwiDdg7KhpO.jpg,2005-06-02,7.571,2388,"['Romance', 'Drama', 'History']",88000000,108539911,144,excellent
724495,tt8093700,The Woman King,Her reign begins.,"The story of the Agojie, the all-female unit of warriors who protected the African Kingdom of Dahomey in the 1800s with skills and a fierceness unlike anything the world has ever seen, and General Nanisca as she trains the next generation of recruits and readies them for battle against an enemy determined to destroy their way of life.",/438QXt1E3WJWb3PqNniK0tAE5c1.jpg,/v4YV4ne1nwNni35iz4WmpZRZpCD.jpg,2022-09-16,7.614,2337,"['Action', 'Drama', 'History', 'War']",50000000,97562514,135,excellent
379170,tt3845232,Sherlock: The Abominable Bride,Welcome to Sherlock 1895!,Sherlock Holmes and Dr. Watson find themselves in 1890s London in this holiday special.,/hibE8cyZs2Bm0o4WaWd1pppvjO2.jpg,/gGeoc8rFfPRIakXNttoFU85YVwv.jpg,2016-01-01,7.8,2331,"['Crime', 'Drama', 'Mystery', 'Thriller', 'TV Movie']",0,0,90,excellent
371645,tt4698684,Hunt for the Wilderpeople,Nature just got gangster.,"Ricky is a defiant young city kid who finds himself on the run with his cantankerous foster uncle in the wild New Zealand bush. A national manhunt ensues, and the two are forced to put aside their differences and work together to survive.",/hkmz9rxgcweizXNElozGeKwmAJE.jpg,/ixpUtvrZNwk6LBObXaNH8fh4FYf.jpg,2016-01-22,7.6,2281,"['Adventure', 'Comedy', 'Drama']",2500000,23900000,101,excellent
537116,tt8721424,"tick, tick... BOOM!",How much time do we have to do something great?,"On the brink of turning 30, a promising theater composer navigates love, friendship and the pressure to create something great before time runs out.",/DPmfcuR8fh8ROYXgdjrAjSGA0o.jpg,/rKe3MR2u4ZZ0y9uKivzKJRrqBCe.jpg,2021-11-11,7.604,2280,"['Drama', 'Music']",0,0,120,excellent
666277,tt13238346,Past Lives,,"After decades apart, childhood friends Nora and Hae Sung are reunited in New York for one fateful weekend as they confront notions of destiny, love, and the choices that make a life.",/k3waqVXSnvCZWfJYNtdamTgTtTA.jpg,/7HR38hMBl23lf38MAN63y4pKsHz.jpg,2023-06-02,7.715,2262,"['Drama', 'Romance']",12000000,28126646,106,excellent
682507,tt9411972,Where the Crawdads Sing,Secrets are buried just beneath the surface.,"Abandoned by her family, Kya raises herself all alone in the marshes outside of her small town. When her former boyfriend is found dead, Kya is instantly branded by the local townspeople and law enforcement as the prime suspect for his murder.",/n1el846gLDXfhOvrRCsyvaAOQWv.jpg,/7Y3LdmsZukXhmwxtO0UF95BFBTt.jpg,2022-07-14,7.529,2261,"['Drama', 'Mystery', 'Romance']",24000000,144353965,126,excellent
606856,tt5116302,Togo,The untold true story.,"The untold true story set in the winter of 1925 that takes you across the treacherous terrain of the Alaskan tundra for an exhilarating and uplifting adventure that will test the strength, courage and determination of one man, Leonhard Seppala, and his lead sled dog, Togo.",/921q4gPNN4J6UxvKaw6SCNBe3F8.jpg,/2Jr2OBzoLLOYqQWnyN4eicZv0sL.jpg,2019-12-20,8.128,2232,"['Adventure', 'Family']",0,0,113,excellent
24238,tt0978762,Mary and Max,Sometimes perfect strangers make the best of friends.,"A tale of friendship between two unlikely pen pals: Mary, a lonely, eight-year-old girl living in the suburbs of Melbourne, and Max, a forty-four-year old, severely obese man living in New York.",/ebmsM382m9IClLUzKYY2U5biFwM.jpg,/8UxYHvKBNFnoyfHjgjMwzj4zOuy.jpg,2009-04-09,7.873,2225,"['Animation', 'Comedy', 'Drama']",8240000,1740429,92,excellent
470044,tt5580266,The Hate U Give,Two worlds. One voice. No going back.,"Raised in a poverty-stricken slum, a 16-year-old girl named Starr now attends a suburban prep school. After she witnesses a police officer shoot her unarmed best friend, she's torn between her two very different worlds as she tries to speak her truth.",/2icwBom0t5nmOuZI9FVXF3gkMK0.jpg,/kH8xW7K2Gp1KOXoeewcLPkfqZ8K.jpg,2018-10-19,8.1,2212,"['Crime', 'Drama']",23000000,34934009,133,excellent
614409,tt10676012,To All the Boys: Always and Forever,You never know where love will lead you.,Senior year of high school takes center stage as Lara Jean returns from a family trip to Korea and considers her college plans — with and without Peter.,/iepqdM52f4w75fNcvgRF5QoIAjm.jpg,/qjhcTGnjxYJqwBGlDzZkYWmne6e.jpg,2021-02-12,7.5,2053,"['Romance', 'Comedy', 'Drama']",0,0,114,excellent
482321,tt7504818,Ron's Gone Wrong,Best Friend Forever* (*battery life may vary),"In a world where walking, talking, digitally connected bots have become children's best friends, an 11-year-old finds that his robot buddy doesn't quite work the same as the others do.",/plzgQAXIEHm4Y92ktxU6fedUc0x.jpg,/40WhgHxqkVPJeFIGeVFF48DB5e5.jpg,2021-10-14,7.859,2001,"['Animation', 'Science Fiction', 'Family', 'Comedy']",0,60692022,107,excellent
11362,tt0245844,The Count of Monte Cristo,Prepare for adventure. Count on revenge.,"Edmond Dantés's life and plans to marry the beautiful Mercedes are shattered when his best friend, Fernand, deceives him. After spending 13 miserable years in prison, Dantés escapes with the help of a fellow inmate and plots his revenge, cleverly insinuating himself into the French nobility.",/ifMgDAUXVQLY4DeOu3VTTi55jSP.jpg,/AmN8ozRE0AbMGgZhqBu4fUjZkRt.jpg,2002-01-23,7.674,1991,"['Adventure', 'Drama', 'History', 'Action', 'Thriller']",35000000,75395048,131,excellent
16,tt0168629,Dancer in the Dark,"In a world of shadows, she found the light of life.","Selma, a Czech immigrant on the verge of blindness, struggles to make ends meet for herself and her son, who has inherited the same genetic disorder and will suffer the same fate without an expensive operation. When life gets too difficult, Selma learns to cope through her love of musicals, dreaming up little numbers to the rhythmic beats of her surroundings.",/pWzOfTJRZHPNO1VNrMnNFqRcJwg.jpg,/vxvzf0cGtFY2Vpw5ULWumCIW6Ri.jpg,2000-09-01,7.845,1983,"['Drama', 'Crime']",12500000,40061153,140,excellent
74308,tt1683526,Detachment,,"A chronicle of three weeks in the lives of several high school teachers, administrators and students through the eyes of substitute teacher, Henry Barthes. Henry roams from school to school, imparting modes of knowledge, but never staying long enough to form any semblance of sentient attachment.",/bC5H2dabnHrQJD1KmQUSUUeuCXU.jpg,/iJwtR94Yq9U83ET0TzirsGWTewH.jpg,2011-04-24,7.626,1973,['Drama'],0,1681521,98,excellent
447362,tt6598238,Life in a Year,,"A 17 year old finds out that his girlfriend is dying, so he sets out to give her an entire life, in the last year she has left.",/bP7u19opmHXYeTCUwGjlLldmUMc.jpg,/u6aGN71Hx39iX8Uv4ILRRKHmAXc.jpg,2020-11-27,8.232,1956,"['Drama', 'Romance']",0,0,107,excellent
183011,tt2820466,Justice League: The Flashpoint Paradox,Fight the future.,The Flash finds himself in a war-torn alternate timeline and teams up with alternate versions of his fellow heroes to restore the timeline.,/hg6RYpSb3vU4i3yQDtE1YhSZNh5.jpg,/35RYg50KXsenD4TrpZzzBm2X4cK.jpg,2013-07-30,7.88,1956,"['Animation', 'Science Fiction', 'Action', 'Adventure', 'Fantasy']",3500000,0,81,excellent
585511,tt7214954,Luck,Sometimes all you need is for everything to go wrong.,"Suddenly finding herself in the never-before-seen Land of Luck, the unluckiest person in the world must unite with the magical creatures there to turn her luck around.",/1HOYvwGFioUFL58UVvDRG6beEDm.jpg,/sKvQUSyqsFq8e1ts6oo3Xp3dPH2.jpg,2022-08-05,7.727,1925,"['Animation', 'Adventure', 'Comedy', 'Fantasy']",0,0,105,excellent
458220,tt6857376,Palmer,Family is who you make it.,"After 12 years in prison, former high school football star Eddie Palmer returns home to put his life back together—and forms an unlikely bond with Sam, an outcast boy from a troubled home. But Eddie's past threatens to ruin his new life and family.",/xSDdRAjxKAGi8fUBLOqSrBhJmF0.jpg,/mlBmnjDJfsAhvqRVc2aFOjsfh8M.jpg,2021-01-28,8.122,1884,['Drama'],0,0,110,excellent
283587,tt1365050,Beasts of No Nation,Child. Captive. Killer.,"Based on the experiences of Agu, a child fighting in the civil war of a West African country. Follows Agu's journey as he's forced to join a group of soldiers. While he fears his commander and many of the men around him, his fledgling childhood has been brutally shattered by the war raging through his country, and he is at first torn between conflicting revulsion and fascination.",/1D4vcJmJc58WXarpRtwgd2do9Rg.jpg,/vDfbeUK3OhoeyQRlUODwfSy6tyE.jpg,2015-09-11,7.588,1859,"['Drama', 'War']",6000000,9077700,137,excellent
491480,tt7533152,The Boy Who Harnessed the Wind,,"Against all the odds, a thirteen year old boy in Malawi invents an unconventional way to save his family and village from famine.",/yOr7RxHw15MMXNxGMXSmngDqHyI.jpg,/lB8mrGjgOxVuiGzBNbHfUrFw02d.jpg,2019-02-14,7.873,1847,"['Drama', 'History']",0,0,113,excellent
965150,tt19770238,Aftersun,Memory burns.,Sophie reflects on the shared joy and private melancholy of a holiday she took with her father twenty years earlier. Memories fill the gaps between camcorder footages as she tries to reconcile the father she knew with the troubled man she didn't.,/evKz85EKouVbIr51zy5fOtpNRPg.jpg,/4jdduww9j5RyzO4ITRcuBFhqNN1.jpg,2022-10-21,7.683,1795,['Drama'],0,7834405,101,excellent
140420,tt2388725,Paperman,"Destiny is the bridge you build, to the one you love.",An urban office worker finds that paper airplanes are instrumental in meeting a girl in ways he never expected.,/9tvF744hwTm2Bn9hkDjMfEsysKz.jpg,/48v92pR5a1JeczlrCwnr1eQBN2j.jpg,2012-11-02,8.0,1792,"['Animation', 'Family', 'Romance', 'Comedy', 'Fantasy']",0,0,7,excellent
10778,tt0243133,The Man Who Wasn't There,,"A tale of murder, crime and punishment set in the summer of 1949. Ed Crane, a barber in a small California town, is dissatisfied with his life, but his wife Doris' infidelity and a mysterious opportunity presents him with a chance to change it.",/lrCgt8NNMyFsfmXyXiSSCRXNH4u.jpg,/xwjVHxKKk2hb6CJX46U4Cv0Zq0a.jpg,2001-10-26,7.505,1737,"['Crime', 'Drama']",20000000,18918721,116,excellent
416144,tt5461944,Hotel Mumbai,"November 26, 2008… Terror struck the heart of India.","Mumbai, India, November 26, 2008. While several terrorists spread hatred and death through the city, others attack the Taj Mahal Palace Hotel. Both hotel staff and guests risk their lives, making unthinkable sacrifices to protect themselves and keep everyone safe while help arrives.",/v32SC4HFZtlDRWXMaR2V2dWqAXJ.jpg,/aqSN0jyzGrJUqCe0OeVzSymcRbk.jpg,2019-03-14,7.53,1726,"['Thriller', 'History', 'Drama', 'Action']",25000000,16900000,123,excellent
399106,tt5613056,Piper,,"A mother bird tries to teach her little one how to find food by herself. In the process, she encounters a traumatic experience that she must overcome in order to survive.",/5fu2d809jepLwEpES7wggiECLoQ.jpg,/4GWYk5VP9qu1rNSeNAwNaBy9mwS.jpg,2016-06-16,8.149,1724,"['Family', 'Animation']",0,0,6,excellent
726759,tt12758060,Tetris,The game you couldn't put down. The story you couldn't make up.,"In 1988, American video game salesman Henk Rogers discovers the video game Tetris. When he sets out to bring the game to the world, he enters a dangerous web of lies and corruption behind the Iron Curtain.",/4F2QwCOYHJJjecSvdOjStuVLkpu.jpg,/4avmIRBBOs9b4DKoenf8SWWJJP7.jpg,2023-03-15,7.634,1713,"['Thriller', 'History', 'Drama']",0,0,118,excellent
40662,tt1569923,Batman: Under the Red Hood,Dare to look beneath the Hood.,"One part vigilante, one part criminal kingpin, Red Hood begins cleaning up Gotham with the efficiency of Batman, but without following the same ethical code.",/7lmHqHg1rG9b4U8MjuyQjmJ7Qm0.jpg,/jFEy7DClkMm8nGXAwmpe577Vlq0.jpg,2010-07-27,7.758,1713,"['Mystery', 'Crime', 'Animation']",0,6629178,75,excellent
123025,tt2313197,"Batman: The Dark Knight Returns, Part 1",Old heroes never die. They just get darker.,"Batman has not been seen for ten years. A new breed of criminal ravages Gotham City, forcing 55-year-old Bruce Wayne back into the cape and cowl. But, does he still have what it takes to fight crime in a new era?",/7yAPPLZpTnPN7qb1qSCNuotQpew.jpg,/bNLLjc6NT80FmFknvHn8demDHhl.jpg,2012-09-25,7.736,1696,"['Science Fiction', 'Action', 'Animation', 'Mystery']",3500000,0,76,excellent
1430,tt0310793,Bowling for Columbine,Are we a nation of gun nuts or are we just nuts?,"This is not a film about gun control. It is a film about the fearful heart and soul of the United States, and the 280 million Americans lucky enough to have the right to a constitutionally protected Uzi. From a look at the Columbine High School security camera tapes to the home of Oscar-winning NRA President Charlton Heston, from a young man who makes homemade napalm with The Anarchist's Cookbook to the murder of a six-year-old girl by another six-year-old. Bowling for Columbine is a journey through the US, through our past, hoping to discover why our pursuit of happiness is so riddled with violence.",/5AlgeysilsfLdEwlTlYO7fqgsLn.jpg,/70uUnpfe7en9x011UjpZoub101l.jpg,2002-10-09,7.511,1678,"['Documentary', 'Drama']",4000000,35564473,120,excellent
522924,tt1478839,The Art of Racing in the Rain,Meet the dog who will show the world how to be human.,"A family dog – with a near-human soul and a philosopher's mind – evaluates his life through the lessons learned by his human owner, a race-car driver.",/mi5VN4ww0JZgRFJIaPxxTGKjUg7.jpg,/96sS0woEzf0zFSWjHVblOhsBfGd.jpg,2019-08-08,8.17,1659,"['Drama', 'Romance']",18000000,33800000,109,excellent
522518,tt8385474,A Dog's Journey,Some friendships transcend lifetimes.,A dog finds the meaning of his own existence through the lives of the humans he meets.,/wquJChp0NpoqthYdE3YjXNNxvVC.jpg,/i109vzdCkG7W3H9FxHmfpZjgh61.jpg,2019-05-03,8.055,1609,"['Family', 'Adventure', 'Drama']",16000000,78871079,109,excellent
506574,tt8022928,Descendants 3,"You didn't think this was the end of the story, did you?",The teenagers of Disney's most infamous villains return to the Isle of the Lost to recruit a new batch of villainous offspring to join them at Auradon Prep.,/7IRy0iHdaS0JI3ng4ZYlk5gLSFn.jpg,/wWLUUGtemgrRyH24v8lAkSR58US.jpg,2019-08-02,7.7,1606,"['Family', 'TV Movie', 'Adventure', 'Fantasy', 'Music']",15000000,0,106,excellent
142061,tt2166834,"Batman: The Dark Knight Returns, Part 2",Justice returns... vengeance returns... redemption comes to Gotham.,Batman has stopped the reign of terror that The Mutants had cast upon his city.  Now an old foe wants a reunion and the government wants The Man of Steel to put a stop to Batman.,/arEZYd6uMOFTILne9Ux0A8qctMe.jpg,/zHqptza1ttGa7hkYNEXP7ECIyA9.jpg,2013-01-03,7.928,1587,"['Science Fiction', 'Action', 'Animation', 'Mystery']",3500000,0,78,excellent
4960,tt0383028,"Synecdoche, New York",,"A theater director struggles with his work, and the women in his life, as he attempts to create a life-size replica of New York inside a warehouse as part of his new play.",/5UwdhrjXhUgsiDhe1dpS9z4yj7q.jpg,/insPcjOIWFf6Uc9DR0ORgXATqSM.jpg,2008-10-24,7.5,1575,['Drama'],20000000,4383538,124,excellent
698687,tt8864596,Transformers One,Witness the origin.,"The untold origin story of Optimus Prime and Megatron, better known as sworn enemies, but once were friends bonded like brothers who changed the fate of Cybertron forever.",/iRCgqpdVE4wyLQvGYU3ZP7pAtUc.jpg,/cMfokHWle5lfCreoV08cbmkKv6G.jpg,2024-09-11,7.974,1572,"['Animation', 'Science Fiction', 'Adventure', 'Family']",75000000,129408392,104,excellent
110416,tt1865505,Song of the Sea,Let the song of the sea sway your heart...,"The story of the last Seal Child’s journey home. After their mother’s disappearance, Ben and Saoirse are sent to live with Granny in the city. When they resolve to return to their home by the sea, their journey becomes a race against time as they are drawn into a world Ben knows only from his mother’s folktales. But this is no bedtime story; these fairy folk have been in our world far too long. It soon becomes clear to Ben that Saoirse is the key to their survival.",/16LQC6zpqB0l74mVWb93a2oMFnX.jpg,/mVLZvSe1Aa8CFKx0cInTamVZJrW.jpg,2014-06-23,7.995,1560,"['Family', 'Animation', 'Fantasy']",0,857522,94,excellent
618344,tt11079148,Justice League Dark: Apokolips War,The war to end all wars.,"Earth is decimated after intergalactic tyrant Darkseid has devastated the Justice League in a poorly executed war by the DC Super Heroes. Now the remaining bastions of good – the Justice League, Teen Titans, Suicide Squad and assorted others – must regroup, strategize and take the war to Darkseid in order to save the planet and its surviving inhabitants.",/c01Y4suApJ1Wic2xLmaq1QYcfoZ.jpg,/miChhr7EXynB2R5JLvMcz2oBgi2.jpg,2020-05-05,8.202,1557,"['Animation', 'Action', 'Adventure', 'Fantasy']",0,0,90,excellent
724089,tt13535454,Gabriel's Inferno: Part II,,"Professor Gabriel Emerson finally learns the truth about Julia Mitchell's identity, but his realization comes a moment too late. Julia is done waiting for the well-respected Dante specialist to remember her and wants nothing more to do with him. Can Gabriel win back her heart before she finds love in another's arms?",/x5o8cLZfEXMoZczTYWLrUo1P7UJ.jpg,/jtAI6OJIWLWiRItNSZoWjrsUtmi.jpg,2020-07-31,8.4,1543,"['Romance', 'Drama']",0,0,106,excellent
404378,tt3606888,A Street Cat Named Bob,Sometimes it takes nine lives to save one,"James Bowen, a homeless busker and recovering drug addict, has his life transformed when he meets a stray ginger cat.",/nBYG0D2FcbL1m926sIj7RN4m0sb.jpg,/3YDuN1mhQpYtCym4QatX0gkHahL.jpg,2016-11-04,7.888,1542,"['Family', 'Drama']",8000000,17900000,103,excellent
930094,tt10172266,"Red, White & Royal Blue",Love who you want. It's good foreign policy.,"After an altercation between Alex, the president's son, and Britain's Prince Henry at a royal event becomes tabloid fodder, their long-running feud now threatens to drive a wedge in U.S./British relations. When the rivals are forced into a staged truce, their icy relationship begins to thaw and the friction between them sparks something deeper than they ever expected.",/ta3ReqbdEcLJM3mcHMzbYFZI8v7.jpg,/7QDWTqSGqI2Q5dOBtvT64MOhmwJ.jpg,2023-07-27,7.937,1527,"['Comedy', 'Romance']",20000000,0,118,excellent
374473,tt5168192,"I, Daniel Blake","My name is Daniel Blake. I am a man, not a dog.","A middle aged carpenter, who requires state welfare after injuring himself, is joined by a single mother in a similar scenario.",/nu3WVABXz2W85N6JXTZOT1aWS3b.jpg,/mNLonkdD4MtaZnHTifp8be8nJrm.jpg,2016-10-21,7.708,1523,['Drama'],0,15793051,100,excellent
14784,tt0460791,The Fall,A little blessing in disguise.,"In a hospital on the outskirts of 1920s Los Angeles, an injured stuntman begins to tell a fellow patient, a little girl with a broken arm, a fantastic story about 5 mythical heroes. Thanks to his fractured state of mind and her vivid imagination, the line between fiction and reality starts to blur as the tale advances.",/vIU6fiyTWa56OXK9nwxK9tDVR6G.jpg,/vNrXoT45xscHY6AN4IGf44vHxVJ.jpg,2006-09-09,7.6,1508,"['Adventure', 'Fantasy', 'Drama']",30000000,3984390,117,excellent
515042,tt7775622,Free Solo,Live beyond fear.,"Follow Alex Honnold as he attempts to become the first person to ever free solo climb Yosemite's 3,000 foot high El Capitan wall. With no ropes or safety gear, this would arguably be the greatest feat in rock climbing history.",/v4QfYZMACODlWul9doN9RxE99ag.jpg,/z2uuQasY4gQJ8VDAFki746JWeQJ.jpg,2018-09-28,7.901,1493,"['Documentary', 'Adventure']",0,21790193,100,excellent
698948,tt12262116,Thirteen Lives,"5000 people, 17 countries, 1 miracle that united the world.","Based on the true nail-biting mission that captivated the world. Twelve boys and the coach of a Thai soccer team explore the Tham Luang cave when an unexpected rainstorm traps them in a chamber inside the mountain. Entombed behind a maze of flooded cave tunnels, they face impossible odds. A team of world-class divers navigate through miles of dangerous cave networks to discover that finding the boys is only the beginning.",/yi5KcJqFxy0D6yP8nCfcF8gJGg5.jpg,/tHR34A5n0my4maACNdLpWGd6QYq.jpg,2022-07-18,7.847,1474,"['Drama', 'Thriller', 'History']",55000000,0,147,excellent
550205,tt5562070,Wish Dragon,Three magical wishes. One life changing adventure.,Determined teen Din is longing to reconnect with his childhood best friend when he meets a wish-granting dragon who shows him the magic of possibilities.,/lnPf6hzANL6pVQTxUlsNYSuhT5l.jpg,/4kIRrW1AlHP5Idne8CPHeQt8nR5.jpg,2021-01-15,7.834,1461,"['Animation', 'Family', 'Comedy', 'Fantasy', 'Romance', 'Adventure']",0,25860000,99,excellent
687163,tt12042730,Project Hail Mary,Believe in the Hail Mary.,"Science teacher Ryland Grace wakes up on a spaceship light years from home with no recollection of who he is or how he got there. As his memory returns, he begins to uncover his mission: solve the riddle of the mysterious substance causing the sun to die out. He must call on his scientific knowledge and unorthodox ideas to save everything on Earth from extinction… but an unexpected friendship means he may not have to do it alone.",/yihdXomYb5kTeSivtFndMy5iDmf.jpg,/8Tfys3mDZVp4tNoH2ktm06a0Tau.jpg,2026-03-15,8.2,1441,"['Science Fiction', 'Adventure']",200000000,510218578,157,excellent
664767,tt9580138,Mortal Kombat Legends: Scorpion's Revenge,Extreme violence. Bad language. And a bloody good time.,"After the vicious slaughter of his family by stone-cold mercenary Sub-Zero, Hanzo Hasashi is exiled to the torturous Netherrealm. There, in exchange for his servitude to the sinister Quan Chi, he’s given a chance to avenge his family – and is resurrected as Scorpion, a lost soul bent on revenge. Back on Earthrealm, Lord Raiden gathers a team of elite warriors – Shaolin monk Liu Kang, Special Forces officer Sonya Blade and action star Johnny Cage – an unlikely band of heroes with one chance to save humanity. To do this, they must defeat Shang Tsung’s horde of Outworld gladiators and reign over the Mortal Kombat tournament.",/iBvo3qOPcmhlqAaJcXcQHtx2qLk.jpg,/vw3zNfzvnVNF7nIjpiEgcdznfeC.jpg,2020-04-12,8.088,1445,"['Animation', 'Action', 'Fantasy']",0,0,80,excellent
234200,tt3169706,Pride,Based on the inspirational true story.,"In 1984, a group of LGBT activists decide to raise money to support the National Union of Mineworkers during their lengthy strike. There is only one problem: the Union seems embarrassed to receive their support.",/Kc3vbqO0X4VRnjACGNoWLNQvHo.jpg,/tqLjEqOELHek2zfZ1d3vknG7Dfu.jpg,2014-09-12,7.688,1399,"['Drama', 'Comedy']",0,16700000,120,excellent
293310,tt4044364,Citizenfour,,"In June 2013, Laura Poitras and reporter Glenn Greenwald flew to Hong Kong for the first of many meetings with Edward Snowden. She brought her camera with her.",/nOVhX69EAxtSKEEnr5UcSd5UVci.jpg,/godZeVdLEH6YFOBPajdLkAvhy5l.jpg,2014-10-10,7.738,1397,['Documentary'],0,3003169,113,excellent
169813,tt2370248,Short Term 12,Support them. Take care of them. But don't become their friend.,"Grace, a compassionate young supervisor at a foster care facility, helps at-risk teens. But when a new charge dredges up memories of her own troubled past, Grace's tough exterior begins eroding.",/qKnsyaJZLXfiL2JhIJEkpA8C3LU.jpg,/jcMwL3hE5mXl9o2nMJrTzyw7iXl.jpg,2013-08-23,7.757,1397,['Drama'],1000000,1645164,96,excellent
417261,tt4103724,Forever My Girl,Find your way back home.,"After being gone for a decade, a country star returns home to the love he left behind.",/bKqdggnIPeOI15VqtBZTkvh4hA9.jpg,/gEsBPNcGAuNBU5MGaOAlnm6uDe7.jpg,2018-01-26,7.601,1365,"['Romance', 'Drama']",3500000,16367326,108,excellent
961323,tt19500164,Nimona,A little anti. A little hero.,"A knight framed for a tragic crime teams with a scrappy, shape-shifting teen to prove his innocence.",/2NQljeavtfl22207D1kxLpa4LS3.jpg,/sidvlo7V8VMyskNKGwua0Tarbol.jpg,2023-06-23,7.867,1358,"['Animation', 'Family', 'Adventure', 'Fantasy', 'Comedy', 'Action', 'Drama', 'Science Fiction']",0,0,99,excellent
441130,tt5198068,Wolfwalkers,Be fierce. Be wild. Be free.,"In a time of superstition and magic, when wolves are seen as demonic and nature an evil to be tamed, a young apprentice hunter comes to Ireland with her father to wipe out the last pack. But when she saves a wild native girl, their friendship leads her to discover the world of the Wolfwalkers and transform her into the very thing her father is tasked to destroy.",/vqGiNbdc2sDwsnivMMYzwAoSSu6.jpg,/3zTbERSBLh7waK9811RTKGAcG86.jpg,2020-10-26,8.197,1356,"['Animation', 'Family', 'Adventure', 'Fantasy']",12000000,1310720,102,excellent
331781,tt2870648,Amy,The girl behind the name.,"A documentary on the life of Amy Winehouse, the immensely talented yet doomed songstress. We see her from her teen years, where she already showed her singing abilities, to her finding success and then her downward spiral into alcoholism and drugs.",/qL0RepWSNUuZoeDXfyhqowVYhrn.jpg,/8YiAnbmo8ARHNVt25Cp5fVt4rNd.jpg,2015-07-02,7.576,1311,"['Documentary', 'Music']",0,23706386,128,excellent
691179,tt11337862,Friends: The Reunion,The one where they get back together.,"The cast of Friends reunites for a once-in-a-lifetime celebration of the hit series, an unforgettable evening filled with iconic memories, uncontrollable laughter, happy tears, and special guests.",/bT3c4TSOP8vBmMoXZRDPTII6eDa.jpg,/qPlAgjG4xy7utjf5L14FZ8kaiWl.jpg,2021-05-27,7.848,1308,['Documentary'],0,0,104,excellent
514754,tt8075496,Bao,,"An aging Chinese mother suffering from empty nest syndrome gets another chance at motherhood when one of her dumplings springs to life as a lively, giggly dumpling boy.",/tKz7XRXvdy1i7pW4eotaWZSrAx2.jpg,/fHwOKUkDXK5GfEeAZEmf5b2BQ0h.jpg,2018-06-15,7.558,1297,"['Animation', 'Family', 'Fantasy', 'Drama', 'Comedy']",0,0,8,excellent
795514,tt11847410,The Fallout,Nothing will ever be the same.,"In the wake of a school tragedy, Vada, Mia and Quinton form a unique and dynamic bond as they navigate the never linear, often confusing journey to heal in a world that feels forever changed.",/4ByHl9XRKR2iXbvF0ZilMRD1RcL.jpg,/ww2lFEeqKhJjGn7j7YlEGMzKF8W.jpg,2021-03-17,7.512,1292,['Drama'],0,0,96,excellent
11171,tt0370986,Mysterious Skin,Two boys. One can't remember. The other can't forget.,"A teenage hustler and a young man obsessed with alien abductions cross paths, together discovering a horrible, liberating truth.",/wgSwDqhl6Rt3cuSCwt5sNpPna3x.jpg,/plsZ3coRURoFnNkjaWcbPVy72kd.jpg,2005-03-30,7.708,1255,['Drama'],3000000,2148548,105,excellent
715931,tt12530246,Emancipation,,"Inspired by the gripping true story of a man who would do anything for his family—and for freedom. When Peter, an enslaved man, risks his life to escape and return to his family, he embarks on a perilous journey of love and endurance.",/s9sUK1vAaOcxJfKzNTszrNkPhkH.jpg,/1jZ3wNpON50whGEH7YOcTQrU45B.jpg,2022-12-02,7.759,1247,"['Drama', 'War', 'History']",0,0,132,excellent
13002,tt0859594,Barbie in the 12 Dancing Princesses,Enchanted dancing in a magical world!,"King Randolph sends for his cousin, Duchess Rowena, to help turn his daughters, Princess Genevieve and her eleven sisters, into royal material. But the Duchess strips the sisters of their fun, including their favorite pastime: dancing. When all hope may be lost, the sisters discover a secret passageway to a magical land where they can dance the night away.",/yBB7PwXRFJ29U8m8SnTcWVizFvM.jpg,/1KzmjDbhHwBARDzzZZKNC3tqqgd.jpg,2006-09-19,7.6,1237,"['Animation', 'Family']",0,0,83,excellent
858024,tt14905854,Hamnet,Keep your heart open.,"The powerful story of love and loss that inspired the creation of Shakespeare's timeless masterpiece, Hamlet.",/vbeyOZm2bvBXcbgPD3v6o94epPX.jpg,/a9IQXoYCpsjqTOKXRTw1osLd5il.jpg,2025-11-26,7.7,1224,"['Drama', 'Romance', 'History']",35000000,100600000,126,excellent
585244,tt9779516,I Still Believe,One love can change your life.,The true-life story of Christian music star Jeremy Camp and his journey of love and loss that looks to prove there is always hope.,/dqA2FCzz4OMmXLitKopzf476RVB.jpg,/bcXDN63bikg2KzqtOIjaj9qUiaj.jpg,2020-03-12,7.571,1224,"['Music', 'Drama', 'Romance']",12000000,16069730,115,excellent
850165,tt21064584,The Iron Claw,Sons. Brothers. Champions.,"The true story of the inseparable Von Erich brothers, who made history in the intensely competitive world of professional wrestling in the early 1980s. Through tragedy and triumph, under the shadow of their domineering father and coach, the brothers seek larger-than-life immortality on the biggest stage in sports.",/s2VLjcykJfwplJNGT5iEeCA0mRx.jpg,/4l65BWqJBl7hBwdIwp2nQdwsOuw.jpg,2023-12-21,7.507,1213,"['History', 'Drama']",15900000,40130232,132,excellent
612706,tt10276470,Work It,Dance to your own beat.,A brilliant but clumsy high school senior vows to get into her late father's alma mater by transforming herself and a misfit squad into dance champions.,/b5XfICAvUe8beWExBz97i0Qw4Qh.jpg,/oAcV4179Kdpvb2xk9TtS8Ewrp8q.jpg,2020-08-07,7.5,1211,"['Comedy', 'Music']",0,0,93,excellent
414419,tt6019206,Kill Bill: The Whole Bloody Affair,"The 4th film by Quentin Tarantino. Uncut, unrated, and shown in its entirety.","Quentin Tarantino's complete cut combining Kill Bill: Vol. 1 and Vol. 2 follows The Bride, a former assassin who awakens from a four-year coma after being shot by her mentor and lover, Bill. She embarks on a vengeful quest to eliminate Bill and the Deadly Viper Assassination Squad who betrayed her.",/nSOJfWJCdVFZQwXQA7RXn7FIIiY.jpg,/qe4Tp0hURXqiih5AV1kHimXIt3u.jpg,2011-03-27,8.1,1206,"['Action', 'Crime']",55000000,5806312,253,excellent
158999,tt2545118,Blackfish,Never capture what you can't control.,"Notorious killer whale Tilikum is responsible for the deaths of three individuals, including a top killer whale trainer. Blackfish shows the sometimes devastating consequences of keeping such intelligent and sentient creatures in captivity.",/kCk4mDFE96Mn1AYfEcbxkIiw7ND.jpg,/tCW0uGWwfZzRkupNFdI0yUo4A0w.jpg,2013-06-07,7.838,1180,['Documentary'],0,2063312,83,excellent
58496,tt1424432,Senna,No fear. No limits. No equal.,"The remarkable story of Brazilian racing driver Ayrton Senna, charting his physical and spiritual achievements on the track and off, his quest for perfection, and the mythical status he has since attained, is the subject of Senna, a documentary feature that spans the racing legend's years as an F1 driver, from his opening season in 1984 to his untimely death a decade later.",/nZbLCbRoP6iJq5sr8daHQzjnzFh.jpg,/vtXCGAkCx5o2p0jn3A1QmdR5u5i.jpg,2010-10-07,8.119,1174,['Documentary'],0,8212430,106,excellent
707886,tt10714856,Feel the Beat,Take your chance. Make your move.,"After failing to make it on Broadway, April returns to her hometown and reluctantly begins training a misfit group of young dancers for a competition.",/Af2jt7m9GLFpR4V11xOsFmT8OKD.jpg,/fZBQOScjDT8TAipEyCkLVeDTu5c.jpg,2020-06-19,7.557,1163,"['Comedy', 'Music', 'Drama']",0,0,107,excellent
1376434,tt36463894,Predator: Killer of Killers,The hunt begins.,"While three of the fiercest warriors in human history—a Viking raider, a ninja in feudal Japan, and a WWII pilot—are killers in their own right, they are merely prey for their new opponent: the ultimate killer of killers.",/2XDQa6EmFHSA37j1t0w88vpWqj9.jpg,/3AGZKVr2DPT9H53gYtkSEC1tK1E.jpg,2025-06-05,7.794,1145,"['Animation', 'Action', 'Science Fiction', 'Thriller']",0,0,85,excellent
514439,tt7083526,Breakthrough,Based On The Impossible True Story,"Tragedy strikes when a woman named Joyce's son falls through the ice on a frozen lake and is trapped underwater for over 15 minutes. After being rushed to the hospital, the 14-year-old boy continues to fight for his life as Joyce, her husband and their pastor stay by his bedside and pray for a miracle.",/lUd2FNC8cMCcHyRMNZtVC48p3xH.jpg,/fYuWuPZyXSc3s0iPIZ4ZWpEremy.jpg,2019-04-10,7.643,1140,['Drama'],14000000,49200000,116,excellent
1544,tt0421994,Imagine Me & You,There goes the bride.,"During her wedding ceremony, Rachel notices Luce in the audience and feels instantly drawn to her. The two women become close friends, and when Rachel learns that Luce is a lesbian, she realizes that despite her happy marriage to Heck, she is falling for Luce. As she questions her sexual orientation, Rachel must decide between her stable relationship with Heck and her exhilarating new romance with Luce.",/a7CbxY3TMwFKX6awlBxhb7Es6tS.jpg,/6Zrz2cEupZ2CRHU1coEgb2xa1hq.jpg,2006-01-27,7.6,1098,"['Drama', 'Comedy', 'Romance']",1000000,2500000,93,excellent
638507,tt11112140,How to Train Your Dragon: Homecoming,,"It's been ten years since the dragons moved to the Hidden World, and even though Toothless doesn't live in New Berk anymore, Hiccup continues the holiday traditions he once shared with his best friend. But the Vikings of New Berk were beginning to forget about their friendship with dragons. Hiccup, Astrid, and Gobber know just what to do to keep the dragons in the villagers' hearts. And across the sea, the dragons have a plan of their own...",/kXj2Qrfm994yLeuADqbOieU1mUH.jpg,/lI2AHx0QQrNnEkUqUG01QHUdLDW.jpg,2019-12-03,8.042,1097,"['Animation', 'Fantasy', 'Adventure', 'Family']",0,0,22,excellent
24480,tt1425244,Partly Cloudy,,"Everyone knows that the stork delivers babies, but where do the storks get the babies from? The answer lies up in the stratosphere, where cloud people sculpt babies from clouds and bring them to life. Gus, a lonely and insecure grey cloud, is a master at creating ""dangerous"" babies. Crocodiles, porcupines, rams and more - Gus's beloved creations are works of art, but more than a handful for his loyal delivery stork partner, Peck. As Gus's creations become more and more rambunctious, Peck's job gets harder and harder. How will Peck manage to handle both his hazardous cargo and his friend's fiery temperament?",/oqYX2AJV53ibLVPrUZ1Z5XlGv5U.jpg,/8FQ0QCoyGHpPXRTsv2jaSqV5NRs.jpg,2009-05-28,7.753,1095,"['Animation', 'Family', 'Comedy', 'Fantasy']",0,0,6,excellent
627725,tt6285944,The Banker,Don't pay the man. Be the man.,"In the 1960s, two entrepreneurs hatch an ingenious business plan to fight for housing integration—and equal access to the American Dream.",/biXzsw22U6vSd0XktmZwAOc4uik.jpg,/3ciAiEBD4yxZYoXMxEnZF6Q0u58.jpg,2020-03-06,7.622,1094,['Drama'],0,0,120,excellent
761053,tt13535456,Gabriel's Inferno: Part III,,The final part of the film adaption of the erotic romance novel Gabriel's Inferno written by an anonymous Canadian author under the pen name Sylvain Reynard.,/fYtHxTxlhzD4QWfEbrC1rypysSD.jpg,/cY9X3gHcu4zK9vAy3s77xyorm0d.jpg,2020-11-19,8.354,1078,"['Romance', 'Drama']",0,0,102,excellent
178682,tt2448374,The Wizards Return: Alex vs. Alex,Everything is not what it seems.,"While trying to prove to her family she can be mature and responsible, teen wizard Alex Russo conjures up a spell to rid herself of her bad qualities, unintentionally creating a Good and Evil Alex. When Evil Alex gets involved in a plan to take over the world by a dark wizard, Good Alex must find a way to save her family, humankind, and ultimately herself in an epic Good vs. Evil battle.",/iWL88DymJrzO6hYI1ykUeUohqef.jpg,/g6sOVAuxEpdzFdIgUU2fYMntHGm.jpg,2013-06-01,7.8,1070,"['Family', 'Comedy', 'TV Movie', 'Fantasy']",0,0,60,excellent
13042,tt1245104,Presto,An Amazing Five Minutes Of Animated Fun,"Dignity. Poise. Mystery. We expect nothing less from the great turn-of-the-century magician, Presto. But when Presto neglects to feed his rabbit one too many times, the magician finds he isn't the only one with a few tricks up his sleeve!",/1RMMyEkRPHvVxPDvhFmmw6xbcIb.jpg,/tL7piqWkq8vdmZ83kREf3KRnB3Y.jpg,2008-06-27,7.792,1062,"['Animation', 'Family', 'Comedy']",0,0,5,excellent
164558,tt2515086,One Direction: This Is Us,Experience their lives on the road,"""One Direction: This Is Us"" is a captivating and intimate all-access look at life on the road for the global music phenomenon. Weaved with stunning live concert footage, this inspiring feature film tells the remarkable story of Niall, Zayn, Liam, Harry and Louis' meteoric rise to fame, from their humble hometown beginnings and competing on the X-Factor, to conquering the world and performing at London’s famed O2 Arena. Hear it from the boys themselves and see through their own eyes what it's really like to be One Direction.",/b720e7DW3nqRJaUH9xpTtvYhnUj.jpg,/7e9uENnSM93CQXyzLSuzBUgxm4P.jpg,2013-08-20,8.237,1060,"['Documentary', 'Music']",10000000,68500000,92,excellent
630566,tt6473066,Clouds,Don't wait for tomorrow to live for today.,"Young musician Zach Sobiech discovers his cancer has spread, leaving him just a few months to live. With limited time, he follows his dream and makes an album, unaware that it will soon be a viral music phenomenon.",/2YvT3pdGngzpbAuxamTz4ZlabnT.jpg,/L7DIiAdP8DnNqOh7454ZrTYspR.jpg,2020-10-09,8.2,1045,"['Music', 'Drama', 'Romance']",0,0,121,excellent
44639,tt1645089,Inside Job,"The film that cost over $20,000,000,000,000 to make.","A film that exposes the shocking truth behind the economic crisis of 2008. The global financial meltdown, at a cost of over $20 trillion, resulted in millions of people losing their homes and jobs. Through extensive research and interviews with major financial insiders, politicians and journalists, Inside Job traces the rise of a rogue industry and unveils the corrosive relationships which have corrupted politics, regulation and academia.",/7yXXIWec24htucjsZS1sDuPLqw8.jpg,/1yFmxvVYgVrFKL2ksFzgX0MrWOM.jpg,2010-10-08,7.707,1026,"['Documentary', 'Crime']",2000000,7871522,109,excellent
682110,tt12888462,My Octopus Teacher,,"After years of swimming every day in the freezing ocean at the tip of Africa, Craig Foster meets an unlikely teacher: a young octopus who displays remarkable curiosity. Visiting her den and tracking her movements for months on end he eventually wins the animal’s trust and they develop a never-before-seen bond between human and wild animal.",/hvTVZb7hBC8tZAGoEhH5eiMJu2B.jpg,/sW7VOrkHKYIeV9PaYc5IqGU2XK8.jpg,2020-09-04,7.871,1020,['Documentary'],0,0,85,excellent
455661,tt6969946,In a Heartbeat,The Heart Wants What The Heart Wants,A closeted boy runs the risk of being outed by his own heart after it pops out of his chest to chase down the boy of his dreams.,/wJUJROdLOtOzMixkjkx1aaZGSLl.jpg,/4datX8btikWEikf7esqEe6fhw.jpg,2017-06-01,7.969,1020,"['Animation', 'Comedy', 'Romance']",0,0,4,excellent
84334,tt2125608,Searching for Sugar Man,Great Art Always Survives,"Two South Africans set out to discover what happened to their unlikely musical hero, the mysterious 1970s rock 'n' roller, Rodriguez.",/ucM98HuBHSWmn44oiE83hIDc6VB.jpg,/8RafTGqYqAN9FJzvC75USKmJCso.jpg,2012-06-30,7.887,1014,"['Music', 'Documentary']",1000000,3696196,85,excellent
38234,tt1156466,Undisputed III: Redemption,One deadly tournament. Last fight for freedom.,"Russian inmate Boyka, now severely hobbled by the knee injury suffered at the end of Undisputed 2. No longer the feared prison fighter he was, he has declined so far that he is now good only for cleaning toilets. But when a new prison fight tournament begins - an international affair, matching the best fighters from prisons around the globe, enticing them with the promise of freedom for the winner - Boyka must reclaim his dignity and fight for his position in the tournament.",/g8KB77SPA7SyU8eid6TAEpt9skU.jpg,/fTZlSRATSk7QJyUrpbmjScDtY8Z.jpg,2010-04-17,7.549,1002,"['Action', 'Thriller', 'Crime', 'Drama']",3000000,76500000,96,excellent
713776,tt11768948,If Anything Happens I Love You,,"In this Oscar-winning short film, grieving parents journey through an emotional void as they mourn the loss of a child after a tragic school shooting.",/85tDhACvKDQxQoJhBYLvDU0ik1n.jpg,/tfhKc6tMxBVZuiipbXWUYdXyMYj.jpg,2020-03-07,7.683,982,"['Drama', 'Animation']",0,0,12,excellent
428493,tt5635086,God's Own Country,,"A young farmer in rural Yorkshire numbs his daily frustrations with binge drinking and casual sex, until the arrival of a Romanian migrant worker.",/hKJz8Moim43P1f1kGrM9Gh0c0rf.jpg,/8lWceqnTavoELCz7TP4pG9pd1CU.jpg,2017-08-31,7.746,971,"['Romance', 'Drama']",0,2559939,104,excellent
39452,tt1587707,Exit Through the Gift Shop,The world's first Street Art disaster movie...,"Banksy is a graffiti artist with a global reputation whose work can be seen on walls from post-hurricane New Orleans to the separation barrier on the Palestinian West Bank. Fiercely guarding his anonymity to avoid prosecution, Banksy has so far resisted all attempts to be captured on film. Exit Through the Gift Shop tells the incredible true story of how an eccentric French shop keeper turned documentary maker attempted to locate and befriend Banksy, only to have the artist turn the camera back on its owner.",/ruM5ehUQlHC1Kx3SF18d6klfrAx.jpg,/yGtoR1fi3e2xU7N91cb2DKJjtyL.jpg,2010-03-05,7.536,954,['Documentary'],0,4790751,86,excellent
501,tt0427312,Grizzly Man,"In nature, there are boundaries. One man spent the last thirteen years of his life crossing them.","Follows the story of ""Grizzly Man"" Timothy Treadwell and what the thirteen summers in a National Park in Alaska were like in his attempt to protect the grizzly bears. The film is full of unique images and a look into the spirit of a man who sacrificed himself for nature.",/zuZWpcuye25rpsiZ4XzsAvmLDHG.jpg,/tumlyPiR9wepxaBUPTJ25jYtjD3.jpg,2005-08-12,7.531,946,['Documentary'],0,0,103,excellent
40619,tt1620446,Day & Night,,"When Day, a sunny fellow, encounters Night, a stranger of distinctly darker moods, sparks fly! Day and Night are frightened and suspicious of each other at first, and quickly get off on the wrong foot. But as they discover each other's unique qualities--and come to realize that each of them offers a different window onto the same world-the friendship helps both to gain a new perspective.",/hn2tOtidoYZ0D56jR4yknpdP1mU.jpg,/i05QKKn8GqAdmQSeAztxhuqN6dt.jpg,2010-06-17,7.704,944,"['Animation', 'Family', 'Comedy']",0,0,6,excellent
760774,tt13097932,One Life,"Save one life, save the world.","British stockbroker Nicholas Winton visits Czechoslovakia in the 1930s and forms plans to assist in the rescue of Jewish children before the onset of World War II, in an operation that came to be known as the Kindertransport.",/yvnIWt2j8VnDgwKJE2VMiFMa2Qo.jpg,/7kgDHoXEk0EySTczcmaYpPDBFQS.jpg,2023-12-21,7.766,939,"['History', 'Drama']",0,51437352,109,excellent
1426776,tt32550101,STRAW,This is her last.,What will be her last straw? A devastatingly bad day pushes a hardworking single mother to the breaking point — and into a shocking act of desperation.,/t3cmnXYtxJb9vVL1ThvT2CWSe1n.jpg,/fnbWrDx8w8Reau4F1tFqoGuGmDZ.jpg,2025-06-05,7.707,937,"['Thriller', 'Drama', 'Crime']",0,0,105,excellent
5708,tt0421082,Control,"He had the spirit, but lost the feeling.","The story of Joy Division’s lead singer Ian Curtis, from his schoolboy days in 1973 to his suicide on the eve of the band's first American tour in 1980.",/jOJiaOhwrDdwqTRZvZOhbndqHGp.jpg,/dwxdn3ppDAn7QtaLlhGDEErWfg9.jpg,2007-09-12,7.514,924,['Drama'],5000000,8200000,121,excellent
435129,tt3901826,The Breadwinner,,"A headstrong young girl in Afghanistan, ruled by the Taliban, disguises herself as a boy in order to provide for her family.",/2d6qmkJz9AWqmk9wBWtd2uFX89t.jpg,/fRtQdiESAdt9rjXCvZhvkmprvac.jpg,2017-11-17,7.842,914,"['Animation', 'War', 'Drama', 'Family']",0,312381,94,excellent
618588,tt10720352,Arthur the King,An unexpected encounter. An unlikely bond. An unforgettable adventure.,"Over the course of ten days and 435 miles, an unbreakable bond is forged between pro adventure racer Michael Light and a scrappy street dog companion dubbed Arthur. As the team is pushed to their outer limits of endurance in the race, Arthur redefines what victory, loyalty and friendship truly mean.",/zkKB3kOun5DKAkm61pHvLbrjxfa.jpg,/jw4SNkaSgbrO7VJPsZUZqbBg1Ph.jpg,2024-02-22,7.5,913,"['Adventure', 'Drama']",19000000,40829138,107,excellent
113833,tt1684226,The Normal Heart,"To win a war, You have to start one","The story of the onset of the HIV-AIDS crisis in New York City in the early 1980s, taking an unflinching look at the nation's sexual politics as gay activists and their allies in the medical community fight to expose the truth about the burgeoning epidemic to a city and nation in denial.",/rQwdv1bNdc0OSG8svAEfWACcAAU.jpg,/6GaZmTtYcQSV09BLtcSKCFhwlHk.jpg,2014-05-25,7.736,913,['Drama'],0,0,133,excellent
293299,tt3689498,Feast,,"This Oscar-winning animated short film tells the story of one man's love life as seen through the eyes of his best friend and dog, Winston, and revealed bite by bite through the meals they share.",/6hAgSxgd2YIK5pYhwowtnlGpwbe.jpg,/2xyyn4Rc9kbkaojG9am1FInCmxr.jpg,2014-10-25,7.838,895,"['Animation', 'Comedy', 'Drama', 'Family']",0,0,6,excellent
597922,tt10268488,The Greatest Beer Run Ever,Friendship has no last call.,"Chickie wants to support his friends fighting in Vietnam, so he does something wild—personally bring them American beer. What starts as a well-meaning journey quickly changes Chickie's life and perspective.",/ggf37TpcKaxwguhvtNn6MQpyqBn.jpg,/7bjaAcbrJDVvdF2Uew6rGp9Tp05.jpg,2022-09-23,7.515,885,"['Drama', 'Comedy', 'War']",2800000,0,127,excellent
9912,tt0412080,The World's Fastest Indian,Based on one hell of a true story.,"The life story of New Zealander Burt Munro, who spent years building a 1920 Indian motorcycle—a bike which helped him set the land-speed world record at Utah's Bonneville Salt Flats in 1967.",/vUIwPFAAXeCUuS040uGC0xSatcG.jpg,/qKxAghWoR2M8ZIheMpbHp8jeXFi.jpg,2005-10-12,7.684,870,"['Drama', 'Adventure', 'History']",25000000,18300000,127,excellent
318224,tt4257858,Going Clear: Scientology and the Prison of Belief,,"GOING CLEAR intimately profiles eight former members of the Church of Scientology, shining a light on how they attract true believers and the things they do in the name of religion.",/zWHQYR9srde9nZjU6Dot8qTjoni.jpg,/29VoISagzOfJcuuhFzKQg9ZmEUU.jpg,2015-01-25,7.572,864,['Documentary'],0,0,120,excellent
73456,tt2066832,Barbie: Princess Charm School,There's a Princess in every girl!,"Blair, a waitress in the kingdom of Gardania, realises that she strongly resembles the region's missing queen. She then gets to go to Princess Charm School and causes problems for the teacher.",/lI2jPbssax6XX5vDqB9mTJHGzfH.jpg,/pR51tWHlUWUEnPUc5my9anqcDto.jpg,2011-08-11,7.53,856,"['Family', 'Animation', 'Fantasy']",0,0,79,excellent
537061,tt10515852,Steven Universe: The Movie,The true kinda love.,"Two years after bringing peace to the galaxy, Steven Universe sees his past come back to haunt him in the form of a deranged Gem who wants to destroy the Earth.",/8mRgpubxHqnqvENK4Bei30xMDvy.jpg,/re3ZvlKJg04iLpLRf1xTKHS2wLU.jpg,2019-10-07,8.2,847,"['TV Movie', 'Animation', 'Family', 'Adventure', 'Fantasy']",0,0,83,excellent
677638,tt10474606,We Bare Bears: The Movie,"FUGITIVES, FRIENDS AND FOREVER BROTHERS.","When Grizz, Panda, and Ice Bear's love of food trucks and viral videos get out of hand, the brothers are now chased away from their home and embark on a trip to Canada, where they can live in peace.",/khtIr0Gxtz52T10RRQZ42o1a5Ry.jpg,/pO1SnM5a1fEsYrFaVZW78Wb0zRJ.jpg,2020-06-30,7.84,844,"['Animation', 'Adventure', 'Family', 'Comedy', 'TV Movie']",0,0,69,excellent
14438,tt1129423,Fireproof,Never leave your partner behind.,"A heroic fire captain values dedication and service to others above all else, but the most important partnership in his life, his marriage, is about to go up in smoke.",/hfoCG75j1YaNyfZGPg0rWy3nFmU.jpg,/3gMtnO5vDznlKsUW7sU9EfRufIc.jpg,2008-09-26,7.674,842,"['Drama', 'Romance']",500000,33473297,118,excellent
801335,tt13269536,Girl in the Basement,,"Sara is a teen girl who is looking forward to her 18th birthday to move away from her controlling father Don. But before she could even blow out the candles, Don imprisons her in the basement of their home.",/tPP9n6r5QrIKPnshnJqE7klptj2.jpg,/vDR2h5uQNgWyx3fsEVnEOcNFibZ.jpg,2021-02-27,7.57,841,"['Thriller', 'Crime', 'TV Movie']",0,0,88,excellent
83564,tt1957945,La luna,A young boy discovers his family's most unusual line of work.,"A young boy comes of age in the most peculiar of circumstances. Tonight is the very first time his Papa and Grandpa are taking him to work. In an old wooden boat they row far out to sea, and with no land in sight, they stop and wait. A big surprise awaits the boy as he discovers his family's most unusual line of work. Should he follow the example of his Papa, or his Grandpa? Will he be able to find his own way in the midst of their conflicting opinions and timeworn traditions?",/9euW64JUgFlA7fxN8lAmwK6gUaQ.jpg,/yJAQSaH6L2TIpF23ojGiBxtbVJJ.jpg,2012-02-10,7.811,838,"['Animation', 'Family', 'Fantasy']",0,0,7,excellent
799766,tt14260836,Better Man,Fame makes monkeys of us all.,"Follow Robbie Williams' journey from childhood, to being the youngest member of chart-topping boyband Take That, through to his unparalleled achievements as a record-breaking solo artist – all the while confronting the challenges that stratospheric fame and success can bring.",/fbGCmMp0HlYnAPv28GOENPShezM.jpg,/wP0NGOGf2PG4lHXHWEqFW0kBOye.jpg,2024-12-06,7.623,822,"['Music', 'Drama']",110000000,22549151,135,excellent
432976,tt6333060,Icarus,Truth is the new banned substance.,"While investigating the furtive world of illegal doping in sports, director Bryan Fogel connects with renegade Russian scientist Dr. Grigory Rodchenkov—a pillar of his country’s “anti-doping” program. Over dozens of Skype calls, urine samples, and badly administered hormone injections, Fogel and Rodchenkov grow closer despite shocking allegations that place Rodchenkov at the center of Russia’s state-sponsored Olympic doping program.",/x5azMi1KvZWbBbfjmGqpHNGqjH.jpg,/ambKXAJYrDPJK9wBJlIVVWbQbar.jpg,2017-06-03,7.651,817,['Documentary'],0,0,121,excellent
410718,tt5929776,Before the Flood,"The science is clear, the future is not.","A look at how climate change affects our environment and what society can do to prevent the demise of endangered species, ecosystems, and native communities across the planet.",/u0EfH2zsp6rLOvEKVvWGgzGRQn3.jpg,/mGBmiWmi7JqeTWnrPicRbkXcsuO.jpg,2016-10-21,7.7,814,['Documentary'],0,0,93,excellent
626332,tt8105234,Flamin' Hot,The flavor you know. The story you don't.,"The inspiring true story of Richard Montañez, the Frito Lay janitor who channeled his Mexican American heritage and upbringing to turn the iconic Flamin' Hot Cheetos into a snack that disrupted the food industry and became a global pop culture phenomenon.",/a7KyFMPXj0iY4EoLq1PIGU1WJPw.jpg,/yYEOYzgqPB31mkSsuPdCvXH3zHv.jpg,2023-03-11,7.949,799,"['Drama', 'History']",0,0,99,excellent
13413,tt1334585,BURN·E,,What lengths will a robot undergo to do his job? BURN·E is a dedicated hard working robot who finds himself locked out of his ship. BURN·E quickly learns that completing a simple task can often be a very difficult endeavor.,/1wOReJq1vArLBSejND2Jbw0KeKh.jpg,/gaLg3gpoJScDNfkDw4itX79Gi8x.jpg,2008-11-17,7.508,796,"['Animation', 'Family', 'Comedy', 'Science Fiction']",0,0,8,excellent
407806,tt5895028,13th,From slave to criminal with one amendment.,An in-depth look at the prison system in the United States and how it reveals the nation's history of racial inequality.,/tcKNWD6IFPPsvkpvyZ548naz0is.jpg,/hwn9CN2x5Qhm3laLRvZlXttL6LU.jpg,2016-10-07,7.875,786,['Documentary'],0,0,100,excellent
770254,tt13575806,Back to the Outback,Dangerously cute and on the loose,"Tired of being locked in a reptile house where humans gawk at them like they are monsters, a ragtag group of Australia’s deadliest creatures plot an escape from their zoo to the Outback, a place where they’ll fit in without being judged.",/jbAUTO7qFN8XFG2LM3bz30vzGFJ.jpg,/5B22eed7ErxFiYAG4Ksb4eLwKNF.jpg,2021-12-03,7.6,782,"['Family', 'Animation', 'Adventure', 'Comedy']",0,0,92,excellent
22683,tt1295085,Gifted Hands: The Ben Carson Story,,Gifted Hands: The Ben Carson Story is a movie based on the life story of world-renowned neurosurgeon Ben Carson from 1961 to 1987.,/4NxxtiqezjUmUxoDTOjO5FeJvFt.jpg,/xkaeirZBfs9nfz2TJoFHxyOLCcC.jpg,2009-02-07,7.785,775,['Drama'],0,0,86,excellent
313106,tt2779318,Doctor Who: The Day of the Doctor,,"In 2013, something terrible is awakening in London's National Gallery; in 1562, a murderous plot is afoot in Elizabethan England; and somewhere in space an ancient battle reaches its devastating conclusion. All of reality is at stake as the Doctor's own dangerous past comes back to haunt him.",/6c0CjymaupC5xerJCemuaSV4CLj.jpg,/tbF57JNof8j3X14GhZtqafkrziU.jpg,2013-11-23,8.189,767,"['Science Fiction', 'Adventure']",0,10000000,77,excellent
80767,tt1772925,Jiro Dreams of Sushi,Fall in love with your work,"Revered sushi chef Jiro Ono strives for perfection in his work, while his eldest son, Yoshikazu, has trouble living up to his father's legacy.",/iVrkM4jSJw1IsOpW5jTtY5QxVqj.jpg,/1h815ydN8AvrRmNU48eXu4EanO.jpg,2011-06-11,7.731,763,['Documentary'],0,2550508,82,excellent
744114,tt13139228,My Policeman,Let it take hold of you.,"In the late 1990s, the arrival of elderly invalid Patrick into Marion and Tom’s home triggers the exploration of seismic events from 40 years previous: the passionate relationship between Tom and Patrick at a time when homosexuality was illegal.",/wdbiMjXd4CxPfCx4r4Jfy8cGec0.jpg,/s5MLcxbdFqvIzTLNLU5yQFFYALR.jpg,2022-10-20,7.6,757,"['Drama', 'Romance']",0,0,113,excellent
191720,tt1935156,Jodorowsky's Dune,What is to give light must endure burning,"In 1974, Chilean-French director Alejandro Jodorowsky embarked on the quixotic project of adapting Frank Herbert's influential novel Dune (1969) for the big screen. After investing two years, and millions of dollars, the gigantic project ended in failure; but the artists Jodorowsky brought together to carry it out continued to work together, and ended up laying the foundations for modern science fiction cinema.",/mv1zSd6P59D43iYQXs7qx01nSiX.jpg,/xfC6hsmcsnf2MY1iXDs56gJNfQZ.jpg,2013-08-30,7.831,753,['Documentary'],0,662736,87,excellent
1064486,tt23770030,Memoir of a Snail,"Life can only be understood backwards, but we have to live it forwards.","Forcibly separated from her twin brother when they are orphaned, a melancholic misfit learns how to find confidence within herself amid the clutter of misfortunes and everyday life.",/woaN8CbloH0akyX0E72ayxlJAB4.jpg,/jl2YIADk391yc6Qjy9JhgCRkHJk.jpg,2024-10-17,8.043,752,"['Animation', 'Drama', 'Comedy']",4350000,7,94,excellent
319075,tt4229236,Cobain: Montage of Heck,,"Hailed as one of the most innovative and intimate documentaries of all time, experience Kurt Cobain like never before in the only ever fully authorized portrait of the famed music icon. Academy Award nominated filmmaker Brett Morgen expertly blends Cobain's personal archive of art, music, never seen before movies, animation and revelatory interviews from his family and closest friends.",/hQEkK4WnTtQXIp5QOnVTsK3xYRM.jpg,/n1BjnpeFJ8hVXae8SIlkjJ7BkJO.jpg,2015-03-23,7.626,744,"['Documentary', 'Music', 'Drama']",0,0,132,excellent
1175942,tt30017619,The Bad Guys 2,Back in badness.,"The now-reformed Bad Guys are trying (very, very hard) to be good, but instead find themselves hijacked into a high-stakes, globe-trotting heist, masterminded by a new team of criminals they never saw coming: The Bad Girls.",/26oSPnq0ct59l07QOXZKyzsiRtN.jpg,/8FWLJHuWB72UXBmiMtxwTvQVumN.jpg,2025-07-24,7.664,740,"['Family', 'Comedy', 'Crime', 'Adventure', 'Animation']",80000000,239449449,104,excellent
698508,tt11365186,Redeeming Love,Never look back. Never look forward.,"A young couple's relationship clashes with the harsh realities of the California Gold Rush of 1850. Angel, experiencing love for the first time and facing demons unsurmountable, runs from the new life she doesn't believe she deserves. When Michael sets out to find her, Angel discovers that she indeed has the power to choose the life she wants.",/2iu0lBF7sfAioLfSnSJtdKxlms6.jpg,/lD8dFIk9wDEvOwZw0RB47e346io.jpg,2022-01-21,7.84,731,"['Romance', 'Drama', 'Western']",30000000,9464198,134,excellent
176241,tt1131748,Prison Break: The Final Break,Prepare yourself for the truth.,"Michael and Sara wed, but the happiness is short-lived when the Feds apprehend her for the murder of Michael's mother, Christina. Once a hit is ordered on Sara, the team reunite to break out the increasingly vulnerable target.",/h1QRyGuWVXM4Cr3FyPISSjMCBkA.jpg,/4vwGAoDAOAUj2k0ELYopZzSUnPB.jpg,2009-09-10,7.509,718,"['Action', 'Drama', 'Thriller']",0,0,89,excellent
995133,tt22667880,"The Boy, the Mole, the Fox and the Horse","A journey, in search of home.","The unlikely friendship of a boy, a mole, a fox and a horse traveling together in the boy's search for home.",/wAKBWRhMmBtrCCuqmFwPm2RGTph.jpg,/wO0MIGcA7w7tBI9Ey80Q4Z7qnPm.jpg,2022-12-25,8.226,707,"['Animation', 'Family', 'Drama', 'Adventure']",0,0,35,excellent
1208348,tt14142060,Rental Family,Happiness tailored to you!,"An American actor in Tokyo struggles to find purpose until he lands an unusual gig: working for a Japanese 'rental family' agency, playing stand-in roles for strangers. As he immerses himself in his clients' worlds, he begins to form genuine bonds that blur the lines between performance and reality.",/A5lswNlytTUrnMWsuD0NFfhZlf3.jpg,/euoXeFAOt9o7yAWA9zGZk7DdZWZ.jpg,2025-11-20,7.766,700,"['Drama', 'Comedy']",0,26585129,110,excellent
549559,tt8760684,Apollo 11,A Cinematic Event 50 Years In The Making,A look at the Apollo 11 mission to land on the moon led by commander Neil Armstrong and pilot Buzz Aldrin.,/woLMRroHyoTGoXyxdEeBJEYBFtu.jpg,/el4j0LHk56uH6ErE5FZu2x5UJx8.jpg,2019-03-01,7.881,695,"['Documentary', 'History', 'Drama']",0,0,93,excellent
869626,tt15339456,Marcel the Shell with Shoes On,Everybody loves Marcel.,"Marcel is an adorable one-inch-tall shell who ekes out a colorful existence with his grandmother Connie and their pet lint, Alan. Once part of a sprawling community of shells, they now live alone as the sole survivors of a mysterious tragedy. When a documentarian discovers them amongst the clutter of his Airbnb, his resulting short film brings Marcel millions of passionate fans, as well as unprecedented dangers and a new hope at finding his long-lost family.",/jaYmP4Ct8YLnxWAW2oYkUjeXtzm.jpg,/1PRWW60yQparK1I8Soyy9Evf7Dv.jpg,2022-06-24,7.643,684,"['Animation', 'Comedy', 'Drama', 'Family']",6000000,6909209,90,excellent
550776,tt9072202,Believe Me: The Abduction of Lisa McVey,,"On the night she plans on taking her own life, 17-year-old 'Lisa McVey' is kidnapped and finds herself fighting to stay alive and is raped. She manages to talk her attacker into releasing her, but when she returns home, no one believes her story except for one detective, who suspects she was abducted by a serial killer. Based on horrifying true events.",/qbJEzCzEKDHPZDiRvSSBiYEKaAH.jpg,/gPW90IPq6Go8hlT0n7Es3cFl7ly.jpg,2018-09-30,8.018,681,"['Drama', 'TV Movie', 'Crime']",0,0,87,excellent
89708,tt0770802,Samsara,,"Filmed over nearly five years in twenty-five countries on five continents, and shot on seventy-millimetre film, Samsara transports us to the varied worlds of sacred grounds, disaster zones, industrial complexes, and natural wonders.",/qodkea4k0pNUmNTl5TJO2PdTqgW.jpg,/tbSjemOf1nXPOjWELdaeZ7qj1iX.jpg,2011-09-16,8.059,680,['Documentary'],4000000,2639616,102,excellent
21542,tt0337592,Love Don't Co$t a Thing,Love Don't Co$t A Thing but it pays to be yourself.,A high school outcast pays a cheerleader to pose as his girlfriend so he can be considered cool.,/88zspc72LIkfiuMnGpHnsWCuqEH.jpg,/bYk4H2MSvNWckhrYhZNQHe8v90o.jpg,2003-12-12,7.565,673,"['Comedy', 'Drama', 'Family', 'Romance']",0,21964072,100,excellent
23128,tt1313104,The Cove,Shallow Water. Deep Secret.,"The Cove tells the amazing true story of how an elite team of individuals, films makers and free divers embarked on a covert mission to penetrate the hidden cove in Japan, shining light on a dark and deadly secret. The shocking discoveries were only the tip of the iceberg.",/miodcVtQv2YxpKjjHJWcV0EDfSP.jpg,/gpyu3jQeMQeUFAVjCSrVCrYYK3f.jpg,2009-07-31,7.949,670,['Documentary'],0,1162422,92,excellent
1061699,tt24458622,The Six Triple Eight,They were ordered to provide hope...,"During World War II, the US Army's only all-Black, all-women battalion takes on an impossible mission: sorting through a three-year backlog of 17 million pieces of mail that hadn't been delivered to American soldiers and finish within six months.",/7tvAnzZj9e9AjdoHaN9jshm2Cjw.jpg,/4FnbeuCnsN3MT6omPrivl2ttJ8o.jpg,2024-12-06,7.523,656,"['Drama', 'War', 'History']",0,0,130,excellent
543580,tt7905466,They Shall Not Grow Old,,"A documentary about World War I with never-before-seen footage to commemorate the centennial of Armistice Day, and the end of the war.",/yMGfJeTXUdIjOqjS0jJfjgYEuYC.jpg,/94PXfCDB6TrTx1YwuUjzIpVXT2i.jpg,2018-11-09,7.766,655,"['Documentary', 'History', 'War']",0,20904188,99,excellent
539517,tt9177882,Constantine: City of Demons - The Movie,"To stop a devil, you must summon a bigger one.","A decade after a tragic mistake, family man Chas Chandler and occult detective John Constantine set out to cure his daughter Trish from a mysterious supernatural coma.",/tZIMe2pYug1cS9e7AZnd1bTTidM.jpg,/dPPjBf74W1j8va6KvDGePaJcqm7.jpg,2018-10-04,7.7,653,"['Fantasy', 'Animation', 'Horror', 'Action']",0,0,90,excellent
523781,tt8045906,Words on Bathroom Walls,"If you can't trust your mind, trust your heart.","Diagnosed with a mental illness halfway through his senior year of high school, a witty, introspective teen struggles to keep it a secret while falling in love with a brilliant classmate who inspires him to open his heart and not be defined by his condition.",/sTtcwfTjE9jaU0928xjUXNtmmyr.jpg,/vftMyaxyKlNKU5kdsKRlQLc57hY.jpg,2020-08-21,7.8,653,"['Drama', 'Romance']",8000000,3151849,111,excellent
653567,tt11388580,Miss Americana,,"A raw and emotionally revealing look at one of the most iconic artists of our time during a transformational period in her life as she learns to embrace her role not only as a songwriter and performer, but as a woman harnessing the full power of her voice.",/z1HiEB1UEfdA5fPkngekjQ2vlCC.jpg,/A7AjlQTR1UlaNSYwwPRQ5gQTHyf.jpg,2020-01-31,7.8,638,"['Documentary', 'Music']",0,0,85,excellent
21634,tt1073510,Prayers for Bobby,She loves everything about her son...except who he is.,"Bobby Griffith was his mother's favorite son, the perfect all-American boy growing up under deeply religious influences in Walnut Creek, California. Bobby was also gay. Struggling with a conflict no one knew of, much less understood, Bobby finally came out to his family.",/1viFwXluAettogGDsTrSUUg29lZ.jpg,/9BrhCgffilZPr3VOnDAKP9vBrU1.jpg,2009-01-24,8.06,623,"['Drama', 'History', 'TV Movie']",0,0,89,excellent
823754,tt14544192,Bo Burnham: Inside,Look Who’s Inside Again,"Stuck in COVID-19 lockdown, US comedian and musician Bo Burnham attempts to stay sane and happy by writing, shooting and performing a one-man comedy special.",/ku1UvTWYvhFQbSesOD6zteY7bXT.jpg,/9sfVyE3sP2dkCwDyV7UlYP5TAAR.jpg,2021-07-22,8.013,596,"['Comedy', 'Drama']",0,0,88,excellent
552095,tt6889128,PAW Patrol: Mighty Pups,,"When their latest scheme goes awry, Mayor Humdinger and his nephew Harold accidentally divert a meteor towards Adventure Bay. The meteor's golden energy grants the PAW Patrol superpowers. The heroic Mighty Pups are on a roll to super-save the day.",/6qIEgqQWao5VcBE3jsXWOSTYZw.jpg,/AseABzwquvPFMpVQUDeDifYjLkF.jpg,2018-10-04,7.5,586,"['Adventure', 'Animation', 'Family', 'Action']",0,0,44,excellent
490003,tt7681902,Won't You Be My Neighbor?,A little kindness makes a world of difference.,"For more than thirty years, and through his television program, Fred Rogers (1928-2003), host, producer, writer and pianist, accompanied by his puppets and his many friends, spoke directly to young children about some of life's most important issues.",/8qE8NZjiP2M884baH0VoLF828Vp.jpg,/yrepQdpreOorLyBJyvZkGn3Izfe.jpg,2018-06-29,8.008,586,['Documentary'],0,22835787,95,excellent
1022256,tt21819250,Selena Gomez: My Mind & Me,"Every breath, a breakthrough.","After years in the limelight, Selena Gomez achieves unimaginable stardom. But just as she reaches a new peak, an unexpected turn pulls her into darkness. This uniquely raw and intimate documentary spans her six-year journey into a new light.",/oMpsswJv8x4vnOnIKqs4xJs2Kn3.jpg,/u3MWQCdHyCK7IADtat4sVmBXd9U.jpg,2022-11-04,8.532,584,"['Documentary', 'Music']",0,0,95,excellent
200481,tt2616880,The Blue Umbrella,,"It is just another evening commute until the rain starts to fall, and the city comes alive to the sound of dripping rain pipes, whistling awnings and gurgling gutters.",/iSWV7ra8HJ3gYnZFMMrPe8CBbrv.jpg,/4nQMxOfOYP4cYI69XRt9Gm1jA2E.jpg,2013-02-12,7.519,583,"['Animation', 'Romance']",0,0,7,excellent
359784,tt3721954,Maudie,Triumph epitomizes adversity,Canadian folk artist Maud Lewis falls in love with a fishmonger while working for him as a live-in housekeeper.,/wu9RPdV0uEemFEewJQ6fWwJ9ZcU.jpg,/3J59Ai3VHP4m5jl7CoVM7mpoMrj.jpg,2016-06-16,7.746,576,"['Drama', 'Romance', 'History']",0,6170998,115,excellent
15584,tt1152758,Dear Zachary: A Letter to a Son About His Father,,"In 2001, Andrew Bagby, a medical resident, is murdered not long after breaking up with his girlfriend. Soon after, when she announces she's pregnant, one of Andrew's many close friends, Kurt Kuenne, begins this film, a gift to the child.",/yYVHGe7U55Ojx11y5A82phPpCHv.jpg,/birfwAyzq34B6FZemYZ5LC5Qhxi.jpg,2008-10-31,8.035,574,"['Documentary', 'Crime']",0,0,94,excellent
323272,tt3832914,War Room,Prayer is a Powerful Weapon,"The family-friendly movie explores the transformational role prayer plays in the lives of the Jordan family. Tony and Elizabeth Jordan, a middle-class couple who seemingly have it all – great jobs, a beautiful daughter, their dream home. But appearances can be deceiving. In reality, the Jordan’s marriage has become a war zone and their daughter is collateral damage. With the help of Miss Clara, an older, wiser woman, Elizabeth discovers she can start fighting for her family instead of against them. Through a newly energized faith, Elizabeth and Tony’s real enemy doesn’t have a prayer.",/unxQeVUi5DH01r7ZNvAHwpvX7UK.jpg,/oCCvZEbqCCcALQtah8HJm9Ja4HT.jpg,2015-08-28,7.832,573,['Drama'],3000000,73267874,120,excellent
33602,tt1278469,Temple Grandin,Autism gave her a vision. She gave it a voice.,"A biopic of Temple Grandin, an autistic American who has become one of the leading scientists in humane livestock handling.",/gQhQ6yEkUkDDo1zugpq46PJN8xZ.jpg,/aCURY1tNUkvrNnjw5qYJXTUp7z.jpg,2010-02-06,7.8,542,"['Drama', 'History']",0,0,108,excellent
426618,tt1235187,Where Hands Touch,,"Germany, 1944. Leyna, the 15-year old daughter of a white German mother and a black African father, meets Lutz, a compassionate member of the Hitler Youth whose father is a prominent Nazi soldier, and they form an unlikely connection in this quickly changing world.",/omKzydOrom9kpdfQUE0G9Y9sPl0.jpg,/2reDfi3bl3givTawULOVvjEF1rR.jpg,2018-09-14,7.883,534,"['War', 'Drama', 'Romance']",0,128269,122,excellent
556901,tt10548944,Teen Titans Go! vs. Teen Titans,The titans will face their toughest enemy yet. Themselves.,"The comedic modern-day quintet takes on their 2003 counterparts when villains from each of their worlds join forces to pit the two Titan teams against each other. They'll need to set aside their differences and work together to combat Trigon, Hexagon, Santa Claus (that's right, Santa!) and time itself in order to save the multiverse.",/GWJEdzVC9aOBSOMF9NHodYxSsE.jpg,/iHGukqqDLWSPE6HeJF4fob6r1D7.jpg,2019-07-21,7.531,515,"['Action', 'Animation', 'Comedy', 'Family', 'Fantasy', 'Science Fiction']",0,0,77,excellent
1160164,tt28814949,TAYLOR SWIFT | THE ERAS TOUR,It's been a long time coming.,"A concert film documenting Taylor Swift's record-breaking Eras Tour (2023-2024). Filmed during the Los Angeles shows, the film captures the tour's ten acts, each representing a different musical era from Swift's career. The film showcases over 40 songs, elaborate stage productions, and Swift's performance.",/jf3YO8hOqGHCupsREf5qymYq1n.jpg,/wVJG3u5Ru9tInxYiTCrJr4MpJ7Z.jpg,2023-10-13,8.189,514,['Music'],15000000,261656269,169,excellent
1002185,tt21940010,A Million Miles Away,It takes more than a dream to reach the stars.,"The life of engineer and former NASA astronaut José M. Hernández, the first migrant farmworker to go to space.",/kMI3tgxLAZbzGOVlorUBva0kriS.jpg,/23HvwdsAQeL0MxN9fm3d8m1NaPw.jpg,2023-09-08,7.627,513,"['Drama', 'History']",0,0,122,excellent
508933,tt7830574,Ricky Gervais: Humanity,,"In his first special in seven years, Ricky Gervais slings his trademark snark at celebrity, mortality and a society that takes everything personally.",/vXNvvb9RUXSZS08PvXxLtA9wrfV.jpg,/5afNyKD5VALvRXhO4bJPS2NY4eY.jpg,2018-03-13,7.654,513,['Comedy'],0,0,79,excellent
282297,tt3302820,Cowspiracy: The Sustainability Secret,,"Follow the shocking, yet humorous, journey of an aspiring environmentalist, as he daringly seeks to find the real solution to the most pressing environmental issues and true path to sustainability.",/lzU2Qr2qTdPTB33aiaMTwSLULnY.jpg,/7KYqBgUtQGInqHVEMRnlyneuCpA.jpg,2014-07-01,7.6,511,['Documentary'],117,0,90,excellent
632322,tt8305852,All My Life,Based on a true love story.,"It was a chance meeting started by one of Sol’s friends trying to chat up Jennifer. However, in the end, it was those two who hit it off. Sol enjoyed Jen’s smile, her effort, and how silly she could be. Jen enjoyed Sol’s cooking, his athleticism, and that he would join her in fun moments. As you can imagine, love bloomed, and things got serious. Jen’s investment in Sol led to her pushing him to follow his dreams and even move in to save money. Sol’s investment in Jen well, it led to him proposing. But what started as a liver tumor grew into full-on cancer, so with a diagnosis of 6 months to live, Sol and Jennifer try to make the best of it.",/xoKZ4ZkVApcTaTYlGoZ3J8xcIzG.jpg,/7Gzsn4yiwMSXvYcbWXsoDhq8QO2.jpg,2020-10-23,7.771,511,"['Romance', 'Drama']",25000000,2000000,93,excellent
411019,tt5804038,I Am Not Your Negro,,"Working from the text of James Baldwin’s unfinished final novel, director Raoul Peck creates a meditation on what it means to be Black in the United States.",/zwd0Zti7BvY1mO0mTPzM0fRrtc6.jpg,/1uecj8izDDjvZ4syzJQCOKRBjaa.jpg,2017-02-03,7.747,510,['Documentary'],1000000,7123919,93,excellent
11049,tt0368667,Interstella 5555: The 5tory of the 5ecret 5tar 5ystem,The animated House Musical.,"Four talented alien musicians are kidnapped by a record producer who disguises them as humans. Shep, a space pilot in love with bass player Stella, follows them to Earth. Reprogrammed to forget their real identities and renamed The Crescendolls, the group quickly becomes a huge success playing soulless corporate pop. At a concert, Shep manages to free all the musicians except Stella, and the band sets out to rediscover who they really are — and to rescue Stella.",/n0K6mjU8aVnag2mi93FuvJsjZi.jpg,/p1XtUnWJrmVNqyhYJGIatMNt8C1.jpg,2003-05-28,7.773,510,"['Animation', 'Science Fiction', 'Music', 'Adventure']",4000000,6664789,68,excellent
17483,tt0942384,Shelter,The power of being true to yourself.,"Forced to give up his dreams of art school, Zach works dead-end jobs to support his sister and her son. Questioning his life, he paints, surfs and hangs out with his best friend, Gabe. When Gabe's older brother returns home for the summer, Zach suddenly finds himself drawn into a relationship he didn't expect.",/eYA8KiSnIAbxtoIgg4lpZjB0dfz.jpg,/4cK3YaPMAnyfqrpfMXlB9qyQbAL.jpg,2007-06-16,7.76,499,"['Drama', 'Romance']",500000,142666,89,excellent
552532,tt9048840,Charm City Kings,Life happens at the crossroads.,"Mouse desperately wants to join The Midnight Clique, the infamous Baltimore dirt bike riders who rule the summertime streets. When Midnight’s leader, Blax, takes 14-year-old Mouse under his wing, Mouse soon finds himself torn between the straight-and-narrow and a road filled with fast money and violence.",/8oiMFMarbRpcusASIX4cjVXoZKI.jpg,/4FbTBvNO3VTFbFFghipK7Jqz7I6.jpg,2020-01-27,7.81,496,['Drama'],0,0,125,excellent
14624,tt0482629,The Ultimate Gift,Life is how you live it... not how you spend it.,"When his wealthy grandfather finally dies, Jason Stevens fully expects to benefit when it comes to the reading of the will. But instead of a sizable inheritance, Jason receives a test, a series of tasks he must complete before he can get any money.",/8BdVk1u110lwHFELTEO9HrPrIDa.jpg,/t6ohjYxnEolUGupwvsIHioWfVxl.jpg,2007-03-09,7.608,496,"['Romance', 'Drama', 'Family']",9000000,3438735,114,excellent
470878,tt6450186,I Can Only Imagine,The song you know. The story you don't.,"Growing up in Greenville, Texas, Bart Millard suffers physical and emotional abuse at the hands of his father, Arthur. When Arthur becomes terminally ill, he finds redemption by embracing his faith and rediscovering his love for his son. Years later, Bart's troubled childhood and mended relationship with his dad inspires him to write the hit song ""I Can Only Imagine"" as singer of the Christian band MercyMe.",/veZszwMZu8d3WMU6TJX9sV5w1Y4.jpg,/AjtQdUX41skfo8tthtrnJZI9bXV.jpg,2018-02-14,7.523,494,"['Music', 'Drama']",7000000,86086881,110,excellent
18925,tt0805526,Facing the Giants,Never give up. Never back down. Never lose faith.,A losing coach with an underdog football team faces their giants of fear and failure on and off the field to surprising results.,/1eY8O7fIGcmwetNqvwnnkQB0LYK.jpg,/hZoXUcBN0CgD7s1QgmO7OZSHzBx.jpg,2006-09-29,7.6,493,['Drama'],100000,10307987,111,excellent
80215,tt1942884,Indie Game: The Movie,Making fun and games is anything but fun and games.,"Follows the dramatic journeys of video game developers as they create and release their games to the world. It's about making video games, but at its core, it's about the creative process, and exposing yourself through your work.",/2B1IqPg97ZhpEov4Fg3si4hI1Kw.jpg,/fPUbP2MpL1zGD1x8xkOtu1o6ZH4.jpg,2012-05-18,7.509,491,['Documentary'],0,0,103,excellent
13958,tt0923752,The King of Kong: A Fistful of Quarters,Don't get chumpatized,"In this hilarious arcade showdown, a humble novice goes head-to-head against the reigning Donkey Kong champ in a confrontation that rocks the gaming world to its processors! For over 20 years, Billy Mitchell has owned the throne of the Donkey Kong world. No one could beat his top score until now. Newcomer Steve Wiebe claims to have beaten the unbeatable, but Mitchell isn't ready to relinquish his crown without a fight. Go behind the barrels as the two battle it out in a vicious war to earn the title of the true King of Kong.",/wACtXGiO08EBbJhqsD2nUzPsrKe.jpg,/cXN62FQwOoBcKlIJ9uE3Cn5wHAc.jpg,2007-03-25,7.728,488,['Documentary'],0,0,83,excellent
589739,tt7129636,Hair Love,,"When dad has to unexpectedly step in for mom to do his daughter Zuri’s hair before a big event, what seems like a simple task is anything but as these locks have a mind of their own!",/pm9uRa7031Z56unxNE8AqE8f2wg.jpg,/tEj0NFL0OA1h2iKzuewCUiIEqC9.jpg,2019-08-14,7.598,484,"['Animation', 'Family', 'Comedy']",284058,0,7,excellent
841755,tt14901058,Mortal Kombat Legends: Battle of the Realms,The battle to end all battles.,"The Earthrealm heroes must journey to the Outworld and fight for the survival of their homeland, invaded by the forces of evil warlord Shao Kahn, in the tournament to end all tournaments: the final Mortal Kombat.",/ablrE8IbWcIrAxMmm4gnPn75AMS.jpg,/dssCw0mUmD4EriUmkwB3PnsGu4q.jpg,2021-08-30,7.6,481,"['Animation', 'Action', 'Fantasy']",0,0,80,excellent
1027014,tt10687116,Entergalactic,Love will find us all.,Ambitious artist Jabari attempts to balance success and love when he moves into his dream Manhattan apartment and falls for his next-door neighbor.,/oMU3JpuKuasjAWIbUQgCaT6pco1.jpg,/yeXCUUSaAZFH4Zyd4Spgq4nl1xr.jpg,2022-09-28,7.69,478,"['Animation', 'Romance', 'Music']",0,0,93,excellent
33997,tt1054580,Desert Flower,The extraordinary true story of the woman who crossed the desert and changed the world.,"The autobiography of a Somalian nomad who was sold in marriage at 13, fled from Africa a while later to become finally an American supermodel and is now at the age of 38, the UN spokeswoman against female genital mutilation.",/fpAHsUmguktSveebXx2BNxUo0rh.jpg,/ivgsXGoQDskwfvyMJy7jgSfEsW.jpg,2009-09-24,7.587,475,['Drama'],0,14682943,120,excellent
1327819,tt26443616,Hoppers,Act natural.,"Scientists have discovered how to 'hop' human consciousness into lifelike robotic animals, allowing people to communicate with animals as animals. Animal lover Mabel seizes an opportunity to use the technology, uncovering mysteries within the animal world beyond anything she could have imagined.",/xjtWQ2CL1mpmMNwuU5HeS4Iuwuu.jpg,/u53UYu5XG2hNgWGvs3xGhAVzypl.jpg,2026-03-04,7.582,465,"['Animation', 'Family', 'Science Fiction', 'Comedy', 'Adventure']",150000000,354485920,105,excellent
337960,tt3671542,Holding the Man,A love story for everyone.,"Tim and John fell in love while teenagers at their all-boys high school. John was captain of the football team, Tim an aspiring actor playing a minor part in Romeo and Juliet. Their romance endured for 15 years in the face of everything life threw at it – the separations, the discrimination, the temptations, the jealousies and the losses – until the only problem that love can't solve tried to destroy them.",/dF04CHO27xbNL0Zn0JJ0QdC7SNU.jpg,/geJLQjNXuLhEz5Nr8bTOBIUAn2G.jpg,2015-08-27,7.7,458,['Drama'],0,0,128,excellent
250658,tt3268458,The Internet's Own Boy: The Story of Aaron Swartz,,Programming prodigy and information activist Aaron Swartz achieved groundbreaking work in social justice and political organizing. His passion for open access ensnared him in a legal nightmare that ended with the taking of his own life at the age of 26.,/6yfXtkVPWxeU3OonoKDem4Hrdbb.jpg,/o85Xk5nCcx4NWlYKLm9ebrQaqMI.jpg,2014-06-27,7.9,457,"['Documentary', 'Crime']",0,48911,105,excellent
801058,tt14152756,Seaspiracy,,"Passionate about ocean life, a filmmaker sets out to document the harm that humans do to marine species — and uncovers an alarming global conspiracy.",/iFNri0fwn1WfCoxf3H3v1z8dCm4.jpg,/AcvxSLa140z7qgGQ8G2UjhcgVEY.jpg,2021-03-24,7.82,454,"['Documentary', 'Crime']",0,0,89,excellent
11194,tt0379557,Touching the Void,The closer you are to death. The more you realize you are alive.,"The true story of Joe Simpson and Simon Yates' disastrous and nearly-fatal mountain climb of 6,344m Siula Grande in the Cordillera Huayhuash in the Peruvian Andes in 1985.",/fsydA5H8FSDaYlYWddfMpMpDUX.jpg,/m0WQZszgmtb1dxH5AnXhOX5tM6J.jpg,2003-09-05,7.555,451,"['Documentary', 'Action', 'Adventure', 'Drama']",0,13885802,106,excellent
16237,tt0816671,Teen Titans: Trouble in Tokyo,The Titans go ninja on the notorious villain Brushogun in their awesome first feature-length movie.,"After a battle with a high-tech villain named, Saiko-Tek, the Teen Titans travel to the city of Tokyo where they find themselves embroiled in a conflict with an ancient enemy.",/4wMlDE1HzkVyYeDKuY1oDOWQlN2.jpg,/7hF5jaPkjteGXJboI75mjG68GSm.jpg,2006-09-15,7.866,449,"['Animation', 'Action', 'Science Fiction', 'TV Movie']",0,0,75,excellent
400608,tt5192124,Bo Burnham: Make Happy,Are you happy?,"Combining his trademark wit and self-deprecating humor with original music, Bo Burnham offers up his unique twist on life in this stand-up special about  life, death, sexuality, hypocrisy, mental illness and Pringles cans.",/qVThhskXZZHDfj4m8jOx2CxIVIW.jpg,/nicDo6SnBxK93ROGAhpKTOAhy2i.jpg,2016-06-03,7.998,428,"['Comedy', 'Music']",0,0,60,excellent
568332,tt9426852,Taylor Swift: Reputation Stadium Tour,"And in the death of her reputation, she felt truly alive.","Taylor Swift takes the stage in Dallas for the Reputation Stadium Tour and celebrates a monumental night of music, memories and visual magic.",/u6oXUTtOuJRPdUgUuPAVVJPSKCo.jpg,/4uMrZS7XEHRNKwHr5wSOxROanPF.jpg,2018-12-31,8.201,427,['Music'],0,0,125,excellent
664280,tt11989890,David Attenborough: A Life on Our Planet,,"The story of life on our planet by the man who has seen more of the natural world than any other. In more than 90 years, Attenborough has visited every continent on the globe, exploring the wild places of our planet and documenting the living world in all its variety and wonder. Addressing the biggest challenges facing life on our planet, the film offers a powerful message of hope for future generations.",/zSKwyUDKDHiFU5syTTvQRDcGBPS.jpg,/hHL4pwGzYS4njLpXhIjfc9skAQJ.jpg,2020-09-28,8.445,425,"['Documentary', 'Drama']",0,0,83,excellent
433471,tt6267732,Lou,,A Pixar short about a lost-and-found box and the unseen monster within.,/4l9wSwvabTefMJ3TkXnh9evzmVV.jpg,/f13RF99zjorGVJnSSsOqyj5dzYh.jpg,2017-06-16,7.5,423,"['Family', 'Fantasy', 'Animation', 'Comedy']",0,0,6,excellent
1139087,tt28035641,Once Upon a Studio,100 years of Disney magic comes together.,"Created for Disney's 100th anniversary, the short features Mickey Mouse corralling a gallery of legendary Disney characters for a group photo.",/aiy3G1cYWV3LgKZHY6a3jL8bjYL.jpg,/hUeSuUxNyQivx2wrRvGoyZiZDUu.jpg,2023-09-24,8.276,422,"['Animation', 'Family', 'Fantasy', 'Drama', 'Comedy']",0,0,9,excellent
774531,tt5177114,Young Woman and the Sea,Defy the odds.,"This is the extraordinary true story of Trudy Ederle, the first woman to successfully swim the English Channel. Through the steadfast support of her older sister and supportive trainers, she overcame adversity and the animosity of a patriarchal society to rise through the ranks of the Olympic swimming team and complete the 21-mile trek from France to England.",/bZlecCuBVvKuarNGvchBwaOsQ3c.jpg,/fpo2qM5b4gTF5EHuYGlxsDIlZOj.jpg,2024-05-31,7.864,419,"['History', 'Drama']",40000000,581725,129,excellent
354857,tt4920274,Regular Show: The Movie,Save the universe from yourselves or you're fired.,"After a high school lab experiment goes horribly wrong, Mordecai and Rigby must go back in time to battle an evil volleyball coach in order to save the universe — and their friendship.",/p44RoW4naoE1nlSGOqqT0J2pc09.jpg,/An1FS6Baec7uogTcQyEYqruYAtM.jpg,2015-09-01,7.9,418,"['Animation', 'Comedy', 'Science Fiction', 'Adventure']",3000000,0,69,excellent
843906,tt14903892,Straight Outta Nowhere: Scooby-Doo! Meets Courage the Cowardly Dog,Two hounds are better than one!,"With Mystery, Inc. on the tail of a strange object in Nowhere, Kansas, the strange hometown of Eustace, Muriel, and Courage, the gang soon find themselves contending with a giant cicada monster and her winged warriors.",/rlQJnQfPgaSGQtyMw35VOIqoIsj.jpg,/26LIw3oKGPUEGUpb8AXZ64dZZt8.jpg,2021-09-14,7.7,402,"['Animation', 'Mystery']",0,0,72,excellent
367412,tt2654430,Whiplash,Suffering is the soul of greatness.,"A ferocious, bullying music teacher teaches a dedicated student.",/dd0MyXqrgIi6s3CqFBMURXjUCEQ.jpg,/sO70LyX3CHDNimbUwdGqL6pjrD3.jpg,2013-01-18,7.808,401,"['Drama', 'Music']",0,0,18,excellent
72213,tt1630036,Courageous,Honor Begins at Home,"Law enforcement officers Adam Mitchell, Nathan Hayes, and their partners stand up to the worst the streets have to offer with confidence and focus. Yet at the end of the day, they face a challenge that none of them are truly prepared to tackle: fatherhood. They know that God desires to turn the hearts of fathers to their children, but their children are beginning to drift further and further away from them. When tragedy hits home, these men are left wrestling with their hopes, their fears, their faith, and their fathering. Can a newfound urgency help these dads draw closer to God... and to their children?",/hVRkbZRCoHtnfi0V9GFZ3uXjCNp.jpg,/mTufDWFNNtm4hJzRQi5cxsO5Ar4.jpg,2011-09-30,7.6,401,['Drama'],1000000,35690739,129,excellent
476968,tt7388562,"Paul, Apostle of Christ",Where sin abounds... grace abounds more,"Risking his life, Luke ventures to Rome to visit Paul -- the apostle who's bound in chains and held captive in Nero's darkest and bleakest prison cell. Haunted by the shadows of his past misdeeds, Paul wonders if he's been forgotten as he awaits his grisly execution. Before Paul's death, Luke resolves to write another book that details the birth of what will come to be known as the church.",/2NUXG94dGMKYgJL1BkJGKynMb3l.jpg,/3hbPF3QEDhWModXGtrXDmn9nLdz.jpg,2018-03-23,7.596,400,['Drama'],5000000,25915966,108,excellent
574074,tt9536832,Kitbull,,"An unlikely connection sparks between two creatures: a fiercely independent stray kitten and a pit bull. Together, they experience friendship for the first time.",/mwKO3cZbxipgd9QAPboJVTDLPiN.jpg,/xtj3EhrFHMrZCLTWH6LarEXAG8r.jpg,2019-01-18,7.949,396,"['Animation', 'Family', 'Drama']",0,0,9,excellent
1297842,tt27613895,GOAT,You're never too small to dream big.,"A small goat with big dreams gets a once-in-a-lifetime shot to join the pros and play roarball, a high-intensity, co-ed, full-contact sport dominated by the fastest, fiercest animals in the world.",/wfuqMlaExcoYiUEvKfVpUTt1v4u.jpg,/tq3h43fZy0H80vzf47MAY7R9Mxo.jpg,2026-02-11,7.941,395,"['Animation', 'Comedy', 'Family']",90000000,185932659,100,excellent
831827,tt14927356,Far from the Tree,,"On an idyllic beach in the Pacific Northwest, curiosity gets the better of a young raccoon whose frustrated parent attempts to keep them both safe.",/b3NhrYsr1X5r7zgjJDRMNOqXZS9.jpg,/d3dkL8C7gfd8cv5xJLBJ3IG37nY.jpg,2021-11-24,8.075,388,"['Animation', 'Family']",0,0,7,excellent
391698,tt2531318,The Beatles: Eight Days a Week - The Touring Years,The band you know. The story you don't.,"The Beatles stormed through Europe's music scene in 1963, and, in 1964, they conquered America. Their groundbreaking world tours changed global youth culture forever and, arguably, invented mass entertainment as we know it today. All the while, the group were composing and recording a series of extraordinarily successful singles and albums. However the relentless pressure of such unprecedented fame, that in 1966 became uncontrollable turmoil, led to the decision to stop touring. In the ensuing years The Beatles were then free to focus on a series of albums that changed the face of recorded music.",/A6q7Jy4vXgXXoCoHX4lpCaKvcMV.jpg,/2qQ93RRTwNv7aTL9fafT3sPAVAy.jpg,2016-09-15,7.535,382,"['Documentary', 'Music']",5,12283800,106,excellent
829402,tt9471678,Ultraman: Rising,Big hero. Bigger responsibility.,"A star athlete reluctantly returns home to take over his father's duties as Ultraman, shielding Tokyo from giant monsters as he becomes a legendary hero.",/j886YEkIUsiImY53px5VHKD4lRa.jpg,/wdUnHg8bOmTkHzkvxSY9sCeqJ6q.jpg,2024-06-14,8.061,379,"['Animation', 'Science Fiction', 'Family', 'Action']",0,0,117,excellent
774372,tt13615386,"ariana grande: excuse me, i love you",,Ariana Grande takes the stage in London for her Sweetener World Tour and shares a behind-the-scenes look at her life in rehearsal and on the road.,/nm10ajNVkKwwyf8VFPkZnr93GbC.jpg,/pgsxHZO2Tf7nHpRnBoQZitAPguA.jpg,2020-12-21,8.0,373,"['Music', 'Documentary']",0,0,97,excellent
974036,tt4996328,Ordinary Angels,Find your purpose. Make a difference.,Inspired by the incredible true story of a hairdresser who single-handedly rallies an entire community to help a widowed father save the life of his critically ill young daughter.,/wdi9kEU4W2UeBTtdqOPZISGMtDR.jpg,/rBo0yYQTruIYEuXdyCAyVVlNb2H.jpg,2024-02-22,7.685,372,['Drama'],13000000,20571534,118,excellent
624932,tt10810424,Dave Chappelle: Sticks & Stones,,"Dave Chappelle takes on gun culture, the opioid crisis and the tidal wave of celebrity scandals in this defiant stand-up special.",/hsyPTPoFDhUw5aGcj7dxAx3i1Qp.jpg,/qs4YtPoCTLiv9V2w8oaAOAliF6W.jpg,2019-08-26,7.587,369,['Comedy'],0,0,65,excellent
489412,tt2396224,It's Such a Beautiful Day,,Bill struggles to put together his shattered psyche.,/hop0dsM4nxyNENGhBhpJWTCJ5rS.jpg,/rA9QYI7yTV2F2AvaqBcq1vL3MOr.jpg,2012-08-24,7.9,366,"['Animation', 'Comedy']",0,0,62,excellent
250766,tt2382298,Life Itself,The only thing Roger loved more than movies.,"The surprising and entertaining life of renowned film critic and social commentator Roger Ebert (1942-2013): his early days as a freewheeling bachelor and Pulitzer Prize winner, his famously contentious partnership with Gene Siskel, his life-altering marriage, and his brave and transcendent battle with cancer.",/nK4cYTEO2eHLMgMII0Ux0kBOGhG.jpg,/hfBVcLWjvL9ZCEPDLcbGYsBvor1.jpg,2014-07-04,7.515,366,['Documentary'],0,0,121,excellent
10946,tt0393597,Earth,The remarkable story of three families.,"An epic story of adventure, starring some of the most magnificent and courageous creatures alive, awaits you in EARTH. Disneynature brings you a remarkable story of three animal families on a journey across our planet – polar bears, elephants and humpback whales.",/xybnXW6E28W9agiwUeGLbTYS454.jpg,/4ADZ2iiATjoKxZwjJRiEo1x6Fk0.jpg,2007-10-10,7.6,365,['Documentary'],15000000,109000000,90,excellent
392011,tt4420704,Kedi,"A cat meowing at your feet, looking up at you, is life smiling at you...","A profile of Istanbul and its unique people, seen through the eyes of the most mysterious and beloved animal humans have ever known, the Cat.",/o7SB4YELcuVGUMIXeunWZ8rbx4h.jpg,/x4yZrzpiVhdWV6Q5KURqiezChbV.jpg,2017-01-08,7.503,361,['Documentary'],0,5037923,79,excellent
303867,tt4171032,World of Tomorrow,,A little girl is taken on a mind-bending tour of her distant future.,/5s7DSOek7Bk2CvcG1zX01bJzJ0x.jpg,/uyvKj5YrunaVbl2Z9kNBA9wIi8D.jpg,2015-01-22,7.818,359,"['Animation', 'Drama', 'Science Fiction']",0,0,17,excellent
13830,tt0281190,Shottas,"Friendship, loyalty & greed.","A raw urban drama about two friends raised on the dangerous streets of Kingston, Jamaica. Biggs and Wayne take on the ""Shotta"" way of life to survive. As young boys, they begin a life of crime, eventually moving to the US where they begin a ruthless climb from the bottom. They remain bound to each other by their shottas loyalty as they aggressively take control of the Jamaican underworld.",/oYvCxiIu29EyferL3nX5kNRVTTY.jpg,/yYSaRwOQsX033pxCCjgw04FP1YY.jpg,2002-02-27,7.6,357,"['Action', 'Adventure', 'Crime', 'Drama']",200000,0,95,excellent
730840,tt12851396,Trollhunters: Rise of the Titans,They will rise.,"The Guardians of Arcadia reunite to battle the nefarious Arcane Order, who've reawakened the primordial Titans.",/zvUNFeTz0Sssb210wSiIiHRjA4W.jpg,/d1i6oB5xdo2a7sOmjprCcElqlrD.jpg,2021-07-21,7.5,354,"['Animation', 'Fantasy', 'Family', 'Action', 'Adventure']",0,0,106,excellent
770156,tt11916254,Lucy Shimmers and the Prince of Peace,,Second chances start when a hardened criminal crosses paths with a precocious little girl who is helped by an angel to change hearts during the holiday season.,/yfnJ5qIYx7q33fY4jqv9Pu95RSg.jpg,/7jS69IM8bK7ooOWGFmM9G6JcenO.jpg,2020-10-19,8.4,353,"['Drama', 'Family']",0,0,87,excellent
526702,tt8484160,Black Beauty,Find your way home.,"Born free in the American West, Black Beauty is a horse rounded up and brought to Birtwick Stables, where she meets spirited teenager Jo Green. The two forge a bond that carries Beauty through the different chapters, challenges and adventures.",/5ZjMNJJabwBEnGVQoR2yoMEL9um.jpg,/6wiz1IqKpmMteGIX77hUFvjsd5L.jpg,2020-11-27,7.993,352,['Drama'],0,0,110,excellent
479626,tt7357302,Avicii: True Stories,,"Documentary about the arena-packing Swedish DJ, chronicling his explosive rise to fame and surprising decision to retire from live performances in 2016.",/obVlatSLP94kmml5UaCjLsdWPWG.jpg,/eiBXqcjxrw9osXatNfqTGmibhTC.jpg,2017-10-26,8.0,351,"['Music', 'Documentary']",0,0,97,excellent
779047,tt14062858,Us Again,,"In a vibrant city pulsating with rhythm and movement, an elderly man and his young-at-heart wife rekindle their youthful passion for life and each other on one magical night.",/zKnenwvQB6xA4mxc8zxL2S8qVbR.jpg,/9B4hHMsnjxo8NnTcKIfg3cjJzMi.jpg,2021-03-03,7.818,346,"['Animation', 'Drama', 'Family', 'Romance']",0,0,7,excellent
489471,tt7286916,The Dawn Wall,,"The definitive film on the climb that captured headlines and ignited imaginations worldwide. Tommy Caldwell and Kevin Jorgeson ascend the hardest big wall of all time: a 19 day ascent of The Dawn Wall, on the 3,000 foot vertical face of El Capitan, in Yosemite National Park. The film travels deeper than the climb, digging into the history of the climbers and painting an intimate portrait of Caldwell's harrowing life experiences that culminated in a single-minded drive to complete this impossible climb. The Dawn Wall is a heart-warming and inspiring movie that celebrates perseverance, camaraderie, and the universal spirit of dreaming big, and never giving up.",/bZQCNGb1II5eWASBhEgJBGxOPUM.jpg,/ipXrm6SEjfNkD8FKfj9VLUE9fUU.jpg,2017-11-01,8.041,345,"['Documentary', 'Adventure']",0,0,101,excellent
593691,tt10147546,HOMECOMING: A film by Beyoncé,,"This intimate, in-depth look at Beyoncé's celebrated 2018 Coachella performance reveals the emotional road from creative concept to cultural movement.",/nKdP4K3Bj3qnjtDCq9lTg7UOHVy.jpg,/5VUpSn9bBOFkSXKcUFJHQW9AY6e.jpg,2019-04-16,8.077,344,"['Documentary', 'Music']",0,0,137,excellent
886396,tt21197740,Batman and Superman: Battle of the Super Sons,The ultimate threat. The greatest battle. The perfect team.,"After discovering he has powers, 11-year-old Jonathan Kent and assassin-turned-Boy-Wonder Damian Wayne must join forces to rescue their fathers (Superman & Batman) and save the planet from the malevolent alien force known as Starro.",/mvffaexT5kA3chOnGxwBSlRoshh.jpg,/iQJ1gC2p6yn5wnBEklhPaEFJ3n1.jpg,2022-10-17,7.625,343,"['Animation', 'Action', 'Science Fiction']",0,0,80,excellent
878361,tt12226632,Big George Foreman,"When life gives you a second chance, don't do it for yourself. Do it for everyone you love.","Fueled by an impoverished childhood, George Foreman channeled his anger into becoming an Olympic Gold medalist and World Heavyweight Champion, followed by a near-death experience that took him from the boxing ring to the pulpit. But when he sees his community struggling spiritually and financially, Foreman returns to the ring and makes history by reclaiming his title, becoming the oldest and most improbable World Heavyweight Boxing Champion ever.",/fdVd6thTstt0MQ4dUC1IXiOXpxv.jpg,/xLsMxgMjko1rWbIUbvf6UBjToBE.jpg,2023-04-27,7.563,341,"['History', 'Drama']",32000000,3800000,129,excellent
347688,tt4717798,Scooby-Doo! and KISS: Rock and Roll Mystery,,"Get ready to Rock! Scooby-Doo and the Mystery Inc. Gang team up with the one and only KISS in this all-new, out-of-this-world adventure! We join the Gang at KISS World – the all-things-KISS theme park, as they investigate a series of strange hauntings. With help from KISS, they discover that the Crimson Witch has returned to summon The Destroyer from the alternate dimension of Kissteria! The evil duos ghastly plan, to destroy the earth! Can the Gang's cunning and KISS's power of rock save the day?!",/nTkQZPXZl9yx3tfPS9TSDZBdhHC.jpg,/asiuMK2TcJGhbcn2dvHF2nLqpqw.jpg,2015-07-09,8.0,338,"['Family', 'Animation', 'Comedy', 'Mystery']",0,0,79,excellent
30238,tt0358456,Earthlings,Make The Connection,"Using hidden cameras and never-before-seen footage, Earthlings chronicles the day-to-day practices of the largest industries in the world, all of which rely entirely on animals for profit.",/fcRUYYyDWLJPlX7D6RPtQwdU7G2.jpg,/nEo7B55t79RhcbOjLo6Zcbig4Ku.jpg,2005-09-24,8.097,335,['Documentary'],0,0,95,excellent
597316,tt10101702,My Little Pony: A New Generation,Get your sparkle on.,"Equestria's divided. But a bright-eyed hero believes Earth Ponies, Pegasi and Unicorns should be pals — and, hoof to heart, she’s determined to prove it.",/uvbj8puRj37Pc8FS4rIfVeReYFF.jpg,/ugukqzx4gSzBd1yzmbWEHLkpGaS.jpg,2021-09-22,7.7,331,"['Animation', 'Family', 'Fantasy', 'Comedy', 'Adventure']",0,4100000,90,excellent
45752,tt1731767,Scooby-Doo! Camp Scare,Back-to-nature chills and thrills!,"Scooby and the gang experience outdoor fun as they go back to Fred's old summer camp. As summer goes on, it becomes increasingly clear that the spooky camp stories told by the fireplace, are more real than they've though and soon, it's up to the gang to try and solve the mystery of camp scare.",/zurVOCpOLwLTBknYlgcXHWE0xvu.jpg,/9eUbBLai6gCViYh10G5mkAcxsrw.jpg,2010-09-14,7.8,331,"['Animation', 'Comedy', 'Family', 'Mystery']",0,0,72,excellent
654754,tt11459366,Billie Eilish: The World's a Little Blurry,,"This documentary offers a deeply intimate look at extraordinary teenager Billie Eilish. Award-winning filmmaker R.J. Cutler follows her journey on the road, onstage, and at home with her family as the writing and recording of her debut album changes her life.",/bDQ95W5LPHW9FHlPj3QX3jvM9Z7.jpg,/8ys6VgwZCIQ7nN4Nv4z7GPPuFMv.jpg,2021-02-26,8.24,329,"['Documentary', 'Music']",0,0,140,excellent
169607,tt2714900,Finding Vivian Maier,,"Vivian Maier's photos were seemingly destined for obscurity, lost among the clutter of the countless objects she'd collected throughout her life. Instead these images have shaken the world of street photography and irrevocably changed the life of the man who brought them to the public eye. This film brings to life the interesting turns and travails of the improbable saga of John Maloof's discovery of Vivian Maier, unravelling this mysterious tale through her documentary films, photographs, odd collections and personal accounts from the people that knew her. What started as a blog to show her work quickly became a viral sensation in the photography world. Photos destined for the trash heap now line gallery exhibitions, a forthcoming book and this documentary film.",/yaj9mpHNpns5j4ODP4352PgDWJM.jpg,/ajukqMGU1d5d1Csx0jUGPDsXpFC.jpg,2014-03-21,7.58,327,['Documentary'],0,1503616,83,excellent
1186532,tt26731216,The Forge,Whoever wants the next generation the most will get them.,"19 year old Isaiah Wright lives for basketball and video games. A year out of high school, he has no job, no plans, and no idea how to be a man. At odds with his single mother Cynthia, Isaiah is given an ultimatum – to step up or move out. Feeling the pull from his friends and the push from his mom, Isaiah is hired by Moore Fitness, unaware of how the owner will personally impact his life. With the prayers of his mother and unexpected guidance from his new mentor, Isaiah is forced to deal with his past, sacrifice his selfishness and discover how God might have a greater purpose for his life.",/oranxontIQRmhuyQlkoAwxpeBYz.jpg,/18X5mXS1SpQy5rygEcpbmzUdkVP.jpg,2024-08-22,8.2,326,"['Drama', 'Family']",5000000,40392664,123,excellent
355020,tt4908644,Winter on Fire: Ukraine's Fight for Freedom,The next generation of revolution.,"Over 93 days in Ukraine, what started as peaceful student demonstrations became a violent revolution and full-fledged civil rights movement.",/xGKMWhYsK3OxQ6ceqMnvXBfFd7G.jpg,/nhjWUf4wXsWZY9hKR1EoQOhjued.jpg,2015-09-03,7.9,316,['Documentary'],0,0,98,excellent
1181678,tt27391124,¿Quieres ser mi hijo?,,"Lu, a conformist woman in her forties, learns that her 15-year partner has been having extramarital affairs. Starting from scratch, she gets involved in an unexpected relationship with a young womanizer.",/9GuvODahvuFqdhuZ16aBLR4UJoP.jpg,/xyWKrni8WrYzqn7ztvI5nIY0h62.jpg,2023-09-21,8.527,312,"['Comedy', 'Romance']",0,0,100,excellent
282848,tt2986512,Doctor Who: The Time of the Doctor,A change is going to come...,"Orbiting a quiet backwater planet, the massed forces of the universe's deadliest species gather, drawn to a mysterious message that echoes out to the stars. And amongst them, the Doctor. Rescuing Clara from a family Christmas dinner, the Time Lord and his best friend must learn what this enigmatic signal means for his own fate and that of the universe.",/7blrzLLfj34vV45HYmPccvhNSRZ.jpg,/1a1ZpkbE5IkjWnALugYjiU2qij3.jpg,2013-12-25,8.058,309,"['Drama', 'Science Fiction', 'TV Movie']",0,0,60,excellent
406785,tt5807512,Inner Workings,,"This is the story of the internal struggle between a man's Brain—a pragmatic protector who calculates his every move, and his Heart—a free-spirited adventurer who wants to let loose.",/vUZqG2SvTkAlMVlzARXaMNCYMuk.jpg,/bAqEMKPKkYjH3JeW4jeda2AogpR.jpg,2016-11-23,7.828,306,"['Animation', 'Family', 'Comedy']",0,0,7,excellent
467062,tt7133092,Spielberg,Direct from the heart,"A documentary on the life and career of one of the most influential film directors of all time, Steven Spielberg.",/2AAvIR2PHoxNITgLDOkXXlWLlua.jpg,/fHM3ChEYaoAEcCCpRokQzN2DBYy.jpg,2017-10-05,7.559,305,['Documentary'],0,0,147,excellent
267480,tt3521134,The Look of Silence,,"An optician grapples with the Indonesian mass killings of 1965-1966, during which his older brother was exterminated.",/7TakQLT8gyzIMG8hX8RLTd5qROQ.jpg,/eozLsgdW5VyUEdPDuDaBD4VB86o.jpg,2014-11-13,7.8,305,"['History', 'Documentary']",0,332710,100,excellent
493099,tt7689964,RBG,Hero. Icon. Dissenter.,"Justice Ruth Bader Ginsburg now 84, and still inspired by the lawyers who defended free speech during the Red Scare, Ginsburg refuses to relinquish her passionate duty, steadily fighting for equal rights for all citizens under the law. Through intimate interviews and unprecedented access to Ginsburg’s life outside the court, RBG tells the electric story of Ginsburg’s consuming love affairs with both the Constitution and her beloved husband Marty—and of a life’s work that led her to become an icon of justice in the highest court in the land.",/vIenhDe9DuvxODJOIpMjBheYlcS.jpg,/prShXu2j9SWAbeatf1A9AobqE5O.jpg,2018-05-04,7.5,304,['Documentary'],0,2002767,98,excellent
576017,tt9617456,For Sama,An intimate and epic journey into the female experience of war.,"A love letter from a young mother to her daughter, the film tells the story of Waad al-Kateab’s life through five years of the uprising in Aleppo, Syria as she falls in love, gets married and gives birth to Sama, all while cataclysmic conflict rises around her.  Her camera captures incredible stories of loss, laughter and survival as Waad wrestles with an impossible choice– whether or not to flee the city to protect her daughter’s life, when leaving means abandoning the struggle for freedom for which she has already sacrificed so much.",/mDna51F8QfrJFZOgPGQUz3VKqsB.jpg,/hiqB5fFZ230MeFAGLPahoy06UOE.jpg,2019-07-26,8.2,303,"['Documentary', 'War']",0,0,100,excellent
527776,tt8186318,Overcomer,What do you allow to define you?,"After reluctantly agreeing to coach cross-country, high school basketball Coach John Harrison helps the least likely runner attempt the impossible in the biggest race of the year.",/rVR3uN1yPRqYBBtNFSrEKCpRhaK.jpg,/704pWRU1CihHgIIKRSAZD7juXQy.jpg,2019-08-22,7.7,302,['Drama'],5000000,38026103,119,excellent
759054,tt11242162,Rise,A king will come from across the sea.,"After emigrating to Greece from Nigeria, Vera and Charles Antetokounmpo struggled to survive and provide for their five children, while living under the daily threat of deportation. Desperate to obtain Greek citizenship but undermined by a system that blocked them at every turn, the family's vision, determination and faith lifted them out of obscurity to launch the careers of three NBA champions.",/slkVQhehnP3h40y7mfbYDfv8sWB.jpg,/uKL39lSf3rQbcMG8XbByoHBwGId.jpg,2022-06-23,7.566,301,['Drama'],0,0,113,excellent
63193,tt1292594,Front of the Class,"24 schools turned him down, 1 gave him a chance… The unforgettable story of a teacher determined to make a difference.",A boy with Tourette's syndrome overcomes criticism and discrimination to achieve his dream of becoming a teacher.,/w7UolFxzPi7ZA7LkglRotQ84g1g.jpg,/yGmSkfaYDp1JzrtXRcPq0Qcy6DL.jpg,2008-12-07,7.935,301,['Drama'],0,0,95,excellent
45523,tt1421373,Louis C.K.: Hilarious,,"In this unique and dynamic live concert experience, Louis C.K.'s exploration of life after 40 destroys politically correct images of modern life with thoughts we have all had...but would rarely admit to.",/8mJMrrT4tkfZLMFvKQ0Hq6jlXbp.jpg,/pm5YOQhaNaJILOLfcEVxRBNxGVX.jpg,2010-01-26,7.822,301,"['Comedy', 'TV Movie']",0,0,84,excellent
